number,id,canonicalId,name,version,type,printed_text,definition,test,unit_review,browser_review,notes
1,CJC,ci_CJC,Fru Fru,VIP Guest,character,"""""",src/cards/014/characters/001-fru-fru-vip-guest.ts,src/cards/014/characters/vanilla-model-properties.test.ts,reviewed; six shared behavior cases pass,not required; no printed abilities; basics excluded by revised scope,Preview cost1 strength1 willpower3 lore1 and no ability; paid1 leaves0of1 ink without trigger; Fresh Ink disables Quest and Challenge with correct reasons; dry copy quests1; second dry copy challenges opposing Fru Fru with1 damage each way and both survive marked damage; exact named quest and damage logs; hand copy Play disabled Needs1ink0available while Ink enabled; inking adds one ready ink without trigger; natural turn cycle dries paid copy which quests1 for total2 lore with2of2 ink unchanged; proofs hyperia-fru-fru-paid-fresh.png and hyperia-fru-fru-quest-challenge.png and hyperia-fru-fru-insufficient-ink.png and hyperia-fru-fru-next-turn-quest.png; simulator types0errors1existingwarning Scope review 2026-10-05: no printed abilities; no ability-flow validation required. Previous browser status: verified; vanilla actions and logs. Historical basic-action evidence retained; any pending basic-action checks are outside scope.
2,Qe1,ci_Qe1,Abuelita,Loving Grandmother,character,"""""",src/cards/014/characters/002-abuelita-loving-grandmother.ts,src/cards/014/characters/vanilla-model-properties.test.ts,reviewed; six shared behavior cases pass,not required; no printed abilities; basics excluded by revised scope,Printed preview cost3 strength3 willpower3 lore2 with no ability; paid3 entry leaves0of3 ink and no prompt; Fresh Ink disables Quest and Challenge with visible reasons; dry copy quests2; second dry copy challenges opposing Abuelita for3 damage each way and both banish with named exact damage log; remaining hand copy Play disabled Needs3ink0available while Ink enabled; ink adds one ready ink without trigger; natural turn cycle dries paid copy which quests2 for total4 lore with bank4of4 unchanged; proofs hyperia-abuelita-paid-fresh.png and hyperia-abuelita-quest-challenge.png and hyperia-abuelita-insufficient-ink.png and hyperia-abuelita-next-turn-quest.png; latest Hyperia suite2312tests15030assertions passes; simulator types0errors1existingwarning Scope review 2026-10-05: no printed abilities; no ability-flow validation required. Previous browser status: verified; vanilla actions and logs. Historical basic-action evidence retained; any pending basic-action checks are outside scope.
3,kSA,ci_kSA,Max Goof,Music Lover,character,"[{""title"": ""Singer 5""}, {""title"": ""Best Night Ever"", ""description"": ""While you have another character with Singer in play, this character gets +1 {L}.""}]",src/cards/014/characters/003-max-goof-music-lover.ts,src/cards/014/characters/003-max-goof-music-lover.test.ts,18 tests / 80 assertions pass; text-box ability review complete,verified Singer limits and live lore ability in both player views,"Cost1through5 song rewards resolve without ink payment; cost6 rejected without exertion or zone changes; own Singer conditions and PlayerTwo quest bonus covered in tests; browser Max quests2 with own Gazelle then Fan the Flames readies him and prevents quest this turn; Max sings cost5 Let It Go with1 available ink unchanged; own Gazelle enters inkwell exerted and live lore falls2to1 despite opposing Gazelle; natural turn cycle removes quest restriction and Max quests1 for total3 lore with3of3 bank unchanged; named quest singer target and ink movement logs; proofs hyperia-max-music-singer-bonus-ended.png and hyperia-max-music-next-turn-quest.png; remaining browser cost6 and PlayerTwo boundaries pending Completion review 2026-10-06: older notes still list printed-ability browser boundaries as pending. Primary-flow proof remains valid, but the status did not expose these boundaries. Reopened for evidence reconciliation; validate any boundary not already proved. Basic actions and generic payment rejection are excluded as separate requirements. See hyperia-completion-reconciliation.md. Evidence reconciliation complete: five additional public-action tests verify independent Player Two Max copies, exerted/drying Singer eligibility, own hand/discard and opposing Singer exclusion, cost6 rejection despite6ink and cost5 singing without bank payment. Player Two browser Higitus Figitus Sing disabled with No ready singer cost6 while Play6 enabled and bank6of6. Two owned Max copies each show Singer5 and lore2; first quests2. Other Max sings LetItGo for0ink and both remain lore2 while exerted. One own Max enters inkwell exerted; survivor immediately lore1 despite opposing Gazelle and own Singer card now in ink. Bank6of7 preserves all six ready ink. Natural next own turn survivor quests1 for total3, opposing lore0. Both logs name singing, exact two/one quest rewards, inkwell destination and ownership; opponent log hides drawn FruFru name. Existing Player One cost1through5, bonus loss and next-turn proofs retained. Proof /tmp/hyperia-max-p2-cost-six-blocked.png; /tmp/hyperia-max-p2-bonus-ended.png; /tmp/hyperia-max-p2-owner-log.png; /tmp/hyperia-max-p2-public-log.png. No engine or definition repair needed. Full Hyperia2855 tests/20762 assertions; card types pass; simulator types0errors/1existingwarning. Remaining normal paid entry and basic actions excluded as separate requirements."
4,eeA,ci_eeA,Gazelle,Pop Diva,character,"""Singer 4""",src/cards/014/characters/004-gazelle-pop-diva.ts,src/cards/014/characters/004-gazelle-pop-diva.test.ts,10 tests / 75 assertions pass; text-box ability review complete,"verified Singer 4 payment, owner, drying and exertion boundaries in both player views","Tests resolve costs1through4 rewards without ink payment; cost5 rejection preserves ready singer song hand ink and lore; drying and exerted negative cases; PlayerTwo natural turn singing reward and payment ownership; browser ready Gazelle sings cost4 HakunaMatata with0ink; own Gazelle2damage and FruFru1damage heal fully while opposing Gazelle retains2damage; singer exerted song discard no pending choice and named exact healing log; cost5 LetItGo Sing disabled No ready singer cost5; proofs hyperia-gazelle-cost-five-blocked.png and hyperia-gazelle-singer-four-healing.png; browser drying exerted PlayerTwo and paid-entry boundaries pending; card types pass simulator types0errors1existingwarning Completion review 2026-10-06: older notes still list printed-ability browser boundaries as pending. Primary-flow proof remains valid, but the status did not expose these boundaries. Reopened for evidence reconciliation; validate any boundary not already proved. Basic actions and generic payment rejection are excluded as separate requirements. See hyperia-completion-reconciliation.md. Evidence reconciliation complete: added Player Two fresh-entry rejection and next-own-turn singing, exact independent copy use, opposing/exerted Singer rejection with atomic preservation. Browser Player Two normal entry2 is setup only and leaves bank0of2; cost5 LetItGo Sing disabled with No ready singer cost5. Cost4 HakunaMatata Sing enabled, picker exactly one own dry damaged Gazelle, excluding fresh owned Gazelle, opposing Gazelle and low-cost FruFru. Singing exerts only older Gazelle, spends no bank ink, heals own Gazelle2 and FruFru1, leaves opposing Gazelle2damage. Remaining cost4 song Sing disabled while older copy exerted and newer copy FreshInk. Natural next own turn clears FreshInk; older copy quests as setup, leaving exactly newer copy available to sing. Second song resolves with bank2of2 unchanged, two discarded song copies and no false healing outcome. Both public logs show named singers and exact2/1 damage removal; private FruFru draw visible only to owner. Proof /tmp/hyperia-gazelle-p2-cost-five-blocked.png; /tmp/hyperia-gazelle-p2-drying-singer-filter.png; /tmp/hyperia-gazelle-p2-drying-exerted-blocked.png; /tmp/hyperia-gazelle-p2-next-turn-singer.png; /tmp/hyperia-gazelle-p2-owner-log-start.png; /tmp/hyperia-gazelle-p2-owner-log.png; /tmp/hyperia-gazelle-p2-public-log-start.png; /tmp/hyperia-gazelle-p2-public-log.png. Existing cost1through4 tests and Player One browser proofs retained. Normal paid entry and basic actions excluded as separate requirements. No engine or definition repair needed. Full Hyperia2857 tests/20795 assertions; card types pass; simulator types0errors/1existingwarning."
5,C4O,ci_C4O,Pete,Suave Showoff,character,"""Bodyguard""",src/cards/014/characters/005-pete-suave-showoff.ts,src/cards/014/characters/005-pete-suave-showoff.test.ts,reviewed;8tests70assertionspass,verified;Bodyguardentrytargetingrelease;multipleexertedguards;naturalownerreadyandreexert;bothplayerlogs,"Public tests check paid ready or exerted entry with empty bag and pending effects; ready Bodyguard permits ally challenge; illegal protected target preserves ready attacker and undamaged defenders; legal combat exact5and1 damage; exerted Bodyguard banishment releases ally while ready Pete remains unharmed; browser pays4 each for ready and exerted Pete with FreshInk then passes naturally; protected FruFru click does not execute challenge; two Koslov challenges deal4and1 each and banish exerted Pete; third challenges and banishes FruFru despite ready Pete; exact named combat and banishment logs; proofs hyperia-pete-ready-exerted-entry.png and hyperia-pete-bodyguard-combat-release.png; multiple exerted Bodyguards and ownerTurn expiry boundaries remain pending Completion review 2026-10-06: older notes still list printed-ability browser boundaries as pending. Primary-flow proof remains valid, but the status did not expose these boundaries. Reopened for evidence reconciliation; validate any boundary not already proved. Basic actions and generic payment rejection are excluded as separate requirements. See hyperia-completion-reconciliation.md. Closed 2026-10-06: two added public-action tests verify Player Two exact independent guard copies, sequential banishment release, natural owner-turn ready removing protection without removing Bodyguard, and re-exertion restoring protection. Browser set14-audit-pete-multiple-guards confirms two exerted guards block ally selection atomically; both naturally ready with badges and damage retained and allow an ally challenge; both re-exert and protect again; one surviving exerted guard still blocks after the first is banished; the last guard banishment releases the remaining ally. Both player logs show exact named 4/1 damage and banishment outcomes, correct ownership and private draw isolation. Proofs hyperia-pete-two-guards-blocked.png, hyperia-pete-ready-guards-allow-ally.png, hyperia-pete-one-guard-still-blocks.png, hyperia-pete-all-guards-gone-ally-released.png, hyperia-pete-player-one-log.png and hyperia-pete-player-two-log.png. The older pending note above is closed; normal basic actions are setup only. No engine repair needed."
6,gjQ,ci_gjQ,Miriam Mendelsohn,Front-Row Fan,character,"""Support""",src/cards/014/characters/006-miriam-mendelsohn-front-row-fan.ts,src/cards/014/characters/006-miriam-mendelsohn-front-row-fan.test.ts,reviewed;9tests93assertionspass,verified;Supportacceptdeclineandturnend;PlayerTwoselfexclusionopposingtarget;exactcopiesmodifiedsourcestrength;bothlogs,"Tests check quest lore and exertion on decline; self-target rejection preserves pending bag; own and opposing target strength gain; PlayerTwo quest reward and target ownership; expiry checked at opponent turn start with live decks; browser first Miriam quests1 and supports own Koslov4to5; second quests1 then Skip declines Support with Koslov5unchanged; no pending effect after resolution; passing restores Koslov4 before opponent action; named quest accepted source and target and decline logs; proofs hyperia-miriam-support-accept-decline.png and hyperia-miriam-support-expired.png; browser self-target opposing-target PlayerTwo and modified source strength boundaries pending Completion review 2026-10-06: older notes still list printed-ability browser boundaries as pending. Primary-flow proof remains valid, but the status did not expose these boundaries. Reopened for evidence reconciliation; validate any boundary not already proved. Basic actions and generic payment rejection are excluded as separate requirements. See hyperia-completion-reconciliation.md. Closed 2026-10-06: four new public-action cases prove current strength at resolution after positive or zero-strength changes in the bag, wrong-player and self-target atomic rejection, exact duplicate transfer and stacked target bonuses, turn-end reset and no-other-character completion. Browser set14-audit-miriam-player-two verifies six legal targets from seven play cards, each source excluded while the other three Miriam copies remain legal, exact rendered instance IDs for the copy chain, opposing Koslov4to5, third Miriam1to2 then fourth1to3, fourth Support raising own Koslov4to7, exact7and1 challenge damage with Pete banishment, and all bonuses ending at pass while damage remains. Both logs show named Support source/target and matching combat with correct viewer ownership. Proofs hyperia-miriam-p2-other-character-picker.png, hyperia-miriam-p2-source-strength-chain.png, hyperia-miriam-p2-seven-strength.png, hyperia-miriam-p2-seven-damage.png, hyperia-miriam-p2-support-expired.png, hyperia-miriam-p2-owner-log.png and hyperia-miriam-p2-public-log.png. Earlier accept/decline evidence retained. The older pending note above is closed. No engine repair needed."
7,5Wa,ci_5Wa,Priya Mangal,Immovable Fan,character,"[{""title"": ""BACK OFF!"", ""description"": ""When you play this character, you may give chosen character -2 {S} until the start of your next turn.""}]",src/cards/014/characters/007-priya-mangal-immovable-fan.ts,src/cards/014/characters/007-priya-mangal-immovable-fan.test.ts,reviewed;7tests76assertionspass,verified;acceptdeclineowner-next-turnexpiry;PlayerTwocombinedcopies;selftarget;bothlogs,"Tests own and opposing target reductions decline cleanup and both-controller duration with live decks; browser paid2 first Priya reduces opposing Koslov4to2; paid2 second Priya Skip leaves2 unchanged and clears prompt; named BACKOFF source target and decline logs; opponent turn target preview strength2 with active Strength-2 from Priya duration; natural next owner turn target strength4 and active effect removed; proofs hyperia-priya-accept-decline.png and hyperia-priya-opponent-turn-duration.png and hyperia-priya-owner-next-turn-expired.png; browser PlayerTwo source and stacked accepted effects pending Completion review 2026-10-06: older notes still list printed-ability browser boundaries as pending. Primary-flow proof remains valid, but the status did not expose these boundaries. Reopened for evidence reconciliation; validate any boundary not already proved. Basic actions and generic payment rejection are excluded as separate requirements. See hyperia-completion-reconciliation.md. Closed 2026-10-06: two new public-action tests prove exact Player Two copies combine to -4 strength, wrong-player resolution is rejected, fixed-duration reductions remain after one source returns to hand, expiry belongs to Player Two, hidden/item/opposing Ward targets are rejected with legal retry, and own Ward/self are allowed. Browser set14-audit-priya-player-two plays both accepted copies on opposing Koslov4to2to0, shows two separate Strength-2 sources and their duration, then third exact Priya self-targets1to-1 without changing other copies. During Player One turn Koslov deals no damage to Pete and takes exactly1 damage; neither reduction expires early. Natural next Player Two start restores Koslov4, self Priya1 and all modifiers disappear while Koslov damage remains. Both logs show named BACKOFF source/target and -2 outcomes; combat logs show only actual1 retaliation without fabricated zero damage and hide private draws from the opponent. Proofs hyperia-priya-p2-two-reductions.png, hyperia-priya-p2-self-target.png, hyperia-priya-p2-zero-damage-opponent-turn.png, hyperia-priya-p2-owner-start-expired.png, hyperia-priya-p2-owner-log-start.png, hyperia-priya-p2-owner-log.png, hyperia-priya-p2-public-log-start.png and hyperia-priya-p2-public-log.png. Earlier decline evidence retained. The older pending note above is closed. No engine repair needed."
8,cuZ,ci_cuZ,Yax,Concert Goer,character,"""""",src/cards/014/characters/008-yax-concert-goer.ts,src/cards/014/characters/vanilla-model-properties.test.ts,reviewed; six shared behavior cases pass,not required; no printed abilities; basics excluded by revised scope,Preview cost7 strength7 willpower9 lore2 no ability; paid7 leaves0of7 bank without prompt; FreshInk disables Quest and Challenge; dry copy quests2; second dry copy challenges opposing Yax7damage each both survive; exact named combat log; hand Play disabled Needs7ink0available while Ink enabled; inking adds ready ink1of8 without trigger; natural turn cycle paid third copy dries and quests2 for total4 lore with8of8 unchanged; proofs hyperia-yax-paid-fresh.png and hyperia-yax-insufficient-ink-combat.png and hyperia-yax-next-turn-quest.png; shared vanilla108tests612assertions pass; simulator types0errors1existingwarning Scope review 2026-10-05: no printed abilities; no ability-flow validation required. Previous browser status: verified; vanilla actions and logs. Historical basic-action evidence retained; any pending basic-action checks are outside scope.
9,SRT,ci_SRT,Judy Hopps,Helpful Officer,character,"[{""title"": ""TO THE RESCUE"", ""description"": ""When you play this character, remove up to 2 damage from chosen character.""}]",src/cards/014/characters/009-judy-hopps-helpful-officer.ts,src/cards/014/characters/009-judy-hopps-helpful-officer.test.ts,reviewed;9tests69assertionspass,verified;zeroonetwohealingcappedamount;PlayerTwoexactcopies;undamagedchosenzerocompletion;bothlogs,"Shared healing outcome fixed; max two changes opposing Archimedes damage three to one. Evidence judy-healing-log-fixed.png; judy-healing-opponent-log-fixed.png. New tests verify zero-to-two resolution cleanup and PlayerTwo opposing healing; browser zero on opposing Yax preserves3damage and clears effect with named resolution log; second Judy target own Yax1damage caps default2to1 and heals only1 with exact damage log; opposing Yax remains3; paid entries consume2total ink no bag remains; proof hyperia-judy-zero-and-one-healing.png; browser PlayerTwo source and undamaged-only board pending Completion review 2026-10-06: older notes still list printed-ability browser boundaries as pending. Primary-flow proof remains valid, but the status did not expose these boundaries. Reopened for evidence reconciliation; validate any boundary not already proved. Basic actions and generic payment rejection are excluded as separate requirements. See hyperia-completion-reconciliation.md. Closed 2026-10-06: fixed the old undamaged-only test, which checked an empty pending-effect list while leaving one bag trigger unresolved. It now chooses undamaged Judy with zero removal and asserts both queues clear. Two new public-action tests verify exact Player Two copies heal opposing2 and own1 without changing the other target, third undamaged-only self choice finishes cleanly, wrong-player resolution is rejected, and opposing Ward rejection permits legal own-Ward retry. Browser set14-audit-judy-player-two confirms Player Two opposing Koslov2to0, own Pete1to0 despite selected maximum2, then all-undamaged board still permits choosing the exact third Judy with amount0 and clears the trigger. Three copies remain in play, zero bank ink and no pending guidance. Both logs show named source/target, exactly2 and1 actual damage removed, and only the zero resolution with no fabricated healing. Other hands remain face down. Proofs hyperia-judy-ho-p2-opposing-two-healed.png, hyperia-judy-ho-p2-own-one-healed.png, hyperia-judy-ho-p2-undamaged-complete.png, hyperia-judy-ho-p2-owner-log.png and hyperia-judy-ho-p2-public-log.png. Earlier zero-to-two and opposing3to1 proofs retained. The older pending note above is closed. No engine repair needed."
10,Xnj,ci_Xnj,Miguel Rivera,Promising Musician,character,"[{""title"": ""Crowd Pleaser"", ""description"": ""Whenever this character sings a song, gain 1 lore.""}]",src/cards/014/characters/010-miguel-rivera-promising-musician.ts,src/cards/014/characters/010-miguel-rivera-promising-musician.test.ts,reviewed;6tests49assertionspass,verified;solo paid other repeated SingTogether and PlayerTwo ownership logs,"Added solo/repeated and ink-paid negative tests. Fixed simulator alternate-play move IDs that interrupted song resolution. New PlayerTwo unit test resolves rewarding song2lore plus CrowdPleaser1 exactly once while opposing Miguel gives0; singer exerted song discard ink unchanged no pending bag; browser paid OneJumpAhead0lore with Miguel ready; Koslov sings0lore; Miguel sings1lore with named CrowdPleaser log and opposing Miguel0; natural next turn Miguel sings again total2lore bank5of6 unchanged available ink; each song puts facedown exerted top card into bank and logs correctly; proofs hyperia-miguel-paid-other-self-singing.png and hyperia-miguel-repeated-singing.png; browser SingTogether and PlayerTwo source pending Completion review 2026-10-06: older notes still list printed-ability browser boundaries as pending. Primary-flow proof remains valid, but the status did not expose these boundaries. Reopened for evidence reconciliation; validate any boundary not already proved. Basic actions and generic payment rejection are excluded as separate requirements. See hyperia-completion-reconciliation.md. Closed 2026-10-06: exact Player Two participating copies generate two independent Crowd Pleaser triggers, both fully drain for2 lore; other singers and nonparticipating own/opposing copies give0. Same-turn effect-based ready and repeated solo singing add1; exerted singer retry is rejected without consuming song. Browser set14-audit-miguel-player-two verifies two Koslov singers give0, two Miguel cost6 keep Sing Together8 confirmation disabled, adding Koslov reaches10 and gives two named1-lore rewards with one Koslov ready. Later solo One Jump Ahead adds1 for3 total and facedown exerted ink0of1; opposing Miguel stays0. Both log views name songs, singers and rewards, with private draws hidden from opponent. No pending trigger or runtime repair. Proofs /tmp/hyperia-miguel-p2-{backup-singers,no-trigger,six-cost-insufficient,group-singers,two-triggers-complete,solo-repeat-complete,owner-log-start,owner-log,public-log-start,public-log}.png; focused6/49, card types pass, simulator0errors/1existingwarning. Historical pending notes above are now closed."
11,gFZ,ci_gFZ,Nick Wilde,Inquisitive Harbormaster,character,"[{""title"": ""Shift 4 {I}""}, {""title"": ""RESTRICTED ROUTE"", ""description"": ""Whenever this character quests, you may give chosen character Adventurous until the start of your next turn. (They can't challenge and must quest if able.)""}]",src/cards/014/characters/011-nick-wilde-inquisitive-harbormaster.ts,src/cards/014/characters/011-nick-wilde-inquisitive-harbormaster.test.ts,reviewed;11tests107assertionspass,verified;Shift dry fresh exerted;PlayerTwo Adventurous self opposing decline and expiry logs,"Removed obsolete expiry-gap claim; public actions prove mandatory quest and both restrictions expire. Expanded Shift tests preserve2damage dry immediatequest3 and exerted or drying state; wrongname rejected with4ink unchanged and both zones intact; browser normal6payment unavailable at4ink but Shift4 enabled on dry damaged Nick; paidShift preserves2damage and one undercard; immediatequest3 triggers optional RestrictedRoute targeting opposingKoslov; opponent view Adventurous badge and active cantchallenge mustquest duration labels; Challenge disabled with proper restriction and PassTurn absent until Koslovquest2; PassTurn restored afterquest; nextNickturn clears badge and both active effects; proofs hyperia-nick-adventurous-required-quest.png and hyperia-nick-adventurous-expired.png; browser decline PlayerTwo source normal6 entry and exerted-dryingShift pending Completion review 2026-10-06: older notes still list printed-ability browser boundaries as pending. Primary-flow proof remains valid, but the status did not expose these boundaries. Reopened for evidence reconciliation; validate any boundary not already proved. Basic actions and generic payment rejection are excluded as separate requirements. See hyperia-completion-reconciliation.md. Closed 2026-10-06: Player Two exact copies independently accept opposing character and decline; wrong-owner resolution rejected. Hidden/item/opposing Ward choices rejected without consuming trigger; own Ward and self accepted. Duration persists after source returns to hand and expires only at next source-controller start. Fresh/exerted chosen characters cannot quest and do not block pass. Corrected old browser fixture lethal Providing Backup2damage to surviving1damage and retested dry Shift4, exact undercard, retained1 damage, immediate quest3 and decline. New browser set14-audit-nick-harbormaster-player-two verifies decline, Shift4 on exerted1damage base and fresh base, both disabled quest reasons, next-own-start readiness, opposing Koslov and exact second shifted Nick self-target Adventurous. Self-exerted target permits PlayerTwo pass; opposing cant-challenge and must-quest block PlayerOne challenge/pass until Koslov quests. Both targets expire at PlayerTwo next start, retained damage/undercards remain. Both viewers name source/target, Shift base and optional decline; opponent logs hide private draws. No runtime repair. Normal6 entry excluded as setup. Proofs /tmp/hyperia-nick-harbormaster-p2-{decline,exerted-shift,fresh-shift,self-and-opposing,required-quest,expired,owner-log-start,owner-log,public-log,shift-owner-log,shift-public-log}.png and /tmp/hyperia-nick-harbormaster-dry-shift-{corrected,log}.png; focused11/107, card types pass, simulator0errors/1existingwarning. Historical pending notes above are closed; old2damage browser setup is superseded."
12,KR4,ci_KR4,P.J. Pete,Devoted Fan,character,"[{""title"": ""Knows All the Words"", ""description"": ""While you have a character with Singer in play, this character gets +1 {L}.""}]",src/cards/014/characters/012-pj-pete-devoted-fan.ts,src/cards/014/characters/012-pj-pete-devoted-fan.test.ts,reviewed;12tests59assertionspass,verified;PlayerTwo exact copies multipleSingers lastSinger loss and nextturn basequests logs,"Tests zero one two Singer quests no stacking opposing Singer excluded immediate bonus loss on last Singer banishment and PlayerTwo ownership; browser PJ lore3 with ownGazelle quest3; DragonFirepaid5 banishes ownGazelle and lore immediately3to2 with opposingGazelle stillinplay; named quest and banishment logs no remaining effect; proof hyperia-pj-live-lore-bonus-ended.png; browser multipleSingers PlayerTwo and nextturnbasequest pending Completion review 2026-10-06: older notes still list printed-ability browser boundaries as pending. Primary-flow proof remains valid, but the status did not expose these boundaries. Reopened for evidence reconciliation; validate any boundary not already proved. Basic actions and generic payment rejection are excluded as separate requirements. See hyperia-completion-reconciliation.md. Closed 2026-10-06: public-action tests cover two exact Player Two Petes with two exact own Singers, exerted Singer eligibility, one bonus per Pete, first Singer return retaining bonus, last return removing bonus, own Singer in hand/ink and opposing Singer exclusion, earned lore retention and next-own-turn base2 quests. Own Singer hand/deck/discard/ink alone gives no bonus; effect-granted Singer on Pete himself gives bonus until keyword expiry. Browser set14-audit-pj-pete-player-two verifies two Singers give3, first own Gazelle banishment leaves3, second banishment drops both Petes to2 immediately while opposing Pete stays3, next-own-turn quests2+2 total10. Both logs show actual3/3/2/2 quests and named Gazelle banishment with correct ownership; private draws hidden from opponent. No bag or runtime repair. Proofs /tmp/hyperia-pj-p2-{two-singers,one-singer-bonus,last-singer-bonus-ended,base-lore-now,base-quests-complete,owner-log-removal,public-log-removal,owner-log,owner-log-base,public-log,public-log-base}.png; focused12/59, card types pass, simulator0errors/1existingwarning. Historical pending notes above are closed."
13,gFC,ci_gFC,Mr. Manchas,Service with a Smile,character,"[{""title"": ""Always on Time"", ""description"": ""Whenever this character quests, you pay 1 {I} less for the next character you play this turn.""}]",src/cards/014/characters/013-mr-manchas-service-with-a-smile.ts,src/cards/014/characters/013-mr-manchas-service-with-a-smile.test.ts,reviewed;9tests71assertionspass,verified;PlayerTwo action exclusion stacked consumption unused expiry and ownership logs,"Discount duration and single-use branch need review. First test repaired with nonempty decks and live-game assertion; units prove exactly1off single-use actiondoesnotconsume unusedexpiry stacking2off once and PlayerTwo ownership; browser eachManchasquest2 logs namedAlwaysOnTime; Koslovhandcost4to3to2 with two player effect indicators; Play2 spends5to3 and clears both discounts; nextKoslovcost4 with disabledPlay Needs4ink3available; proofs hyperia-manchas-stacked-discount.png and hyperia-manchas-discounts-consumed.png; browser unusedexpiry actionexclusion and PlayerTwo pending Completion review 2026-10-06: older notes still list printed-ability browser boundaries as pending. Primary-flow proof remains valid, but the status did not expose these boundaries. Reopened for evidence reconciliation; validate any boundary not already proved. Basic actions and generic payment rejection are excluded as separate requirements. See hyperia-completion-reconciliation.md. Closed 2026-10-06: exact Player Two copies stack discounts, which survive source return and full-price action/item/location plays, consume on next character and do not alter opposing payment. Zero-cost character consumes both discounts; unused discount expires; Shift4 becomes3. Browser set14-audit-manchas-player-two verifies first quest reduces Koslov4to3, Fire the Cannons remains1 and deals2 to opposing Koslov without consuming discount, Koslov3 spends remaining3to0 and clears discount, next exact Koslov returns4. Next-own-turn two Manchas quests reduce remaining Koslov4to2; pass unused clears both before opposing turn; opposing Koslov stays4 and next-own-turn Koslov plays at full4 leaving0of4. Player Two lore6 and Player One0; named Always on Time, action damage and both character plays match in both views with private draws hidden. No runtime repair. Proofs /tmp/hyperia-manchas-p2-{discount-three,action-full-price,action-keeps-discount,discount-consumed,owner-log-action,public-log-action,unused-two-discounts,opponent-full-price,unused-expired,full-price-complete,owner-log-expiry,owner-log-expiry-end,public-log-expiry,public-log-expiry-end}.png; focused9/71, card types pass, simulator0errors/1existingwarning. Historical pending notes above are closed."
13,j1u,ci_72S,Héctor Rivera,Gone to Pieces,character,"[{""title"": ""Singer 6""}, {""title"": ""Feel the Music"", ""description"": ""While you have a song card in your discard, this character gets +1 {L} and gains Evasive.""}]",src/cards/014/characters/d23-013-hector-rivera-gone-to-pieces.ts,src/cards/014/characters/d23-013-hector-rivera-gone-to-pieces.test.ts,reviewed;55combinedtests348assertionspass;both printing definitions exercised,verified;Singer6 Evasive lore first-last-song PlayerTwo exact copies and both logs,"Definitions unchanged; D23 abilities and stats match base. Shared base-file suite executes both printing definitions. Unit: costs one-six with actual song reward; seven rejection despite bank; drying/exerted/opposing singers; own non-song/hand/deck and opposing song exclusion; several songs do not stack; first/last recovery; controller and copies; Evasive attacker/defender restrictions; five damage; four-ink payment/drying; later quest; insufficient payment; inkability. Browser: base pays four; D23 sings six at bank six and gains three drops; cost seven disabled; both gain Evasive and lore two. Donald cannot challenge exerted D23; Evasive Archimedes deals two and takes five; it banishes. Both quest for four total. Return last song with Do It Again ends both bonuses; Donald can challenge exerted base for four/return five; both banish. Later D23 quests one for total five. Both player logs show singer/reward; return target; exact combat; quest totals. Lower songs; multi-song recovery; rejected payment browser boundaries remain pending. Browser ownership fixture verifies own base and D23 printings each gain Evasive and lore two from two own songs without stacking; opposing copy remains lore one without Evasive; both own copies quest for four with named log and exerted repeat block. Proof hyperia-hector-pieces-copy-ownership.png. Static changes have badge and public-action proof. Evidence hector-pieces-song-bonuses.png; hector-pieces-evasive-combat.png; hector-pieces-bonuses-ended.png; hector-pieces-plain-combat.png; hector-pieces-base-lore-restored.png; hector-pieces-opponent-log.png. Completion review 2026-10-06: older notes still list printed-ability browser boundaries as pending. Primary-flow proof remains valid, but the status did not expose these boundaries. Reopened for evidence reconciliation; validate any boundary not already proved. Basic actions and generic payment rejection are excluded as separate requirements. See hyperia-completion-reconciliation.md. Closed 2026-10-06: shared suite now proves four exact Player Two copies of each printing independently sing costs1/6 without ink, receive only one own-song bonus, retain it after first recovery and lose it after last, despite opposing song. Opposing copy remains boosted, recovered exact cards return to own hand, all four next-turn quests pay base1. Browser set14-audit-hector-pieces-player-two identifies base/promo printings by rendered card art; base sings One Jump Ahead2 and promo sings Reflection1, exact other copies quest2each. First song returned leaves all four own copies2/Evasive; last return removes both bonuses immediately while opposing copy remains2/Evasive. Next-own-turn all four quest1 each for total8; bank unchanged by singing except song adds facedown exerted ink. Both views name singer, song, return and quest; Reflection ordering and draw identities stay private. Prior upper-cost6/cost7 and Evasive combat proof retained. Generic normal payment rejection excluded as setup. No engine repair. Proofs /tmp/hyperia-hector-pieces-p2-{opposing-song-only,one-song-bonuses,two-songs-bonuses,first-song-returned,last-song-returned,base-quests-complete,owner-log-return,owner-log-return-end,public-log-return,public-log-return-end,owner-log-base,public-log-base}.png; combined55/348, card types pass, simulator0errors/1existingwarning. Historical pending notes above are closed."
14,IsT,ci_IsT,Nick Wilde,Toy Drive Officer,character,"[{""title"": ""Support""}, {""title"": ""Community Outreach"", ""description"": ""At the end of your turn, if you played 2 or more characters this turn, draw a card.""}]",src/cards/014/characters/014-nick-wilde-toy-drive-officer.ts,src/cards/014/characters/014-nick-wilde-toy-drive-officer.test.ts,reviewed;10tests69assertionspass,verified;Support accept decline and expiry; mandatory own-turn two-character draw; PlayerTwo action exclusion and next-turn reset; both logs,"Added direct Support accept and decline with quest1 lore targetstrength1to3 and turnend expiry; action excluded from character threshold; PlayerTwo endturn draw ownership with opposingNick present; prior cases cover ownentry count two-or-more exactlyonce fewerthan2 negative and opposingturn exclusion; browser Support and draw threshold logs pending; card types pass Browser Nickquest1 Support targetsownKoslov4to6; twoFruFru plays spend2ink with noearlydraw; endturn CommunityOutreach exactlyone draw deck6to5 hand0to1 with named source and owncard log; opponentNick noCommunityOutreach and onlynormaldraw; Support expires Koslov6to4 atsame turnboundary; proofs hyperia-nick-toy-support-before-end.png and hyperia-nick-toy-end-turn-draw.png; browser decline fewerthan2 actionexclusion and PlayerTwo source pending Completion review 2026-10-06: older notes still list printed-ability browser boundaries as pending. Primary-flow proof remains valid, but the status did not expose these boundaries. Reopened for evidence reconciliation; validate any boundary not already proved. Basic actions and generic payment rejection are excluded as separate requirements. See hyperia-completion-reconciliation.md. Closure 2026-10-06: completed older pending boundaries. PlayerTwo declines Support with unchanged Koslov4; one FruFru plus FireTheCannons yields no Outreach and hand3 deck5. Next own turn two FruFru plays leave hand2 deck4; endturn exactlyone mandatory Outreach draw yields hand3 deck3; opposing Nick does not draw. Next own turn normal draw yields hand4 deck2; passing without character plays preserves both counts and produces no Outreach. Owner log names private drawn card; public log hides it while retaining named source and actual1 draw. Previous Support accept and expiry proof retained. New unit test covers two exact PlayerTwo copies with independent draws and next-turn count reset using exact controller instance. No engine repair. Proofs hyperia-nick-toy-p2-decline-action.png; hyperia-nick-toy-p2-negative-log.png; hyperia-nick-toy-p2-before-draw.png; hyperia-nick-toy-p2-draw-owner-log.png; hyperia-nick-toy-p2-draw-public-log.png; hyperia-nick-toy-p2-reset-log.png; hyperia-nick-toy-p2-reset-board.png. Card types pass; simulator types zero errors and one existing warning."
15,Hfj,ci_Hfj,Clawhauser,Safety Officer,character,"[{""title"": ""Bodyguard""}, {""title"": ""Everyone's Buddy"", ""description"": ""You can't play this character unless you played another character this turn.""}]",src/cards/014/characters/015-clawhauser-safety-officer.ts,src/cards/014/characters/015-clawhauser-safety-officer.test.ts,reviewed;12tests82assertionspass,verified;own-turn character restriction; ready/exerted Bodyguard entry; PlayerTwo ownership and turn reset; challenge protection and both logs,"Browser: first play blocked despite fixture character; qualifying Fru Fru play enables entry; ready and exerted Bodyguard choices; correct paid ink; protected ally rejected; 4/3 challenge damage; Bodyguard banishment releases ally despite ready copy; named play and combat logs. Player Two source and turn-reset browser branches pending. Completion review 2026-10-06: older notes still list printed-ability browser boundaries as pending. Primary-flow proof remains valid, but the status did not expose these boundaries. Reopened for evidence reconciliation; validate any boundary not already proved. Basic actions and generic payment rejection are excluded as separate requirements. See hyperia-completion-reconciliation.md. Closure 2026-10-06: PlayerTwo browser opposing FruFru play and own FireTheCannons action leave Clawhauser Play disabled with8 and7 ready ink. Own FruFru enables ready and exerted entries for exact separate copies. Exerted fresh Bodyguard is the only highlighted challenge target; protected FruFru click cannot execute a challenge. Two opposing Koslov challenges deal4 each and receive3 each, banishing exerted Clawhauser; next Koslov challenges FruFru for4/1 despite ready Clawhauser remaining. Next own turn remaining hand Clawhauser Play disabled with8 ready ink, so prior plays do not carry. Both player logs name plays/challenges/actual damage/banishments and hide private draws. Added immediate reversed-seat protection and reset test with exact instance IDs. Card types pass; simulator types zero errors and one existing warning. No engine repair. Proofs hyperia-clawhauser-p2-opposing-play-blocked.png; hyperia-clawhauser-p2-action-blocked.png; hyperia-clawhauser-p2-two-entry-choices.png; hyperia-clawhauser-p2-bodyguard-target.png; hyperia-clawhauser-p2-public-log-start.png; hyperia-clawhauser-p2-public-log-combat.png; hyperia-clawhauser-p2-owner-log-start.png; hyperia-clawhauser-p2-owner-log-combat.png; hyperia-clawhauser-p2-next-turn-blocked.png."
16,itE,ci_itE,Elisa Maza,Hardworking Detective,character,"[{""title"": ""FOLLOW THE TRAIL"", ""description"": ""When you play this character, if you have another Detective character in play, chosen opponent reveals their hand and discards a non-character card of your choice.""}]",src/cards/014/characters/016-elisa-maza-hardworking-detective.ts,src/cards/014/characters/016-elisa-maza-hardworking-detective.test.ts,reviewed;9tests64assertionspass,verified;PlayerTwo chooser and repeated discard; non-character filter; character-only and empty-hand completion; self/opposing Detective exclusion; both logs,"Browser: paid entry with another Detective reveals all three opposing hand cards; selector excludes character and offers both actions; Dragon Fire alone discarded; remaining hand revealed; effect clears; named source ability and discard log. Negative condition empty-hand and Player Two browser branches pending. Completion review 2026-10-06: older notes still list printed-ability browser boundaries as pending. Primary-flow proof remains valid, but the status did not expose these boundaries. Reopened for evidence reconciliation; validate any boundary not already proved. Basic actions and generic payment rejection are excluded as separate requirements. See hyperia-completion-reconciliation.md. Closure 2026-10-06: PlayerTwo browser chooses DragonFire from two non-character candidates, then OneJumpAhead from one; FruFru is never selectable. Wrong owner has no chooser. Third Elisa reveals character-only hand and completes without discard or pending choice. First Elisa without another own Detective does not trigger despite an opposing Clawhauser; second Elisa qualifies via first but empty opposing hand finishes without discard. Fixed shared reveal-hand resolver to record actual performed reveal: character-only completion was falsely logged as no-valid-target cancellation. Empty hand still does not claim a performed reveal. Three mock engine regressions cover both seats and empty hand; full engine1359pass4071assertions2skip50TODO; full Hyperia2883pass21309assertions195files. Elisa9tests64assertions; reveal-hand neighbors37tests258assertions. Engine/card types pass; simulator types0errors1existingwarning. Both log views show named selected discards and corrected character-only completion with private draws hidden. Proofs hyperia-elisa-p2-wrong-owner-waits.png; hyperia-elisa-p2-non-character-choices.png; hyperia-elisa-p2-character-only-complete.png; hyperia-elisa-p2-owner-log-fixed.png; hyperia-elisa-p2-public-log-fixed.png; hyperia-elisa-p2-negative-no-other-detective.png; hyperia-elisa-p2-negative-log.png; hyperia-elisa-p2-empty-complete.png; hyperia-elisa-p2-empty-owner-log.png; hyperia-elisa-p2-empty-public-log.png."
17,Vq1,ci_Vq1,Powerline,Megastar,character,"[{""title"": ""Singer 9""}, {""title"": ""BACKUP SINGERS"", ""description"": ""Once during your turn, whenever you play a song, return a character card with Singer from your discard to your hand.""}, {""title"": ""PERFECT HARMONY"", ""description"": ""This character gets +1 {L} for each other character with Singer you have in play.""}]",src/cards/014/characters/017-powerline-megastar.ts,src/cards/014/characters/017-powerline-megastar.test.ts,reviewed; 17 tests85assertions pass,verified; Singer9 cost boundaries; Singer-only own discard recovery; once-per-turn and next-turn reset; opposing song exclusion; live Perfect Harmony lore; both public return logs,"Added executable cost 7 8 9 Singer rewards cost 10 rejection Player Two discard ownership and immediate Perfect Harmony update. Existing discard-only target leak repair retained. Card and simulator type checks pass with one existing simulator warning. Added Player Two reset-after-turn-cycle and non-song exclusion regression; 17 tests85assertions pass. Player-two browser sings One Jump Ahead with Max at9readyink; only own discarded Max is selectable, excluding Goofy/Fru/in-play Singers. Recovery returns Max; paid second song produces no second recovery and no bag/pending effect. Dragon Fire banishes own Gazelle and Powerline lore drops3to2; quest gains exactly2, opposing Powerline excluded. Opponent paid song produces no Player Two recovery; next Player Two turn Powerline sings third song and mandatory Gazelle recovery works again. Both views show named Max/Gazelle source and return logs; One Jump Ahead inkwell identities remain private to owner. Proofs /tmp/hyperia-powerline-p2-singer-only.png; /tmp/hyperia-powerline-p2-first-return-lore.png; /tmp/hyperia-powerline-opponent-song-no-trigger.png; /tmp/hyperia-powerline-p2-reset-public.png. Card types pass; simulator zero errors and one existing warning."
18,eff,ci_eff,Lionheart,Incumbent Mayor,character,"[{""title"": ""Bodyguard""}, {""title"": ""APPROVAL RATING"", ""description"": ""When you play this character, up to 2 chosen characters get +1 {L} this turn.""}]",src/cards/014/characters/018-lionheart-incumbent-mayor.ts,src/cards/014/characters/018-lionheart-incumbent-mayor.test.ts,reviewed;11tests88assertionspass,verified;self/opposing Approval Rating; exact stacked copies; PlayerTwo expiry and Bodyguard protection; both logs,"Browser: paid ready and exerted Bodyguard entry; two targets show +1 lore each; both quest for total 5; zero-target confirmation clears effect; bonuses expire at opponent turn start; named Approval Rating and quest logs. Direct Bodyguard combat test added. Self/opposing target Player Two and Bodyguard combat browser branches pending. Completion review 2026-10-06: older notes still list printed-ability browser boundaries as pending. Primary-flow proof remains valid, but the status did not expose these boundaries. Reopened for evidence reconciliation; validate any boundary not already proved. Basic actions and generic payment rejection are excluded as separate requirements. See hyperia-completion-reconciliation.md. Closure 2026-10-06: PlayerTwo ready Lionheart targets himself and opposing Koslov, raising lore2to3 each. Second exerted copy targets first and own FruFru, first lore3to4 and FruFru1to2; FruFru quests2. Pass expires all grants; opposing chosen Koslov quests base2. Exerted Lionheart is the only legal Bodyguard challenge target; protected FruFru click leaves selection pending. Two Koslov challenges each deal4/4, banishing both attackers and finally exerted Lionheart. Third Koslov challenges FruFru4/1 despite ready Lionheart remaining. Both logs name actual grants,2-lore quests, damage and banishments with private draws hidden. Unit exact PlayerTwo copies cover stacking, self, opposing plain target, friendly Ward, opposing Ward rejection, wrong chooser, expiry and base quest. Previous zero/one/two target and ready/exerted evidence retained. No engine repair. Card types pass; simulator types0errors1existingwarning. Proofs hyperia-lionheart-mayor-p2-self-opposing-grant.png; hyperia-lionheart-mayor-p2-stacked-grant-quest.png; hyperia-lionheart-mayor-p2-expired-opposing-quest.png; hyperia-lionheart-mayor-p2-bodyguard-target.png; hyperia-lionheart-mayor-p2-protection-released.png; hyperia-lionheart-mayor-p2-owner-log-grants.png; hyperia-lionheart-mayor-p2-public-log-grants.png; hyperia-lionheart-mayor-p2-public-log-combat.png; hyperia-lionheart-mayor-p2-owner-log-grants-complete.png; hyperia-lionheart-mayor-p2-owner-log-combat.png."
19,EoX,ci_EoX,Aurora,Delightful Musician,character,"[{""title"": ""MELODIC REFRAIN"", ""description"": ""When you play this character, return a song card you played this turn with cost 3 or less from your discard to your hand.""}, {""title"": ""JOYOUS RECEPTION"", ""description"": ""At the end of your turn, if you played a song this turn, gain 1 lore.""}]",src/cards/014/characters/019-aurora-delightful-musician.ts,src/cards/014/characters/019-aurora-delightful-musician.test.ts,reviewed; 13 tests89assertions pass,verified; paid/sung current-turn-only own song return; cost3/4 boundary; repeated return and replay; one lore per Aurora despite multiple songs; owner-only end-turn and no-song reset; both public ability logs,"Added sung-song recovery before entry and Player Two ownership tests. Browser: older duplicate and expensive discard song excluded; chosen song returns; no ink spent singing; paid Aurora cost 3; owner gains exactly 1 lore while opposing Aurora gains none; named Melodic Refrain and Joyous Reception logs. Added exact Player Two same-song replay/two-Aurora test rejecting old duplicate at each return and resolving ordered end-turn triggers; 13 tests89assertions pass. Browser P2 sings Friends on the Other Side3 with Koslov and Magnificent Marvelous4 with Max without spending ink; after Aurora3 only the current cost3 song is selectable, old duplicate/cost4/action/opponent discard excluded. Return, paid3 replay and second Aurora3 return succeed; readyink12to9to6to3. Two end-turn triggers require order selection; resolving one completes both, each named Joyous Reception gives1 lore, P2 total2songlore+2Aurora=4 and P1 stays0. No-song next own turn leaves4 with no pending/bag effect. Both views show two named returns and two one-lore rewards; opponent song draw logs hide identities. No engine repair needed; initial test was corrected to resolve the public ordering choice. Proofs /tmp/hyperia-aurora-p2-cost-three-picker.png; /tmp/hyperia-aurora-p2-public-return-lore.png; /tmp/hyperia-aurora-p2-no-song-reset.png. Card types pass; simulator zero errors and one existing warning."
20,V8L,ci_V8L,Russell,Finding Adventure,character,"[{""title"": ""Hide and Seek"", ""description"": ""{E} — Reveal the top 2 cards of your deck. Put revealed character cards into your hand. Put the rest on the bottom of your deck in any order.""}]",src/cards/014/characters/020-russell-finding-adventure.ts,src/cards/014/characters/020-russell-finding-adventure.test.ts,reviewed; 10 tests and 53 assertions pass,"verified; mandatory character hand and non-character bottom choices; player-two natural two-card order, single-card and empty-deck completion; both views show public reveal and destination logs; two ready ink unchanged","Added exact two-card bottom order verified through a natural next-turn draw and Player Two destination ownership rejection. Existing public reveal all/zero/one character empty deck drying and exerted limits retained. Player-two browser closes remaining boundaries: Dragon Fire placed left in Drawn last position, One Jump Ahead drawn first, remaining Dragon Fire revealed alone and drawn last. Empty-deck activation exerts without choice, fabricated reveal or failed draw. Both views expose public destinations while opposing draws stay private. Ten tests and 53 assertions pass; simulator types zero errors and one existing warning."
21,vuy,ci_vuy,Miguel Rivera,Street Musician,character,"[{""title"": ""Share the Music"", ""description"": ""While you have a song card in your discard, this character gets +1 {L} and gains Singer 3. (They count as cost 3 to sing songs.)""}]",src/cards/014/characters/021-miguel-rivera-street-musician.ts,src/cards/014/characters/021-miguel-rivera-street-musician.test.ts,reviewed; 11 tests and 48 assertions pass,verified; own-song Singer and lore activate immediately and disappear on last-song return; opposing discard excluded; player-two boosted quest two; single Singer sings cost three for free and rejects cost four; both public logs,"Added executable cost 1 2 3 song rewards with exact unchanged ink immediate activation and Player Two quest ownership. Last-song removal and cost 4 rejection retained. Named song play and Aurora recovery logs verified. 2026-10-05: Reviewed all printed clauses against 11 passing tests and 48 assertions. New player-two browser with two own discarded songs grants each independent Miguel lore two and Singer three, without stacking extra bonus. First Miguel quests two while opponent remains at zero. With only second Miguel ready, cost-four Magnificent Marvelous has disabled Sing; cost-three Un Poco Loco allows single-Miguel singing and leaves all four ink ready. Chosen two characters return to own hand; no pending choice remains. Both player views show exact named singer, two-lore quest and return outcomes; opponent hand stays four face-down cards. Proofs /tmp/hyperia-street-miguel-p2-cost-four-rejected.png and /tmp/hyperia-street-miguel-p2-public-result.png. Simulator types zero errors and one existing warning. Earlier negative ownership, first-song activation and last-song removal evidence retained."
22,zex,ci_zex,Goofy,Knows the Band,character,"[{""title"": ""VIP Access"", ""description"": ""When you play this character, if you have a character with Singer in play, draw a card.""}]",src/cards/014/characters/022-goofy-knows-the-band.ts,src/cards/014/characters/022-goofy-knows-the-band.test.ts,reviewed; 13 tests58assertions pass,verified; conditional Singer draw and exclusions; player-two multiple exerted Singers draw exactly one; drying-only Singer qualifies; empty-deck effect completes; both logs preserve hand privacy,"Unit coverage includes friendly/opponent/no Singer; multiple Singer single draw; continuous gained Singer active/inactive; exerted and drying Singer; Player Two exact draw; empty-deck loss at turn end. Browser set14-audit-goofy-band first paid4 entry with opposing Gazelle and inactive Miguel draws nothing: hand3to2 deck12 unchanged ink10to6. Paid One Jump Ahead enables Miguel Singer; second paid4 Goofy draws exactly1 Fru Fru: deck11to10 hand1 remains1 ink4to0. Named VIP Access source and exact draw log; proof hyperia-goofy-band-conditional-draw.png. Card types pass; simulator types0errors1existingwarning. Player Two and exerted/drying/multiple Singer and empty-deck browser branches remain pending. Added public-action hand/discard/deck Singer exclusions with exact zones and no draw or pending effect; thirteen tests and 58 assertions pass. Added player-two multiple exerted Singer, drying-only Singer and empty-deck fixtures; simulator types zero errors and one existing warning. New fixtures remain browser pending because browser control rejected the existing tab under its URL policy; no new browser evidence counted. Server restart restored in-app browser access. New proof: Player Two normal draw One Jump Ahead, quest both Gazelle and Hector as exertion setup, paid4 Goofy draws exactly one Scuttle leaving deck1 and hand2; opposing deck6/hand0 unchanged. Drying-only Gazelle paid4 Goofy draws one Scuttle leaving deck1/hand1. Empty deck paid4 Goofy leaves hand0/deck0, active game, no prompt/bag/pending effect; both views show named VIP Access without fabricated draw. Opponent positive logs show source and one-card count without identities. Proofs /tmp/hyperia-goofy-band-p2-exerted.png; /tmp/hyperia-goofy-band-p2-private-draw.png; /tmp/hyperia-goofy-band-drying-draw.png; /tmp/hyperia-goofy-band-drying-private.png; /tmp/hyperia-goofy-band-empty-public.png."
23,vC5,ci_vC5,Mickey Mouse,Best in Town,character,"[{""title"": ""Adventurous"", ""description"": ""(This character can't challenge and must quest each turn if able.)""}, {""title"": ""HOT DOG!"", ""description"": ""At the end of your turn, if this character is exerted, each player gets 1 ink drop. (Each ink drop may be removed to pay 1 {I}.)""}]",src/cards/014/characters/023-mickey-mouse-best-in-town.ts,src/cards/014/characters/023-mickey-mouse-best-in-town.test.ts,reviewed;9tests76assertionspass,verified;Adventurous and earned-drop payment; independent PlayerTwo HOT DOG rewards; ready/fresh exclusion; controller turn-end timing; both logs,"Public ink-drop queries replace cast state reads; natural decks prevent incidental terminal results. New tests cover Player Two mandatory quest and owner end only; stacked copies with trigger ordering; opponent spends earned drop; fresh paid entry cannot quest and no ready reward. Browser set14-audit-mickey-base Challenge disabled despite exerted opposing Koslov; no Pass before required quest2; Pass available afterward; named HOT DOG! gives1 each. Player Two pays earned1drop for Fru Fru with bank0 and named removal log. Opposing end gives no extra drop; owner still1 and Mickey ready next turn. Proof hyperia-mickey-base-drop-payment.png. Card types pass; simulator0errors1existingwarning. Ready-step log repaired: HOT DOG! retains only the two drop gains under TURN1 owner; Koslov readiness is a separate TURN2 opponent entry. Proof hyperia-mickey-ready-step-log-repaired.png; projection24tests71assertions and simulator151tests312assertions pass. Stacked copies and Player Two Mickey source browser remain pending. Completion review 2026-10-06: older notes still list printed-ability browser boundaries as pending. Primary-flow proof remains valid, but the status did not expose these boundaries. Reopened for evidence reconciliation; validate any boundary not already proved. Basic actions and generic payment rejection are excluded as separate requirements. See hyperia-completion-reconciliation.md. Closure 2026-10-06: exact PlayerTwo copies quest2 each for4total, Pass disabled before both and after onlyone quest. Newly played third Mickey stays fresh/ready and gives no reward. Passing queues exactly2 HOTDOG abilities; choosing first drains both, granting exactly2 drops to each player (P1seed2to4,P2seed3to5). Initial fresh ready P1Mickey pass grants none. Next P1ownMickey quest2/end grants exactly1 each (P1to5,P2to6); exerted P2copies do not trigger at opposing turn end. Both logs name two independent HOTDOG rewards under TURN2 and one under TURN3; next readiness/draw remains under TURN4 with private card identity hidden from opponent. Unit exact PlayerTwo copies, ready fresh exclusion, partial mandatory quest, independent trigger order and opposing-turn exclusion all pass. Previous no-challenge and earned-drop payment proof retained. Card types pass; simulator types0errors1existingwarning. No engine repair. Proofs hyperia-mickey-best-p2-must-quest-two.png; hyperia-mickey-best-p2-must-quest-one.png; hyperia-mickey-best-p2-two-quests-complete.png; hyperia-mickey-best-p2-two-rewards-queued.png; hyperia-mickey-best-p2-two-rewards-complete.png; hyperia-mickey-best-p2-opponent-gained-two.png; hyperia-mickey-best-p2-opposing-end-only-one.png; hyperia-mickey-best-p2-opposing-end-owner-six.png; hyperia-mickey-best-p2-owner-log-rewards.png; hyperia-mickey-best-p2-public-log-rewards.png; hyperia-mickey-best-p2-public-log-turns-start.png; hyperia-mickey-best-p2-public-log-turns-end.png; hyperia-mickey-best-p2-owner-log-turns-start.png; hyperia-mickey-best-p2-owner-log-turns-end.png."
24,eUU,ci_eUU,Judy Hopps,Always Vigilant,character,"[{""title"": ""Shift 2 {I}""}, {""title"": ""GOT YOU NOW"", ""description"": ""When you play this character, if you played another character this turn, you may banish chosen character with 5 {S} or more.""}]",src/cards/014/characters/024-judy-hopps-always-vigilant.ts,src/cards/014/characters/024-judy-hopps-always-vigilant.test.ts,reviewed; 13 tests77assertions pass,verified; normal and player-two Shift2; damage/exertion inheritance; decline; friendly current-strength target; reduced target exclusion; prior-turn/action negatives; no-target completion; both public logs,"Unit coverage adds Player Two Shift2 and damage/exertion inheritance; invalid chooser preserves pending choice; no eligible target clears; printed strength5 reduced to4 rejected. Natural decks prevent incidental end-game results. Browser set14-audit-judy-vigilant paid4 without another played character gives no trigger and bank7to3; Fru Fru paid1; normal play disabled Needs4ink2available while Shift2 enabled. Shift onto damaged Helpful Officer spends2bank0 and retains1damage and dry state; target selector shows only Yax excluding strength4Koslov. Yax banishes with named GOT YOU NOW source/target log; shifted Judy quests1 with damage retained. Proofs hyperia-judy-vigilant-shift-banish.png and hyperia-judy-vigilant-shift-quest.png. Card types pass; simulator0errors1existingwarning. Decline and friendly/current-strength targets; Player Two source; action/prior-turn negative and no-target browser branches remain pending. Added exact own/opposing strength-five Ward target IDs: opposing rejected without choice loss, own banished, no bag or pending effect. Corrected lethal Helpful Officer damage fixture to surviving Day Camp Instructor. New player-two browser: Mulan boosts own Koslov4to6, Distract reduces opposing Fox5to3; Shift2 retains exertion/one damage and undercard, decline leaves targets, second normal4 Judy picker includes only ownKoslov6 and opposingYax7; banish ownKoslov leaves opposing targets unchanged. Ink12to8to6to4to0. Both logs name source, Shift base, decline and chosen banishment; private Distract draw hidden. Prior-turn Fru Fru plus current-turn Distract then Judy does not trigger despite Yax current5. No-target Fru Fru then Judy spends5, leaves all characters, no prompt/bag/pending effect and named automatic decline log in both views. Proofs /tmp/hyperia-judy-p2-current-strength-picker.png; /tmp/hyperia-judy-p2-shift-decline.png; /tmp/hyperia-judy-p2-public-logs.png; /tmp/hyperia-judy-negative-public.png; /tmp/hyperia-judy-no-target-public.png."
25,6lX,ci_6lX,Nick Wilde,Providing Backup,character,"[{""title"": ""I'VE GOT THIS"", ""description"": ""While you have another Detective character in play, this character gains Support. (Whenever they quest, you may add their {S} to another chosen character's {S} this turn.)""}]",src/cards/014/characters/025-nick-wilde-providing-backup.ts,src/cards/014/characters/025-nick-wilde-providing-backup.test.ts,reviewed; 10 tests57assertions pass,verified; live other-Detective condition and expiry; other Nick copy qualifies; player-two boosted current strength; opposing target and source exclusion; decline; both public logs,"Unit coverage adds fresh Detective entry and Player Two Support using modified current strength with invalid chooser preservation and exact expiry. Natural decks prevent incidental end-game results. Browser set14-audit-nick-backup opposing Judy does not enable Support; paid friendly Judy immediately adds Support despite Fresh Ink. Nick quests1 and Support targets own Koslov strength4to7. Dragon Fire pays5banishes own Judy: Support badge disappears immediately while Koslov7persists; opposing Judy still does not count. Pass expires Koslov to4; preview shows base4 and named quest Support source-target and banishment logs. Proof hyperia-nick-backup-support-expiry.png. Card types pass; simulator0errors1existingwarning. Latest full Hyperia suite before these Nick additions2374pass15546assertions195files0fail. Decline/self rejection/opposing target and boosted strength; Player Two source browser branches remain pending. Added exact two-Nick instance test: both gain Support, source selection rejected without choice loss, other Nick receives +3 to six, no pending effect. Player-two browser twoNick copies mutuallyenableSupport, Mulan paid4 boostsone3to5; boostedNick questSupport chooser offers Mulan, otherNick and opposingKoslov but excludes source. Ownchooser grantsopponentKoslov4to9; secondNickquestdecline leaves nine/five. Both views show exact source/target Support and named decline; after P2pass Koslovpreviewstrength4, Nickboostbadgegone and activeeffects0. Opposing hand0deck6 unchanged until ordinary nextturn draw. Proofs /tmp/hyperia-nick-p2-source-exclusion-picker.png; /tmp/hyperia-nick-p2-current-strength-decline.png; /tmp/hyperia-nick-p2-expiry-public.png. Card types pass; simulator zero errors and one existing warning."
26,47o,ci_47o,Miguel Rivera,Accomplished Musician,character,"[{""title"": ""Shift 3 {I}""}, {""title"": ""Transcendent Performance"", ""description"": ""When you play this character, return a character card from your discard to your hand.""}]",src/cards/014/characters/026-miguel-rivera-accomplished-musician.ts,src/cards/014/characters/026-miguel-rivera-accomplished-musician.test.ts,reviewed; 9 tests62assertions pass,verified; normal and player-two Shift3 mandatory own-character return; chooser ownership and character-only filtering; exerted/drying damage inheritance; empty/noncharacter-only discard; ink/name rejection; both public return logs,"Unit tests add exactly-one return with empty/multiple rejection preserving choice; Player Two Shift3 ownership and inherited damage/exertion. Natural decks prevent incidental terminal states. Browser set14-audit-miguel-accomplished normal paid5bank8to3Fresh entry: mandatory selector only own Fru Fru and Judy excludes Song/opponent Koslov and has no Skip; Fru returns. Second copy normal Play disabled Needs5ink3available; Shift3 onto damaged Street Musician bank0 and damage1retained. Mandatory selector only remaining own Judy; returns Judy leaving own Song and opposing Koslov in discard. Named Transcendent Performance source-target logs and shifted dry quest1. Proof hyperia-miguel-accomplished-return-shift-quest.png. Card types pass; simulator0errors1existingwarning. Empty/noncharacter-only discard and Player Two chooser/browser rejection; insufficient/wrong-name Shift and drying/exerted inheritance browser branches remain pending. Added fresh-base Shift drying and non-character-only discard public-action regressions; nine tests and 62 assertions pass. Player-two browser quests existing damaged Street Musician, Shift3 pays7to4 and retains exertion/damage1/undercard; P1 has no resolve control; P2 exact2-character mandatory picker excludes song/item/opposing discard and has no Skip; returns Fru Fru. Plays fresh Street Musician1 then Shift3 pays4to3to0; mandatory Judy returns; second shifted Miguel keeps Fresh Ink and Quest disabled. Both views show named Shift base and Transcendent Performance source/target return logs; opposing Koslov stays discard. Empty own discard and song/item-only discard normal5 leave no prompt/bag/pending effect and active game, no fabricated return, opposing discard unchanged. Shift3 disabled at ink2 despite matching name; at ink3 wrong Judy name disabled, hand/discard/ink unchanged. Proofs /tmp/hyperia-miguel-p2-mandatory-character-picker.png; /tmp/hyperia-miguel-p2-drying-shift.png; /tmp/hyperia-miguel-p2-return-public.png; /tmp/hyperia-miguel-empty-discard-public.png; /tmp/hyperia-miguel-noncharacter-discard-public.png; /tmp/hyperia-miguel-shift-insufficient-ink.png; /tmp/hyperia-miguel-shift-wrong-name.png. Card types pass; simulator zero errors and one existing warning."
27,uqv,ci_uqv,Shed Your Weary Load,,action,"""Chosen opponent reveals their hand and discards each non-character card revealed this way.""",src/cards/014/actions/027-shed-your-weary-load.ts,src/cards/014/actions/027-shed-your-weary-load.test.ts,reviewed; 7 tests50assertions pass,verified; paid and sung opponent reveal/discard; player-two mixed and character-only hands; all-non-character and empty hands; both public discard logs,"Tests add Player Two singing and ownership; insufficient ink rejects without reveal/discard. Browser set14-audit-shed-load paid5bank0 reveals opponent five-card hand and discards Dragon Fire/Rivera Family Photo/Hyperia City Express; Fru Fru/Judy remain public in hand; own Dragon Fire untouched. Second copy sung by Max Singer5 without ink leaves character-only hand and opposing discard3 unchanged. Fixed shared move-log factory missing recorded discard outcomes; exact opponent count3 and all card names now public under paid song; named singer log preserved. Proofs hyperia-shed-load-discard-log-repaired.png and hyperia-shed-load-paid-sung-logs.png. Full engine1308pass2skip53todo0fail3703assertions. Card/engine types pass; simulator0errors1existingwarning. Player Two source and empty-hand browser branches remain pending. Added player-two all-non-character regression asserting exact discarded instance IDs and public singCard outcome; seven tests and 50 assertions pass. Player-two mixed-hand browser sings with Max Goof without spending ink, discards Dragon Fire/Rivera Family Photo/Hyperia City Express and leaves Fru Fru/Judy revealed in hand; own Dragon Fire remains. Paid repeat spends5 and preserves character-only hand. Empty-hand paid and sung effects complete with no pending choice or fabricated discard in either view. All-non-character hand becomes empty with three named public discards in both views, own Dragon Fire unchanged and no pending/bag effects. Proofs /tmp/hyperia-shed-load-p2-mixed.png; /tmp/hyperia-shed-load-p1-public.png; /tmp/hyperia-shed-load-empty-public.png; /tmp/hyperia-shed-load-all-noncharacter-public.png. Card types pass; simulator types zero errors and one existing warning."
28,x16,ci_x16,Never Too Far Apart,,action,"[{""title"": ""Sing Together 9"", ""description"": ""(Any number of your or your teammates' characters with total cost 9 or more may {E} to sing this song for free.)""}, {""title"": ""Look at the top 9 cards of your deck. Reveal up to 3 character cards with Singer and put them into your hand. Put the rest on the bottom of your deck in any order.""}]",src/cards/014/actions/028-never-too-far-apart.ts,src/cards/014/actions/028-never-too-far-apart.test.ts,reviewed; 13 tests88assertions pass,verified; paid/sung top-nine Singer selection and three-card cap; optional zero; short/empty decks; natural bottom order; player-two exact9 singing and private chooser/public selected cards; drying/exerted rejection,"Top-nine window; Singer-only selection; cap three; optional zero; short/empty deck; Sing Together 8/9 boundary. Added Player Two chooser ownership and natural draws proving bottom order. Browser paid nine: deck 10 to 8; Gazelle/Max to hand publicly; inactive Miguel rejected; bottom order changed; opponent log hides all seven bottom cards. Proof: hyperia-never-apart-opponent-reveal.png. Browser sung path additionally verified with Max Singer5 + Gazelle Singer4 exactly9 at zero ink: both exerted; named singing log; three of four Singers selected and fourth stays bottom; zero selection finishes hand0deck9discard1. Fixed remainder counter and ordering labels to include implicitly assigned cards; live counter9 agrees with nine visible cards. Proofs hyperia-never-apart-sung-three.png; hyperia-never-apart-zero.png; hyperia-never-apart-remainder-nine.png. Simulator types0errors1existingwarning; scry tests9pass29assertions. Natural draw browser order verified: move Judy to rightmost drawn-first position; choose zero; turn3 draws Judy; turn5 draws Fru Fru second; deck9to8to7 and hand0to1to2. Owner log names Judy draw; opponent sees face-down cards and no bottom identities. Proof hyperia-never-apart-natural-order.png. Short-deck browser paid9 reveals exactly3; choose Gazelle gives hand1deck2discard1bank0 and named order log; counter3to2. Empty-deck browser paid9 finishes hand0deck0discard1bank0 with no chooser and normal played log. Added drying/exerted singer rejection tests preserving hand/ink/deck and reveal state. Proofs hyperia-never-apart-short.png; hyperia-never-apart-empty.png. Primary printed paths verified; Player Two live singing/chooser and drying/exerted browser branches remain pending. Added Player Two exact-nine free singing regression: opposing chooser and four-card selection rejected, public log contains exactly selected Singer instance IDs and no hidden remainder IDs; 13 tests88assertions pass. Browser P2 Max5+Gazelle4 selection reaches9/9 at zero ink and both exert. P1 pending view has no scry card identities/arrangement controls; P2 nine-card view offers four Singers. Hand cap remains3 when dragging fourth Singer, replacing Gazelle with Max. Final Cinderella/Ariel/Max enter hand publicly plus private normal Fru draw; six other cards stay deck bottom. Both source singing logs and selected identities are shown, opponent log hides all bottom identities and normal draw. Fresh Max paid3 with Gazelle4 leaves singing disabled; next own turn it restores, questing Max disables again at readyink3, song stays hand with no pending/bag/look/reveal. Proofs /tmp/hyperia-never-apart-p2-private-look.png; /tmp/hyperia-never-apart-p2-three-cap.png; /tmp/hyperia-never-apart-p2-opponent-public.png; /tmp/hyperia-never-apart-p2-drying-disabled.png; /tmp/hyperia-never-apart-p2-exerted-disabled.png. Card types pass; simulator zero errors and one existing warning."
29,v5B,ci_v5B,Remember Me,,action,"[{""title"": ""Sing Together 6"", ""description"": ""(Any number of your or your teammates' characters with total cost 6 or more may {E} to sing this song for free.)""}, {""title"": ""For the rest of this turn, you may play characters from your discard. If you do, they enter play exerted and you can't play characters with the same name as characters you played this way this turn.""}]",src/cards/014/actions/029-remember-me.ts,src/cards/014/actions/029-remember-me.test.ts,reviewed; 14 tests94assertions pass,verified; paid/sung discard permission and cost; exerted entry; hand/discard same-name block; repeated-song preservation; player-two ownership and expiry; combined-name both directions; both public source logs,"Fixed global same-name restriction after discard play. Covers exerted entry, paid cost, end-turn expiry, owner/type limits, prior hand play, Sing Together 6 boundary and ampersand names. Browser: song pays 6 ink, discard Fru Fru pays 1 and Priya pays 2; both show Exerted/Fresh Ink; hand Fru Fru Play disabled; logs state from discard. Added Player Two singing; paid exerted discard entry; owner-scoped same-name restriction and next-turn expiry; repeat song cannot reset used names. Live Aladdin2/Koslov4 Sing Together6 exact; both exerted; bank10unchanged. Discard Fru Fru pays1bank9 and enters Fresh/exerted; hand Fru Fru Play blocked despite9ink. End turn removes unused Priya discard action. Next own turn returned Fru readies; hand copy Play restored and pays1bank9 enters Fresh ready. Priya stays in discard. Log names sung sources and from-discard play. Proof hyperia-remember-me-sung-expiry.png. Card types pass. Player Two live and repeated-song/ampersand-name browser cases remain pending. Added Player Two repeated-song combined-name restriction and opponent independence regression, plus real Duo Shift disabled-reason test; 14 tests94assertions pass. P2 browser exact Aladdin2/Koslov4 singing leaves10ink; discard Fru costs1, enters exerted/Fresh, second paid Remember6 leaves3 and hand Fru stays blocked. Both public logs name sung sources and from-discard entry. P1 hand Fru plays independently; next P2 hand Fru allowed, costs1 and enters Fresh ready; unused Priya stays discard and no discard-play tray returns. Combined-name browser plays Mickey Mouse/Minnie Mouse Duo7 from discard and blocks both individual hand names at13ink. Reverse plays Mickey3 from discard, blocks Duo at17ink, but Minnie2 hand plays ready and leaves15ink. Duo Shift also blocked with both bases present. Fixed misleading zero-ink Shift cost tooltip by preserving PLAYER_PLAY_RESTRICTED when Shift candidate validation fails; browser now shows game-effect restriction for both Play/Shift. Proofs /tmp/hyperia-remember-p2-repeat-name-block.png; /tmp/hyperia-remember-p2-opponent-public.png; /tmp/hyperia-remember-p2-expiry-ready-entry.png; /tmp/hyperia-remember-p2-pair-blocks-mickey.png; /tmp/hyperia-remember-p2-pair-blocks-minnie.png; /tmp/hyperia-remember-p2-half-blocks-pair.png; /tmp/hyperia-remember-p2-half-public.png; /tmp/hyperia-remember-p2-duo-shift-reason-fixed.png. Card/engine types pass; simulator zero errors and one existing warning; focused play-card52tests120assertions and full engine1321pass3755assertions pass,2skip52TODO."
30,WDL,ci_WDL,Never Gonna Let You Cry,,action,"[{""title"": ""Sing Together 5"", ""description"": ""(Any number of your or your teammates' characters with total cost 5 or more may {E} to sing this song for free.)""}, {""title"": ""Return up to 2 character cards with cost 2 or less each from your discard to your hand.""}]",src/cards/014/actions/030-never-gonna-let-you-cry.ts,src/cards/014/actions/030-never-gonna-let-you-cry.test.ts,reviewed; 10 tests61assertions pass,verified; optional zero/one/two own cost2-or-less character returns; type/cost/owner filtering; player-two exact5 free singing; paid zero choice; no-eligible paid/sung completion; both public return logs,"Added Player Two singing and chooser ownership with opposing discard rejection; zero return clears bag and pending effects. Browser Powerline sings without ink expenditure; chooser only Fru/Priya excludes cost3Aurora and action; one Priya returns hand1discard4bank10 and Fru remains. Found missing discard-return outcome: return-to-hand moved cards without publishing cardLeftDiscard; emit existing leave-discard event so runtime records returned-to-hand and discard-exit abilities receive it. Replaced engine TODO with public-action log regression. Browser paid5 after repair logs Priya returned to hand. Proof hyperia-never-cry-one-return.png; hyperia-never-cry-return-log-fixed.png. Full engine1309pass2skip52todo0fail3707assertions262files. Player Two live; no-eligible and exact Sing Together5 browser branches remain pending. Added Player Two no-eligible paid effect regression asserting no pending/bag, unchanged opposing discard and no fabricated public return; 10 tests61assertions pass. P2 browser explicitly chooses Sing Together then Max Singer5, counter5/5 with ink5 unchanged. Own picker has exactly Fru/Priya/Judy, excludes cost3 Aurora/song/opposing Fru. Select Fru/Priya returns both by name, leaves Judy; second paid5 offers only Judy and Decline effect returns zero, clears choices and ink0. Both views show exact two targets/returns and normal zero resolution without false return; P1 discard stays1. No-eligible P2 discard cost3 Aurora/song/item/location: sung effect leaves5ink, paid second uses5; discard4to6 only adds songs, own normal Fru draw stays hand and opposing Fru stays discard. Both views contain only played/singer source logs, no false return and no active chooser/pending/bag. Proofs /tmp/hyperia-never-cry-p2-eligible-picker.png; /tmp/hyperia-never-cry-p2-two-and-zero.png; /tmp/hyperia-never-cry-p2-opponent-returns.png; /tmp/hyperia-never-cry-p2-no-eligible-public.png. Card types pass; simulator zero errors and one existing warning."
31,6Lu,ci_6Lu,Ancestral Guitar,,item,"[{""title"": ""Musical Legacy"", ""description"": ""When you play this item, draw a card.""}, {""title"": ""From the Heart"", ""description"": ""{E}, 1 {I} — Chosen character gains Singer and counts as having +2 cost to sing songs this turn.""}]",src/cards/014/items/031-ancestral-guitar.ts,src/cards/014/items/031-ancestral-guitar.test.ts,reviewed; 11 tests58assertions pass,verified; entry draw; immediate paid activation; boosted singing; player-two private draw and public logs; empty-deck completion; temporary Singer and singing bonus expiry,"Added Player Two paid2entry draw and immediate paid1activation followed by singing. Corrected empty-deck expiry false-green with natural deck and explicit Singer expiry. Added delayed target choice and singing availability regression. Browser Guitar pays2bank3to1draws exactly Fru deck6to5; named Musical Legacy private draw log. Immediate activation pays1bank0exerts item and grants Archimedes Singer. Found singing discovery ignores temporary cost modifiers because getSongPlayOptions supplied authoritative match state rather than runtime context; map ctx and private zones explicitly; narrow helper framework to state only and remove caller cast. After repair Sing available at zero ink and Archimedes sings Never Gonna Let You Cry, exerts and puts Song in discard. Proof hyperia-guitar-entry-singing-fixed.png. Engine1309pass2skip52todo0fail3707assertions. Engine and simulator type checks pass. Player Two live; empty draw; opponent draw privacy and boosted expiry browser cases remain pending. Added Player Two empty-deck entry regression after normal draw consumes last card: item enters, hand stays one, ink0, no pending/bag. 11 tests58assertions pass. P2 browser normal Fru draw then Guitar pays2 leaving1, privately draws Judy and deck5to4; owner log names Judy, opponent log only draw count. Immediate activation pays1 to0 and exerts Guitar, target Archimedes cost4 gains Singer; successfully sings cost5 Never Cry with no ink. Both views name source, activation, target and singer. At next own turn Archimedes ready has no Singer, second cost5 song Sing disabled: no ready singer with cost5 or more. Empty P2 deck after normal Fru draw: Guitar plays for2, no extra hand card, Musical Legacy resolves without false draw in both views, playing status and pending/bag0. Proofs /tmp/hyperia-guitar-p2-private-draw.png; /tmp/hyperia-guitar-p2-opponent-public.png; /tmp/hyperia-guitar-p2-expiry.png; /tmp/hyperia-guitar-p2-empty-public.png. Cards types pass, simulator zero errors one existing warning."
32,UTF,ci_UTF,Speaker Stack,,item,"[{""title"": ""PUMP IT UP"", ""description"": ""Your characters with Singer get +1 {S} and +1 {W}.""}]",src/cards/014/items/032-speaker-stack.ts,src/cards/014/items/032-speaker-stack.test.ts,reviewed; 8 tests42assertions pass,verified; own Singer bonuses; plain and opponent exclusions; stacked copies and removal; player-two paid entry; lethal item removal and temporary Singer expiry; both public banish logs,"Own Singer bonus, plain/opponent exclusions, temporary Singer gain/expiry, stacked copies and public item banish remove bonuses. Added P2 paid entry and ownership, no pending choice, and lethal damage after willpower bonus removal. Browser: Guitar grants Singer to Archimedes; one Stack gives 3/5, paid second Stack gives 4/6, first Break restores 3/5, second Break restores printed 2/4 while Singer remains. Both Break logs name the banished Speaker Stack. P2 and lethal-removal browser checks remain pending. Added public-action P2 regression for temporary Singer expiry removing Stack willpower and causing lethal banishment, with exact named public log; 8 tests42assertions pass. Found turn advance omitted lethal sweep after effect/keyword expiry; invalidate static registry and sweep after expiry and turn metadata reset. Pass-turn log now publishes banishments without duplicating next-turn draws/readies. P2 browser damaged Max starts4/5 with4damage oneStack; pays2 for secondStack gives5/6 ink6to4. Plain Archimedes and opposing Max unchanged. First Break2 leavesMax4/5; secondBreak2 removeslastStack andMax, discard5, ink0; bothviews name item and Max banishment. Separate expiry browser grantsArchimedesSinger3/5, two paid FiretheCannons actions cause4damage and survive; pass expires Singer and +1W, banishesArchimedes whileStack/Guitar stay, discard3 and no pending/bag. Bothviews pass log names Archimedesbanished. Proofs /tmp/hyperia-stack-p2-two-stacks.png; /tmp/hyperia-stack-p2-lethal-removal.png; /tmp/hyperia-stack-p2-opponent-lethal.png; /tmp/hyperia-stack-p2-expiry-before.png; /tmp/hyperia-stack-p2-expiry-fixed-public.png. Fullengine1321pass3755assertions2skip52TODO; cards/engine types pass; simulator0errors1existingwarning."
33,wya,ci_wya,Mamá Imelda's Blessing,,item,"[{""title"": ""FAMILIAL DUTY"", ""description"": ""{E}, 1 {I} — Chosen character gets -1 {S} and can't {E} to sing songs until the start of your next turn.""}]",src/cards/014/items/033-mama-imeldas-blessing.ts,src/cards/014/items/033-mama-imeldas-blessing.test.ts,reviewed; 6 tests45assertions pass,verified; paid activation and item exertion; strength penalty; single/group singing exclusion; player-two controller-start expiry; printed-cost singer restriction; both public duration and restored singing logs,"Strength and single/group singing restrictions persist through opposing turn and expire at controller start; quest allowed; target/ink/exert boundaries. Fixed empty-deck expiry setup; added P2 controller duration and ordinary printed-cost singer without Singer keyword. Browser: paid one ink/exerted item, Powerline strength 4 to 3 and Sing disabled during opposing turn; penalty disappears at own-next-start; next opposing turn Powerline sings free and exerts with named log. Repaired shared logs: browser now names Powerline, source item, -1 strength, singing block and controller-next-start expiry; 144 formatting tests pass. P2 activation browser pending. Added exact P2 public strength-modified and singing-blocked-until-next-start assertions with source/target/controller IDs; 6 tests45assertions pass. P2 browser two Blessings pay1 each ink2to0 and exert, target opposing Powerline Singer9 and plain Archimedes. On P1 turn strength4to3 and2to1 persists; NeverCry5 with SingTogether and Friends3 Sing unavailable despite both ready. Both logs name item/target/-1strength and duration; P2 viewer says YOU, P1 viewer OPPONENT. At next P2 start activeeffects0, strengths restored. Following P1 turn Powerline singsNeverCry5 and plainArchimedes singsFriends3 free, bothexert, exactpublicsingernames bothviews; Friends private draw details remain hidden fromP2. Proofs /tmp/hyperia-blessing-p2-activation.png; /tmp/hyperia-blessing-p2-group-disabled.png; /tmp/hyperia-blessing-p2-opponent-duration.png; /tmp/hyperia-blessing-p2-start-expiry.png; /tmp/hyperia-blessing-p2-restored-public.png. Cardtypespass simulator0errors1existingwarning."
34,iKo,ci_iKo,Port Authority,Center Hub,location,"[{""title"": ""WELCOME TO TOWN"", ""description"": ""Once during your turn, whenever a character moves here, each player gets 1 ink drop and gains 1 lore. (Each ink drop may be removed to pay 1 {I}.)""}]",src/cards/014/locations/034-port-authority-center-hub.ts,src/cards/014/locations/034-port-authority-center-hub.test.ts,reviewed; 7 tests67assertions pass,verified; each-player lore/drop rewards; player-two movement payment; once-per-turn repeated arrivals; wrong destination; next-own-turn reset; opposing-turn movement negative; both public reward logs,"Each-player lore/drop, per-instance once-per-turn, wrong location, next-turn reset/passive lore, opposing-turn movement negative. Added P2 movement payment and own-turn rewards. Browser: Baymax paid one ink to enter Port Authority; both players gain one lore/drop with named WELCOME TO TOWN log. Fru Fru pays one to join; no second reward, two residents and named movement log. P2, next-turn reset/passive lore, wrong destination and opposing-turn movement browser checks pending. Added exact each-player lore and ink-drop public messages to P2 test; 7 tests67assertions pass. P2 browser initialstart printed locationlore2, moveFru toBelleHouse costs2 noWELCOME reward, ArchimedesPort costs1 rewards both1lore/drop, FruPort thenArchimedesaway/back costs1/2/1 no repeatedreward; bank7to0, P1lore1 P2lore3 drops1each. Bothpublicviews name everymovement and oneWELCOME with bothplayers gains. NextP2start lore5, moveaway/back costs2/1 triggerssecondWELCOME: P1lore2 P2lore6 drops2each. Opposing-turn diagnostic uses explicitly labeled audit harness action to move P2Fru into itsunchanged realPort onP1turn; lore0/drop0 both, namedmovementonly, no falseWELCOME or pending/bag. Proofs /tmp/hyperia-port-p2-once.png; /tmp/hyperia-port-p2-opponent-once.png; /tmp/hyperia-port-p2-reset.png; /tmp/hyperia-port-p2-opponent-reset.png; /tmp/hyperia-port-opposing-no-reward.png; /tmp/hyperia-port-opposing-no-reward-owner.png. Cardtypespass simulator0errors1existingwarning."
35,Ae0,ci_Ae0,Owen Burnett,Xanatos's Assistant,character,"[{""title"": ""CUT YOUR LOSSES"", ""description"": ""When you play this character, you may return chosen character, item, or location with cost 2 or less to their player's hand.""}]",src/cards/014/characters/035-owen-burnett-xanatoss-assistant.ts,src/cards/014/characters/035-owen-burnett-xanatoss-assistant.test.ts,reviewed; 8 tests45assertions pass,verified; character/item/location return; exact-two cost and owner-hand destination; player-two item returns; no-eligible completion; optional decline; both public return logs,"Character/item/location return; owned location detaches resident; exact-two and invalid target; optional decline. Added P2 payment, opponent owner-hand return and public outcome log; no-eligible bag cleanup asserted. Browser paid three each: selector lists own/opposing cost-two-or-less cards, excludes Owen three and Port Authority four; Belle House returns to hand leaving Fru Fru detached in play; Priya returns to opposing hand; third Owen declines without moving a permanent. Named return and decline logs verified. Item return, P2 and no-eligible browser checks pending. Added P2 own exact-two item return and second no-eligible entry regression using distinct hand instance lookup; rejects false extra return log, no pending/bag, ownerzones preserved. 8 tests45assertions pass. P2 browser threeOwens pay3each ink9to6to3to0: firstpicker exactlyGuitar/Stack excludesPowerline6 Port4 Owen3 andhandFru. FirstreturnsownGuitar toP2hand; secondpickeronlyopposingStack andreturnsit toP1hand, Powerlinebonus disappears. Thirdnoeligible automaticallycompletesoptionalno, no newreturn/pending/bag. P2hand2(normalFru/Guitar),P1hand1Stack, own3Owens/Portremain. Bothviews source/target/itemreturnedlogs and finalchoosingnolog withno fabricatedreturn. Proofs /tmp/hyperia-owen-p2-item-picker.png; /tmp/hyperia-owen-p2-item-returns-empty.png; /tmp/hyperia-owen-p2-opponent-returns.png. Cardtypespass simulator0errors1existingwarning."
36,amS,ci_amS,Scuttle,Directing Traffic,character,"""""",src/cards/014/characters/036-scuttle-directing-traffic.ts,src/cards/014/characters/vanilla-model-properties.test.ts,reviewed; 126 shared vanilla tests pass,not required; no printed abilities; basics excluded by revised scope,"Cost two, strength one, willpower three, lore two. Browser challenge deals one to Yax and seven retaliation banishes Scuttle; paid entry spends two and has Fresh Ink with quest/challenge disabled; insufficient ink blocks another copy; ink succeeds; after both turns quests with Xanatos for total four. Named play/combat/quest/ink logs verified. Shared P2 paid-entry Fresh Ink and next-turn quest tests pass. P2 browser remains pending. Scope review 2026-10-05: no printed abilities; no ability-flow validation required. Previous browser status: partial; paid entry quest combat and inkability verified. Historical basic-action evidence retained; any pending basic-action checks are outside scope."
37,ljM,ci_ljM,David Xanatos,Arcane Industrialist,character,"""""",src/cards/014/characters/037-david-xanatos-arcane-industrialist.ts,src/cards/014/characters/vanilla-model-properties.test.ts,reviewed; 126 shared vanilla tests pass,not required; no printed abilities; basics excluded by revised scope,"Cost five, strength six, willpower five, lore two. Browser challenge deals six to Yax and seven retaliation banishes Xanatos; paid entry spends five and has Fresh Ink with quest/challenge disabled; one ready ink cannot pay five; next turn quests with Scuttle for total four; ink succeeds. Named play/combat/quest/ink logs verified. Shared P2 paid-entry Fresh Ink and next-turn quest tests pass. P2 browser remains pending. Scope review 2026-10-05: no printed abilities; no ability-flow validation required. Previous browser status: partial; paid entry quest combat and inkability verified. Historical basic-action evidence retained; any pending basic-action checks are outside scope."
38,wsg,ci_wsg,Lexington,Fearless Flier,character,"[{""title"": ""Evasive""}, {""title"": ""STONE BY DAY"", ""description"": ""If you have 3 or more cards in your hand, this character can't ready.""}]",src/cards/014/characters/038-lexington-fearless-flier.ts,src/cards/014/characters/038-lexington-fearless-flier.test.ts,reviewed; 9 tests37assertions pass,verified; Ready-before-Draw hand threshold; effect-based readying at two/three; player-two hand checks; Evasive defender plain rejection and allowed attacker; both public outcome logs,"Evasive legality, three-card prohibition, two-card Ready-before-Draw boundary and effect-based readying at current hand counts. Added P2 two-card ready to three-card draw, quest, and next three-card Ready block. Browser first Fan leaves three and stays exerted; second leaves two and readies with outcome log; Fan quest ban remains, legal challenge deals three and survives zero retaliation. Next Ready step with two readies before draw to three and quests two; following Ready with three stays exerted after draw to four, quest/challenge disabled. P2 and Evasive defender browser checks pending. Strengthened unchecked pass setup assertions and added P2 Evasive defender public-action regression; 9 tests37assertions pass. P2 browser starts2hand(exertedLex), pass readies before normaldraw makes3; questonlysetup thennextownReady sees3 andstays exerted afterdraw4, Quest/Challenge disabled. FirstFan1 leaves3 andcannotreadyLex/no readyoutcome, secondFan1 leaves2 readiesLex/exactnamedoutcome. Bothviews show initialreadied andonlysecondFan readylog, private normaldrawidentity hiddenfromP1. Separate P2defender: plainScuttle Challenge disabled/nolegal target, staysreadyundamaged; EvasiveArchimedes challengesLex deals2 takes3, Lexbanished Archsurvives3damage. Bothviews same namedchallenge/reciprocaldamage/banishment. Proofs /tmp/hyperia-lex-p2-ready-before-draw.png; /tmp/hyperia-lex-p2-three-before-draw-block.png; /tmp/hyperia-lex-p2-effect-threshold.png; /tmp/hyperia-lex-p2-opponent-threshold.png; /tmp/hyperia-lex-p2-evasive-plain-block.png; /tmp/hyperia-lex-p2-evasive-challenge.png; /tmp/hyperia-lex-p2-defender-public.png. Cardtypespass simulator0errors1existingwarning."
39,l5w,ci_l5w,Merlin,Bauble Expert,character,"[{""title"": ""RAW MATERIAL"", ""description"": ""When you play this character, if you have a character named Arthur in play, get 1 ink drop. (You may remove an ink drop to pay 1 {I}.)""}]",src/cards/014/characters/039-merlin-bauble-expert.ts,src/cards/014/characters/039-merlin-bauble-expert.test.ts,"reviewed; 6 tests and 23 assertions pass; own Arthur condition, exact reward and controller-only spend covered",verified; opposing Arthur gives no drop; fresh friendly Arthur grants one; drop-funded payment at zero ready ink and both owner/public logs,"Friendly Arthur required in play; opposing/hand/sub-string name negatives; multiple Arthurs produce one controller-only drop; player two plays a drying Arthur then Merlin and spends the granted drop. Browser player-two boundary verified on 2026-10-05 via set14-audit-merlin-player-two: first Merlin spends three leaving five of eight ready ink and no drop while Arthur is opposing or in own hand. Play own Arthur for two and decline its separate Careful Crafting ability, leaving three ready ink and no drop. Second Merlin spends three leaving zero of eight and Raw Material grants exactly one player-two drop despite Arthur drying. Arm that drop and play Fru Fru: reward is spent, bank stays zero of eight and Fru Fru enters play. Both views show named Raw Material grant and one-drop removal with correct YOU/OPPONENT attribution; player one never gains a drop. Proofs /tmp/hyperia-merlin-player-two-opposing-arthur.png and /tmp/hyperia-merlin-player-two-friendly-drop.png and /tmp/hyperia-merlin-player-two-drop-spent.png and /tmp/hyperia-merlin-player-two-public-drop-logs.png. Focused unit suite six pass and 23 assertions; simulator types zero errors and one existing warning. Printed ability browser review complete under ability-only scope."
40,j6r,ci_j6r,Pepita,Watchful Alebrije,character,"""Challenger +2""",src/cards/014/characters/040-pepita-watchful-alebrije.ts,src/cards/014/characters/040-pepita-watchful-alebrije.test.ts,reviewed; 5 tests and 25 assertions pass; printed Challenger attack-only and strength reset covered,verified; Challenger four-damage attack and banishment; base-strength defense; player-two attack and strength reset; both public logs,"Exact four damage and reset tested for player two; Challenger actual attacking damage; no defending bonus; quest awards one lore and exerts. Browser player-two ability boundary verified on 2026-10-05 via set14-audit-pepita-player-two: Pepita preview strength two and Challenger +2 before attack; challenge opposing exerted Tinker Bell deals exactly four and banishes it; Pepita survives and returns to strength two after resolution. Both player views show the same named challenge, four-damage and banishment log with correct YOU/OPPONENT attribution. Prior primary attack and base-strength defense evidence retained. Proofs /tmp/hyperia-pepita-player-two-challenger.png and /tmp/hyperia-pepita-player-two-public-log.png. Focused unit suite five pass and 25 assertions; simulator types zero errors and one existing warning. Printed ability browser review complete under ability-only scope."
41,gzW,ci_gzW,Archimedes,Has Had Enough,character,"""Evasive""",src/cards/014/characters/041-archimedes-has-had-enough.ts,src/cards/014/characters/041-archimedes-has-had-enough.test.ts,reviewed; 5 tests and 41 assertions pass; Evasive rejection and allowed challenge for both ownership directions,verified; Evasive blocks plain attackers and permits Evasive attackers for both ownership directions; reciprocal damage and both public logs,"Player-two paid entry and Fresh Ink quest timing verified; Evasive rejects ordinary attackers, allows Evasive attackers, and does not prevent challenging an exerted ordinary character; ready target rejected. Scope review 2026-10-05: normal paid-entry check excluded; reversed-seat Evasive combat remains in scope. Browser reversed-seat Evasive defender verified on 2026-10-05 via set14-audit-archimedes-player-two: player-two Archimedes starts exerted with Evasive; ready plain Scuttle has Challenge disabled with no legal targets and remains ready with no damage or move log. Evasive Lexington has Challenge enabled and selects Archimedes; deals three damage, receives two retaliation damage and is banished while Archimedes survives with three damage. Both views show matching named challenge, damage and banishment logs with YOU/OPPONENT attribution; Scuttle remains ready and undamaged. Added reversed-seat public-action unit regression rejecting plain attacker then accepting Evasive attacker without intervening state changes. Focused suite five pass and 41 assertions; card type check passed; simulator types zero errors and one existing warning. Proofs /tmp/hyperia-archimedes-player-two-plain-blocked.png and /tmp/hyperia-archimedes-player-two-allowed-log.png and /tmp/hyperia-archimedes-player-two-owner-log.png. Printed ability browser review complete under ability-only scope."
42,q7N,ci_q7N,Tía Victoria,Disapproving Ancestor,character,"[{""title"": ""Withering Glare"", ""description"": ""When you play this character, chosen opposing character can't ready at the start of their next turn.""}]",src/cards/014/characters/042-tia-victoria-disapproving-ancestor.ts,src/cards/014/characters/042-tia-victoria-disapproving-ancestor.test.ts,"reviewed; 7 tests and 49 assertions pass; opposing target, next-start restriction, effect readying, persistence and expiry covered",verified; opposing-only selection; target next-start freeze; main-phase ready permitted; both source owners; source-leaves persistence; following-turn expiry and named public outcome,"Fixed next-start-only restriction and target-owner next-turn duration. Target-only freeze, later-turn expiry, own-target rejection, ready target unchanged, normal ready effect allowed and source-leaves persistence verified. Browser: chooser offers only opposing Powerline/Archimedes; selected Powerline remains exerted while unselected Archimedes readies; Jukebox readies Powerline in main phase. Typed public outcome now names the source and target and states the next-start Ready restriction; browser verified. Player-two browser: paid six ink; opposing-only selector; chosen Scuttle remains exerted while Fru Fru readies; Scuttle readies with named log at the following start. Source departure browser verified: Dragon Fire banishes Victoria before the target turn; Scuttle stays exerted while Fru Fru readies; banishment and Ready logs name the cards. Explicit restriction outcome log fixed and browser verified; seven tests include the public outcome assertion. Ability-only completion audit 2026-10-05: current definition restricts cant-ready-at-start-of-turn for their-next-turn and opposing chosen in-play characters. Re-read all seven active tests and reran them: seven pass with 49 assertions, including exact public nextStartReadyBlocked outcome. Inspected saved in-app browser proofs /tmp/hyperia-victoria-source-departure-freeze.png (Victoria banished, chosen Scuttle remains exerted, unchosen Fru Fru readies), /tmp/hyperia-victoria-player-two-expiry.png (Scuttle readies at following target-owner start) and /tmp/hyperia-victoria-restriction-log.png (explicit named source/target next-start restriction). Existing opposing-only chooser and main-phase Jukebox ready evidence retained. No printed-ability boundary remains in the recorded unit/browser evidence; corrected stale partial status without claiming new browser execution."
43,3tB,ci_3tB,Dante,Enthusiastic Stray,character,"[{""title"": ""Anything for You"", ""description"": ""When you play this character, chosen character gains Challenger +2 this turn. (They get +2 {S} while challenging.)""}]",src/cards/014/characters/043-dante-enthusiastic-stray.ts,src/cards/014/characters/043-dante-enthusiastic-stray.test.ts,"reviewed; 8 tests and 41 assertions pass; target legality, stacking, exact damage and this-turn expiry covered",verified; self opposing and friendly grants for player two; printed Challenger stacking to four; six damage; temporary expiry preserves printed two; both named public logs,"Player-two stacking and exact six damage tested; temporary expiry preserves printed Challenger; chosen character gets temporary Challenger; unselected character excluded; actual attack damage and expiry; self/opponent targets allowed; drying retained; item target rejected without consuming choice. Browser player-two target boundaries verified on 2026-10-05 via set14-audit-dante-player-two. Three independent played Dantes grant Challenger two to the first source itself, opposing Scuttle and friendly Pepita respectively. Mandatory pickers include only in-play characters and show zero selected with Confirm disabled; clicking each legal target resolves its own grant and named target log. First Dante retains Fresh Ink alongside Challenger two; unchosen Dantes gain no keyword. Scuttle gains Challenger two despite opposing ownership. Pepita stacks its printed Challenger two to four, remains strength two outside combat and challenges exerted Tinker Bell for exactly six damage with named banishment log. After player two passes, self and opposing temporary grants disappear before Scuttle can act on player one turn; Pepita retains only printed Challenger two. Both owner and opposing views show all three source/target grant logs and exact six-damage challenge log. Proofs /tmp/hyperia-dante-player-two-self-grant.png and /tmp/hyperia-dante-player-two-opposing-grant.png and /tmp/hyperia-dante-player-two-three-grants.png and /tmp/hyperia-dante-player-two-six-damage.png and /tmp/hyperia-dante-player-two-expiry-public-log.png. Focused unit suite eight pass and 41 assertions; simulator types zero errors and one existing warning. Printed ability browser review complete under ability-only scope."
44,Nxf,ci_Nxf,Mamá Coco,Visiting the Park,character,"[{""title"": ""DISTANT MEMORY"", ""description"": ""Whenever you put 1 or more cards into your discard from your deck, this character gets +1 {L} this turn.""}]",src/cards/014/characters/044-mama-coco-visiting-the-park.ts,src/cards/014/characters/044-mama-coco-visiting-the-park.test.ts,reviewed; 8 behavior tests and 63 assertions pass; real opposing mill song uses explicit controller card IDs,verified; separate mill batches stack; one-card mill gives one bonus; opposing-turn ownership and expiry; opposing deck empty deck and hand-discard negatives; player-two quest and public logs,"One trigger per multi-card mill batch; separate batches stack; opposing/empty deck and hand-discard negatives; own-deck mill on opposing turn and end-turn expiry verified. Browser: Rivera Photo mills two cards, Coco displays lore two, then returns to base lore one on turn change. Mill log names amount and Coco trigger; typed public outcome now states the one-lore this-turn increase and is browser verified. Browser separate Photo activations mill two each; Coco lore becomes two then three; quest awards three with named log; turn change restores printed lore one. Player-two short-deck one-card mill tested. Explicit temporary lore modifier log fixed and browser verified; card action asserts public outcome. Opposing-turn and negative browser cases remain pending. Follow-up: eight tests and 63 assertions pass. Added real A Very Merry Unbirthday regression with both players controlling Coco, using explicit instance IDs to avoid selecting the other copy; affected owner only gets bonus and it expires before that owner's next turn. Browser: player one mills player two's deck two cards; only player two Coco becomes lore two, while player one remains one. At player two start the bonus is gone and displayed lore is one. Photo mills two own cards and raises lore to two; second Photo mills zero from empty deck and adds no bonus. Discard Fru Fru from hand for Demona raises discard four to five without increasing Coco above lore two or adding a Coco trigger. Player-two opposing song mills player one's deck and grants only player one an additional bonus. Separate player-two short-deck fixture: normal start draw leaves one card; Photo mills exactly one, gains exactly one bonus, and Coco quests for two. Both public views name the one-card mill, temporary one-lore modifier and two-lore quest. End-turn expiry in the reverse-seat empty-deck run was not counted because that pass ended the game; the earlier opposing-turn bonus expiry was directly verified. Proofs: /tmp/hyperia-coco-p2-opposing-turn-mill.png; /tmp/hyperia-coco-opposing-deck-no-bonus.png; /tmp/hyperia-coco-p2-opposing-turn-expired.png; /tmp/hyperia-coco-empty-deck-no-bonus.png; /tmp/hyperia-coco-hand-discard-no-bonus.png; /tmp/hyperia-coco-player-one-opposing-turn-mill.png; /tmp/hyperia-coco-player-two-one-card-mill.png; /tmp/hyperia-coco-player-two-one-card-public-log.png."
45,jhs,ci_jhs,Tinker Bell,Curious Fairy,character,"""""",src/cards/014/characters/045-tinker-bell-curious-fairy.ts,src/cards/014/characters/vanilla-model-properties.test.ts,reviewed; vanilla matrix 144 tests pass,not required; no printed abilities; basics excluded by revised scope,Zero strength four willpower one lore; shared tests cover exact retaliation and player-two paid entry; browser validates zero damage dealt and one taken with Scuttle; Fresh Ink blocks quest and challenge; inkable copy adds ready ink. Scope review 2026-10-05: no printed abilities; no ability-flow validation required. Previous browser status: partial; zero-strength attack; quest one; paid Fresh Ink entry; insufficient play disabled; inking and named logs verified; player-two and retaliation browser pending. Historical basic-action evidence retained; any pending basic-action checks are outside scope.
46,SDE,ci_SDE,Madam Mim,Bauble Chaser,character,"[{""title"": ""HARD TO HANDLE"", ""description"": ""While you have an ink drop, this character gains Evasive.""}]",src/cards/014/characters/046-madam-mim-bauble-chaser.ts,src/cards/014/characters/046-madam-mim-bauble-chaser.test.ts,"reviewed; 8 tests and 43 assertions pass; own-drop Evasive condition, payment transitions and challenge legality covered",verified; one-drop payment keeps Evasive; last drop removes it; new drop restores it; both owners; plain attacker blocked with one remaining drop; named public payment and combat logs,"Player-two partial payment keeps Evasive; last-drop payment removes it despite opposing drops; gaining a new drop restores it; Evasive with own drop only; last-drop spending immediately removes keyword; quest and opponent challenge through public actions. Browser remaining-drop rejection verified on 2026-10-05 via existing set14-audit-mim-drops: pay one of two drops for Fru Fru, leaving exactly one; Mim retains Evasive, quests to become exerted and passes. Player-two ready Scuttle shows enabled Quest but Challenge disabled with no legal targets; opposing Mim remains exerted, Evasive and undamaged with one owner drop. Fru Fru is still ready, so it does not provide a separate legal target. No challenge or damage move is logged; existing public log contains only the one-drop payment, Mim quest and turn pass. Strengthened unit rejection assertions to prove plain attacker stays ready, both characters take no damage and the owner drop remains one; allowed Evasive attack also asserts exact two retaliation damage. Focused suite eight pass and 43 assertions; card types passed. Proof /tmp/hyperia-mim-one-drop-plain-attacker-blocked.png. Existing two-owner partial/last-drop payment, restored keyword and post-removal challenge browser evidence retained. Printed ability browser review complete under ability-only scope."
47,kjn,ci_kjn,Peter Pan's Shadow,Elusive Prankster,character,"[{""title"": ""Evasive""}, {""title"": ""Favorite Trick"", ""description"": ""When you play this character, you may exert chosen opposing character.""}]",src/cards/014/characters/047-peter-pans-shadow-elusive-prankster.ts,src/cards/014/characters/047-peter-pans-shadow-elusive-prankster.test.ts,reviewed; 11 tests53assertions pass,verified; opposing-only optional exert; player-two selected target and decline; already exerted and no-opponent completion; Evasive plain rejection and allowed challenge; both public outcome logs,"Optional opposing character exert; own target rejection retains choice; no opposing characters resolves normally; player-two selected target only; paid entry and Fresh Ink; normal next-start ready and next-turn quest one; already exerted target resolves without changing another opponent. Added reversed-seat Evasive defender and P2 no-opponent completion/false-exert-log regressions; current suite11tests53assertions pass (corrected previous testcount). P2 browser threepaidShadows ink9to6to3to0: pickerexactlyopposingArchimedes/Scuttle excludesownFru/Shadow. FirstchoosesScuttle andexerts onlyit; secondchoosesalreadyexertedScuttle no repeatedexertoutcome; thirdSkip leavesArchready. Bothviews exact FavoriteTrick source/target andfirstonlynamedexert, decline nofalseoutcome. Separate P2no-opponentfixture ownFru remainsready, no eligibleopposingtarget, autochoosingno withpending/bag0 andnoexert. EvasiveP2defenderfixture plainScuttle Challenge disabled staysreadyundamaged, EvasiveArchimedes attacksShadow deals2/takes2; Shadowdiscard Archsurvives2damage. Bothviews matchingnamedchallenge/damage/banishment. Proofs /tmp/hyperia-shadow-p2-opposing-picker.png; /tmp/hyperia-shadow-p2-exert-and-decline.png; /tmp/hyperia-shadow-p2-opponent-exert.png; /tmp/hyperia-shadow-p2-no-target-public.png; /tmp/hyperia-shadow-p2-plain-block.png; /tmp/hyperia-shadow-p2-evasive-attacker-public.png; /tmp/hyperia-shadow-p2-evasive-defender-public.png. Cardtypespass simulator0errors1existingwarning."
48,PJW,ci_PJW,Dante,Strange and Endearing,character,"[{""title"": ""Evasive""}, {""title"": ""Digging in the Trash"", ""description"": ""While you have 10 or more cards in your discard, this character gets +1 {L}.""}]",src/cards/014/characters/048-dante-strange-and-endearing.ts,src/cards/014/characters/048-dante-strange-and-endearing.test.ts,reviewed; 12 tests 48 assertions pass,verified; own discard threshold rises and falls for player two; opposing discard excluded; Evasive plain rejection and allowed challenge with zero retaliation; both player logs,"Own discard 9/10/11 lore threshold; opposing discard excluded; falling below ten removes bonus; Evasive challenge legality with banishment and zero retaliation; player-two action entering discard raises own count from nine to ten and quest from one to two despite opposing eleven cards. Added P2 real-song two-card return below ten and reversed-seat Evasive zero-retaliation regressions. Suite12tests48assertions passes. P2 browser nine own discard versus eleven opposing gives lore1; paid Khan2 draws privately and becomes tenth discard, lore2 immediately. Quest yields2. Khan ink drop pays remaining Song cost with four ink; song becomes eleventh discard then two own named returns reduce to9 and lore1 immediately. P2 hand4, ink0, inkdrop0, P1discard11 unchanged. Owner Khan draw names Fru; opponent sees count only. Both views show exact source, boosted quest and Fru/Priya returns. Plain Scuttle Challenge disabled and remains ready; Evasive Archimedes deals2 to Dante, Dante banished, Archimedes exerted with no damage and no false retaliation log. Both views named challenge/damage/banishment. Proofs /tmp/hyperia-dante-p2-threshold-ten.png; /tmp/hyperia-dante-p2-threshold-falls.png; /tmp/hyperia-dante-p2-threshold-owner-log.png; /tmp/hyperia-dante-p2-threshold-public-log.png; /tmp/hyperia-dante-p2-plain-block.png; /tmp/hyperia-dante-p2-evasive-attacker-log.png; /tmp/hyperia-dante-p2-evasive-defender-public.png; /tmp/hyperia-dante-p2-zero-retaliation-board.png. Card types pass; simulator zero errors and one existing warning."
49,j86,ci_j86,Fox Xanatos,Charismatic Outlaw,character,"""Rush""",src/cards/014/characters/049-fox-xanatos-charismatic-outlaw.ts,src/cards/014/characters/049-fox-xanatos-charismatic-outlaw.test.ts,reviewed; 6 tests 41 assertions pass,verified; player-two paid entry Rush immediate challenge; Fresh Ink quest/singing restriction; ready target excluded; next-own-turn singing; both public logs,"Rush permits immediate challenge but does not bypass drying for quest/singing or allow challenges against ready characters; player-two paid entry five and immediate challenge deals five and takes two; survives and exerts; next ready step allows quest one. Added Player Two Rush singing/ready-target boundary and next-turn restored singing regression. Six tests41assertions pass. P2 browser paid5 ink5to0, FreshInk/Rush displayed; Quest disabled FreshInk and Friends Sing disabled. Challenge targeting ready Scuttle leaves guidance active, Foxready and no executed challenge; exerted Tinker accepted immediately. Foxdeals5 Tinkerbanished, Foxexerted no retaliationdamage. Bothviews matchingnameddamage/banishment. Next own turn Foxreadied, FreshInk gone, Friends singing succeeds at zero ink spent; two draws named only for controller, opponent countonly. Proofs /tmp/hyperia-fox-p2-fresh-rush.png; /tmp/hyperia-fox-p2-fresh-sing-block.png; /tmp/hyperia-fox-p2-ready-target-block.png; /tmp/hyperia-fox-p2-rush-owner-log.png; /tmp/hyperia-fox-p2-rush-public-log.png; /tmp/hyperia-fox-p2-next-turn-sing-owner.png; /tmp/hyperia-fox-p2-next-turn-sing-public.png. Card types pass; simulator zero errors and one existing warning."
50,PkS,ci_PkS,Brooklyn,Full Throttle,character,"[{""title"": ""WILD RIDE 6"", ""description"": ""{I} — Gain 1 lore.""}, {""title"": ""STONE BY DAY"", ""description"": ""If you have 3 or more cards in your hand, this character can't ready.""}]",src/cards/014/characters/050-brooklyn-full-throttle.ts,src/cards/014/characters/050-brooklyn-full-throttle.test.ts,reviewed; 11 tests 60 assertions pass,verified; player-two repeatable Fresh Ink and exerted activation; six-ink and mixed-drop payments; insufficient-payment exclusion; Stone By Day turn/effect ready threshold; both public logs,"Repeatable six-ink lore ability while exerted/drying; five ink plus one drop; insufficient-payment rejection; Stone By Day checked before draw at hand size two; player-two hand two readies then draws three; hand three stays exerted then draws four; ink-only activation works in either state and awards only player two lore; drying fixture explicitly sets Fresh Ink. Added P2 fresh repeated mixed payment and real Fan effect ready boundary tests. Suite11tests60assertions passes. P2 browser Ready before Draw: own hand2 readies then draw3; after setupquest next own hand3 blocks ready then draw4. Both views exactly first namedready only. P2 exerted fixture hand3 blocksReady, WildRide twice ink14to8to2 ownlore2; firstFan1 leaveshand3 andBrookexerted nofalse ready, secondFan1 leaveshand2 andreadies, ink0. Both named public activation/ready logs. FreshP2 paidBrook1 ink12to11; activates6 FreshInk staysready, ink5 unabletoactivate untilselecteddrop1; secondmixed5+drop1 ink0drop0 ownlore2 opposing0, thirdactivationunavailable. Both public logs sourceWildRide6 andcorrectcontrollerlore/dropremoval. Proofs /tmp/hyperia-brooklyn-p2-ready-before-draw.png; /tmp/hyperia-brooklyn-p2-three-before-draw-block.png; /tmp/hyperia-brooklyn-p2-threshold-opponent-log.png; /tmp/hyperia-brooklyn-p2-exerted-repeat.png; /tmp/hyperia-brooklyn-p2-effect-three-block.png; /tmp/hyperia-brooklyn-p2-effect-two-ready.png; /tmp/hyperia-brooklyn-p2-effect-public.png; /tmp/hyperia-brooklyn-p2-five-ink-block.png; /tmp/hyperia-brooklyn-p2-fresh-mixed-owner.png; /tmp/hyperia-brooklyn-p2-fresh-mixed-public.png. Card types pass; simulator zero errors and one existing warning."
51,S0B,ci_S0B,Mamá Imelda,No-Nonsense Ancestor,character,"[{""title"": ""Let Me Through"", ""description"": ""When you play this character, put 3 cards from your discard on the bottom of your deck in any order or banish her.""}]",src/cards/014/characters/051-mama-imelda-no-nonsense-ancestor.ts,src/cards/014/characters/051-mama-imelda-no-nonsense-ancestor.test.ts,reviewed; 8 behavior tests and 55 assertions pass; optional banish preserves authoritative discard and deck,verified; exact three-card own return and chosen order; optional banish; zero one and two-card insufficient return; player-two return draw order ownership hand privacy and public logs,"CR 6.1.5.2: return three in full or banish; exact own-card count, mixed types, chosen order and invalid selections. Fixed runtime and prompt legality for put-on-bottom options. Browser: two own discard cards and three opposing discard cards; return disabled, banish moves Imelda to discard without changing deck count. Log explicitly reports banish. Player-two chosen bottom order verified by three natural draws; paid four ink and Fresh Ink checked; opposing discard unchanged. Full return browser selected Priya then Fru Fru then Scuttle; return log lists Scuttle then Fru Fru then Priya. Three Khan actions publicly draw Scuttle then Fru Fru then Priya from the empty-deck return fixture; first-selected card is deepest bottom. Zero/one-card and player-two browser cases remain pending. Scope follow-up: eight tests and 55 assertions pass; strengthened optional banish with authoritative exact discard identities, unchanged deck, empty play and cleared bag. Player-two browser with zero own discard and three opposing cards disables the return; first Imelda banishes (own discard zero to one), second Imelda with one own card also disables return and banishes (one to two). Own deck stays five after the normal start draw and opposing discard stays three; both player views show named Let Me Through banishment logs and no pending choice. Browser with three own discard cards offers both choices; choosing banish keeps deck zero and all three original discard cards, adding Imelda as the fourth. Existing player-one ordered return proof re-inspected. Historical player-two return claim lacks a linked screenshot here, so its positive browser flow remains open for confirmation. Proofs: /tmp/hyperia-imelda-zero-return-disabled.png; /tmp/hyperia-imelda-one-return-disabled.png; /tmp/hyperia-imelda-insufficient-player-two-public-log.png; /tmp/hyperia-imelda-full-discard-both-options.png; /tmp/hyperia-imelda-full-discard-optional-banish.png. Player-two full return now directly confirmed: after starting draw empties deck, chooser lists only three own discard cards; Confirm stays disabled with one/two selected and enables with exactly three. Select Priya then Fru Fru then Scuttle; own discard three to zero, deck zero to three, Imelda stays in play and opposing discard stays one. Three paid Khan actions draw Scuttle then Fru Fru then Priya, reducing deck three to zero. Owner logs name each drawn card; opponent sees the named public returned-card order and generic draw counts with four face-down hand cards, omitting private drawn-card identities. No pending choice remains. This replaces the open positive player-two proof requirement from the previous follow-up. Proofs: /tmp/hyperia-imelda-p2-two-selected-disabled.png; /tmp/hyperia-imelda-p2-ordered-return.png; /tmp/hyperia-imelda-p2-bottom-draw-order.png; /tmp/hyperia-imelda-p2-return-public-log.png."
52,AtI,ci_AtI,Merlin,Ink Drop Tinkerer,character,"[{""title"": ""Shift 5 {I}""}, {""title"": ""WHAT"", ""description"": ""A DISCOVERY! When you play this character, get 1 ink drop. If you used Shift to play him, get 2 ink drops instead. (Each ink drop may be removed to pay 1 {I}.)""}]",src/cards/014/characters/052-merlin-ink-drop-tinkerer.ts,src/cards/014/characters/052-merlin-ink-drop-tinkerer.test.ts,reviewed; 9 tests 60 assertions pass,verified; player-two normal and Shift rewards/payment; own same-name target filter; inherited dry/damage/exerted state; mixed Shift payment repaired; both public logs,"Shift five payment boundary, proper same-name own target, opposing/wrong-name rejection, exerted state retained and exactly two controller ink drops; player-two Shift retains one damage and dry state allowing immediate quest three; both new drops pay a two-cost character at zero ready ink; opponent drops unchanged. Added P2 normal one-drop payment and mixed Shift exertion/damage regressions. Nine tests60assertions pass. P2browser normalpaid7 ink0 oneowndrop paysFru1, opponent3unchanged. Shift5 pickeronlyownBauble excludesownFru/opposingMerlin; inheriteddamage1 drybaseallowsquest3, exactly2newdrops payScuttle2 atink0; bothnamedsource/reward/paymentlogs. Exertedbasequestsetup thenShift4ink+1drop found UI disabledreason/movediscovery/targetexpansion omittedselecteddrops. Repairedengine Shift discovery/reason/options andsimulator reason/targetexpansion paymentforwarding. Browserreplay afterrepair Shift5enabledandexecutes, ink0drop2 opp3unchanged, damage1/exertionretained Questdisabled; bothexactnamedShift/payment1drop andWHAT A DISCOVERY2drop logs. Focusedengine53tests129assertions; fullengine1322pass3764assertions2skip52TODO; simulator derived23tests46assertions. Card/engine types pass; simulator zero errors and one existing warning. Proofs /tmp/hyperia-tinkerer-p2-normal-one-drop.png; /tmp/hyperia-tinkerer-p2-normal-public.png; /tmp/hyperia-tinkerer-p2-shift-target-picker.png; /tmp/hyperia-tinkerer-p2-shift-inherited-dry-damage.png; /tmp/hyperia-tinkerer-p2-shift-public.png; /tmp/hyperia-tinkerer-p2-shift-four-ink-block.png; /tmp/hyperia-tinkerer-p2-mixed-shift-disabled-defect.png; /tmp/hyperia-tinkerer-p2-mixed-shift-enabled-fixed.png; /tmp/hyperia-tinkerer-p2-mixed-shift-exerted-fixed.png; /tmp/hyperia-tinkerer-p2-mixed-shift-public-fixed.png."
53,vb5,ci_vb5,Goliath,Transformed Warrior,character,"[{""title"": ""WHEN NIGHT FALLS"", ""description"": ""Once during your turn, you may choose and discard a card. If you do, move up to 2 damage from this character to chosen opposing character.""}, {""title"": ""STONE BY DAY"", ""description"": ""If you have 3 or more cards in your hand, this character can't ready.""}]",src/cards/014/characters/053-goliath-transformed-warrior.ts,src/cards/014/characters/053-goliath-transformed-warrior.test.ts,reviewed; 13 behavior tests and 72 assertions pass; player-two zero movement spends use and resets,verified; zero one and two damage movement; discard cost opposing targets lethal move and public logs; player-two once-per-turn reset and Stone by Day three/two-card threshold before draw,"12 public-action tests cover discard cost, opposing-only targets, choosing 0/1/2 damage, available damage, once-per-turn/reset, own-turn restriction, and Stone by Day before drawing. Browser chose one damage: source 3 to 2 and Powerline 0 to 1; log states amount, source, destination and discard. Player-two exerted activation pays one discard and moves lethal two damage to only the chosen opponent; repeated use preserves remaining hand card. Browser two-damage lethal move changes source three to one and banishes Mim; chooser excludes own cards; log names damage movement and banishment; used ability unavailable. Zero damage and reset and player-two browser boundaries pending. Follow-up: thirteen tests and 72 assertions pass; added player-two zero-movement consumption/reset regression with exact authoritative discard identities and rejection preserving the next payment. Browser player-two starts exerted with three hand cards, stays exerted before drawing fourth, then discards Fru Fru and chooses zero to opposing Powerline. Source damage stays three, Powerline stays zero, and used ability action disappears; named resolution log does not claim damage movement. Ink Scuttle leaves two before passing; next own start readies Goliath before drawing the third hand card, with named ready log. Reset ability is available and consumes Priya; choosing two to opposing Mim reduces source three to one, banishes Mim and leaves Powerline undamaged. Both player views show the discard, target, exact movement and banishment; remaining hand stays private. Card types pass; simulator types zero errors and one existing warning. These close the previously open zero/reset/player-two boundaries. Proofs: /tmp/hyperia-goliath-p2-stone-three-block.png; /tmp/hyperia-goliath-p2-zero-selected.png; /tmp/hyperia-goliath-p2-zero-use-spent.png; /tmp/hyperia-goliath-p2-stone-two-ready.png; /tmp/hyperia-goliath-p2-reset-lethal-owner.png; /tmp/hyperia-goliath-p2-reset-public-log.png."
54,C4J,ci_C4J,Dante,Loyal Alebrije,character,"[{""title"": ""Shift 4 {I}""}, {""title"": ""Evasive""}, {""title"": ""Trash to Treasure"", ""description"": ""While you have 10 or more cards in your discard, this character gets +2 {L}.""}]",src/cards/014/characters/054-dante-loyal-alebrije.ts,src/cards/014/characters/054-dante-loyal-alebrije.test.ts,reviewed; 13 behavior tests pass,verified; Shift four-ink payment and inherited exertion/damage; own nine/ten discard lore transition in both directions; opposing discard excluded; Evasive challenge rejection/acceptance; public logs in both views,"Removed as-never play option cast. Public tests cover Shift cost/name/controller, preserved damage/exertion, Evasive challenges, own discard 9/10/11 quest outcomes, opposing discard exclusion and bonus removal on return to hand. Browser shifted ready Dante for four, played Juanita at nine discard, observed lore rise from two to four when song entered discard, and quested for four; logs name shift base, two-card draw and four-lore quest. Player-two Shift inherits one damage and dry state; played action moves own discard nine to ten and lore two to four; immediate quest four; Evasive combat asserts one incoming and six retaliation damage. Browser Evasive legality and exact combat damage verified from player-two attacker view. Falling threshold and exerted-base Shift and player-two controller browser boundaries pending. 2026-10-05: Reviewed current 13 tests (50 assertions), all pass. New set14-audit-dante-loyal-player-two browser: quest damaged base then Shift for four ink; retains exertion, one damage and one card under; quest four disabled while exerted. Honey Lemon returns Photo, reducing own discard ten to nine: lore immediately four to two despite opposing discard ten. Next own turn Dante quests two, increasing only player-two lore three to five. Both public views show named Shift, return and two-lore outcomes; private draws remain hidden to opponent. Proofs /tmp/hyperia-loyal-dante-p2-exerted-shift.png, /tmp/hyperia-loyal-dante-p2-falling-threshold.png, /tmp/hyperia-loyal-dante-p2-public-result.png. Simulator types zero errors and one existing warning. Earlier nine-to-ten and Evasive browser evidence retained."
55,SHv,ci_SHv,Rapunzel,Outgoing Artist,character,"[{""title"": ""Picture Perfect"", ""description"": ""Whenever this character quests, you may choose another character and reveal a character card in your hand. If they have the same name, draw a card.""}]",src/cards/014/characters/055-rapunzel-outgoing-artist.ts,src/cards/014/characters/055-rapunzel-outgoing-artist.test.ts,"reviewed; 10 tests and 65 assertions pass; matching reveal, ownership, decline, invalid targets and missing prerequisites covered",verified; matching nonmatching and declined reveal; item-only and empty hands; player-two matching reveal draw decline hand privacy and public logs,"Replaced no-match-only test. Added real hand reveal sequence and controller draw conditional. Same name across versions, friendly/opposing target, decline, nonmatch, self/item rejection, separate target choices and repeated quests pass. Revealed hand card remains in hand and becomes private after resolution per reveal glossary. Browser: quest gains one lore; choose opposing Fru Fru, hand selector excludes item, matching Fru Fru reveal draws one; log names reveal and draw. Player-two matching reveal awards one quest lore and draws one for its controller; revealed character remains in hand and becomes private again; same-name item-only hand resolves without drawing or pending choice. Browser nonmatching Priya reveal after choosing opposing Fru Fru logs reveal with hand three and deck six unchanged; quest one remains awarded. Decline and other missing-prerequisite and player-two browser cases remain pending. Broader translation checker fails on pre-existing triggeredAbilitySkipped placeholder mismatch in six locales; new reveal key has matching placeholders. Added empty-hand public-action regression and strengthened decline assertions on 2026-10-05: accepting the ability with a valid other board character and empty hand finishes without reveal or draw; hand stays zero, deck six, bag empty and quest lore one. Decline preserves matching character in hand and deck count. Focused suite nine pass and 59 assertions; card types pass. In-app browser existing set14-audit-rapunzel: with valid opposing Fru Fru and matching Fru Fru in own hand, quest opens optional target prompt; Skip declines Picture Perfect. Hand stays three and deck six; no reveal or draw message or picker; named choosing-no log and Pass Turn restored. Proof /tmp/hyperia-rapunzel-decline-no-reveal.png. Decline browser boundary is now verified; empty/item-only hand and player-two ability-flow browser checks remain open. Missing-prerequisite review 2026-10-05: added no-other-character unit case with a valid matching hand character; accepted ability finishes without reveal/draw, preserves hand and deck and clears bag. Focused suite ten pass and 65 assertions. Added set14-audit-rapunzel-missing-reveal and set14-audit-rapunzel-player-two fixtures. In-app missing-reveal route: first source quests with only Ancestral Guitar in hand; accept by selecting another Fru Fru character, then no reveal picker opens, item stays in hand and deck stays six. Ink Guitar as setup for an empty hand; second Rapunzel quests and selects another Fru Fru; no reveal/draw, hand stays zero, deck six, two lore from triggering quests and no pending effect. Both cases produce named Picture Perfect target-resolution logs without reveal or draw outcomes, and Pass Turn remains available. Proofs /tmp/hyperia-rapunzel-item-only-no-reveal.png and /tmp/hyperia-rapunzel-empty-hand-no-reveal.png. Simulator types zero errors and one existing warning. Player-two fixture is prepared and type-checked; its browser flow is not yet validated. Player-two browser: selecting own Fru Fru offers only the two character cards in hand and excludes Ancestral Guitar; matching reveal draws exactly one (hand 3 to 4 and deck 5 to 4), keeping the revealed card in hand. Second Rapunzel decline leaves hand 4 and deck 4 with no pending choice. Opponent view shows four face-down hand cards and the named public reveal plus generic one-card draw, omitting the private drawn-card identity. Proofs: /tmp/hyperia-rapunzel-player-two-reveal-picker.png; /tmp/hyperia-rapunzel-player-two-match-owner.png; /tmp/hyperia-rapunzel-player-two-decline.png; /tmp/hyperia-rapunzel-player-two-private-public-log.png."
56,GzL,ci_GzL,Demona,Imperious Spellcaster,character,"[{""title"": ""Impetus Improvisus"", ""description"": ""Choose and discard a card — Chosen Gargoyle character gains Rush and Evasive until the start of your next turn. (They can challenge the turn they're played. Only characters with Evasive can challenge them.)""}, {""title"": ""Stone by Day"", ""description"": ""If you have 3 or more cards in your hand, this character can't ready.""}]",src/cards/014/characters/056-demona-imperious-spellcaster.ts,src/cards/014/characters/056-demona-imperious-spellcaster.test.ts,reviewed; 11 behavior tests and 66 assertions pass; repeat payment identities exertion and both keyword expiries,verified; Gargoyle filter self and opposing targets; repeated discard while exerted; Rush challenge; Evasive restriction; player-two source-controller expiry and Stone by Day threshold; public keyword logs,"11 public-action tests cover discard cost, Gargoyle filter, self/opposing targets, repeat while exerted/drying, Rush challenge, Evasive challenge restriction, next-own-start expiry and Stone by Day before drawing. Browser discarded Priya from exerted Demona, granted Rush to fresh Lexington and completed challenge. Engine now emits a public source-and-target outcome for each keyword; browser verified explicit Rush and Evasive sentences without duplicate entries. Main resolution selection skips outcome entries that occur earlier in execution. Further browser checks pending. Separate browser run granted both Rush and Evasive to exerted Demona herself; both persisted into opposing turn. Player-two opposing-target grant survives target-owner start and expires at source-controller next start while Stone By Day keeps Demona exerted. Browser self-granted Rush and Evasive persist at opponent start and both badges and active grants disappear at next own start. Player-two controller expiry and other browser boundaries remain pending. Follow-up: eleven tests and 66 assertions pass; strengthened repeat-use test with exact authoritative discard identities, unchanged source exertion and expiry of Rush as well as Evasive on both targets. Player-two browser: three cards before start keep Demona exerted; after draw hand four. First activation discards Fru Fru; target picker contains only Demona and opposing Goliath, excludes Scuttle. Grant self both keywords, then activate again while exerted and discard Priya to grant opposing Goliath both. Hand four to two, discard zero to two; each grant produces separate named Rush/Evasive outcomes in both views. All four temporary grants persist through target-owner player-one start. At source-controller player-two next start all four grants and badges disappear; Demona readies with two before drawing the third card, with named ready log and zero active effects. These close the pending player-two/filter/repeat boundaries. Card types pass; simulator types zero errors and one existing warning. Proofs: /tmp/hyperia-demona-p2-stone-three-block.png; /tmp/hyperia-demona-p2-gargoyle-only-picker.png; /tmp/hyperia-demona-p2-repeat-grants.png; /tmp/hyperia-demona-p2-target-owner-start.png; /tmp/hyperia-demona-p2-controller-expiry-public.png."
57,CTD,ci_CTD,Merlin,Profoundly Curious,character,"[{""title"": ""Untapped Potential"", ""description"": ""When you play this character, get 1 ink drop. (You may remove an ink drop to pay 1 {I}.)""}, {""title"": ""Thrilling Discovery"", ""description"": ""Whenever this character quests, draw a card.""}]",src/cards/014/characters/057-merlin-profoundly-curious.ts,src/cards/014/characters/057-merlin-profoundly-curious.test.ts,reviewed; 9 tests 76 assertions pass,verified; player-two entry drop/payment; repeated self quest draws; other play/quest and own challenge excluded; empty deck completion/terminal result; private owner draw and public count logs,"Entry drop belongs to controller; spend it through public play payment. Quest draws again on later turn; other play/quest and challenging do not trigger; cannot ink. Empty deck draws nothing; loses when turn ends per CR 1.8.1.2. Browser: quest gains two lore and draws one; entry gives one further drop. Log names Thrilling Discovery and Untapped Potential with draw/drop outcomes. Player-two paid entry four grants one own drop; Fresh Ink blocks quest; drop pays one-cost character at zero ready ink; later quest two draws only for controller. Browser paid four for fresh Merlin; Untapped Potential logs one gained drop; Quest disabled by Fresh Ink; Fru Fru paid from drop at zero ready ink with removal log. Repeat, empty-deck and negative and player-two browser cases remain pending. Added reversed-seat repeated self-trigger versus other play/quest/challenge and empty-deck terminal regressions. Nine tests76assertions pass. P2 browser paidMerlin4 ink0 grants1own drop; FreshInk blocksquest, drop paysFru1; opponent2unchanged. Nextownturn Fruquest no draw, Merlinquest2 draws1; laterMerlinquest2 drawsagain. OwnernamesFru, opponentdrawcountonly. FinalP2deck1hand5lore5 vsP1deck4hand2lore0. Separate negativefixture P2playFru1 noentrydrop, dryFruquest no draw, MerlinchallengeScuttle deals2takes1 no draw: P2deck5hand1unchanged afterplay; bothexactlogs withoutMerlintriggerrewards. EmptyP2 normaldraw exhaustsonecarddeck, Merlinquest2 ThrillingDiscovery resolvesno drawoutcome hand1; pending/bag0; ownpass ends game P1winner reasonP2endedturnno deck; visibleVictory. Proofs /tmp/hyperia-curious-p2-entry-fresh.png; /tmp/hyperia-curious-p2-first-quest-private.png; /tmp/hyperia-curious-p2-repeat-private.png; /tmp/hyperia-curious-p2-repeat-public.png; /tmp/hyperia-curious-p2-no-trigger-owner.png; /tmp/hyperia-curious-p2-no-trigger-public.png; /tmp/hyperia-curious-p2-empty-owner.png; /tmp/hyperia-curious-p2-empty-public.png; /tmp/hyperia-curious-p2-empty-terminal-public.png. Card types pass; simulator zero errors and one existing warning."
58,ONu,ci_ONu,Archimedes,Messenger Owl,character,"[{""title"": ""Rush""}, {""title"": ""THE INDIGNITY!"", ""description"": ""When this character is banished in a challenge, get 1 ink drop. (You may remove an ink drop to pay 1 {I}.)""}]",src/cards/014/characters/058-archimedes-messenger-owl.ts,src/cards/014/characters/058-archimedes-messenger-owl.test.ts,reviewed; 9 tests 64 assertions pass,verified; player-two Rush paid entry/restrictions; attacking and defending challenge-banishment rewards; immediate drop payment; survival/other/effect banishment exclusions; both public logs,"Rush immediate challenge; quest/singing/ready-defender rejection. Challenge banishment gives exactly one controller drop as attacker or defender on opponent turn. Effect banish, surviving challenge and other character banishment give none. Cannot ink. Browser: fresh Owl cannot quest; Rush challenge against exerted Goliath banishes Owl, gives one drop. Log names THE INDIGNITY! and the drop. Player-two paid entry and immediate Rush challenge deals three damage before Owl banishment; automatic own-turn trigger gives one drop that pays another card at zero ready ink; opposing drops unchanged. Browser defending case: opposing Fox challenges exerted Owl, deals five damage and banishes Owl; Owl retaliates for three. Opponent view shows waiting for Owl controller; controller view resolves THE INDIGNITY! and displays one controller drop with explicit named gain log. Effect banish, survival, other negative and player-two browser cases remain pending. Added P2 combined survival/other-banishment/effect-banishment zero-reward regression. Nine tests64assertions pass. P2browser paidOwl3 ink0 Rush/FreshInk; quest/singFriends blocked, readyScuttle click leaveschallengeguidance noexecution. ExertedFoxchallenge Owl deals3takes5banished grants1own drop automatically; spendFru1 atink0, opposing2unchanged. Both namedchallenge/damage/banish/THE INDIGNITY/drop/paymentlogs. P2defenderonP1turn Foxdeals5Owlretaliates3banished: P1view waitsforP2; switchP2auto-resolvesown THE INDIGNITY for1drop; opposing2unchanged, bothlogs correctcontroller. Negative P2OwlchallengeScuttle deals3takes1survives no drop; FruvsFox deals1takes5Fru banished no Owl reward. NextP1 DragonFire5banishesOwl byeffect, bothdrops0 pending/bag0 no fabricatedtrigger/gain logs. Proofs /tmp/hyperia-owl-p2-rush-fresh.png; /tmp/hyperia-owl-p2-fresh-sing-block.png; /tmp/hyperia-owl-p2-ready-target-block.png; /tmp/hyperia-owl-p2-attacker-reward-owner.png; /tmp/hyperia-owl-p2-attacker-reward-public.png; /tmp/hyperia-owl-p2-defender-wait.png; /tmp/hyperia-owl-p2-defender-reward-owner.png; /tmp/hyperia-owl-p2-defender-reward-public.png; /tmp/hyperia-owl-p2-survival-other-banishment.png; /tmp/hyperia-owl-p2-effect-banish-public.png; /tmp/hyperia-owl-p2-effect-banish-owner.png. Card types pass; simulator zero errors and one existing warning."
59,n2V,ci_n2V,Madam Mim,Resourceful Trickster,character,"[{""title"": ""UPPER HAND"", ""description"": ""When you play this character, if you removed an ink drop to play her, draw 2 cards.""}, {""title"": ""BAUBLE GAME"", ""description"": ""Once during your turn, whenever you remove an ink drop, draw a card.""}]",src/cards/014/characters/059-madam-mim-resourceful-trickster.ts,src/cards/014/characters/059-madam-mim-resourceful-trickster.test.ts,reviewed; 8 tests 62 assertions pass,verified; player-two ink-only and drop-paid entry; existing versus incoming Bauble Game; opponent exclusion; multi-drop once-per-turn and next-own-turn reset; public logs,"Fixed payment-before-entry trigger timing and own-turn restriction; existing Mim vs incoming Mim tested. Six behavior tests pass with 39 assertions. Added player-two payment removing two drops draws exactly one card; second removal that turn draws none; opposing four drops stay unchanged. Browser paid 3 drops + 5 ink; drew 2; Upper Hand log shown. Browser Bauble Game: ink-only Mim entry draws none; Khan paid with two drops draws one for Khan and exactly one for Mim; deck six to four; hand two to three. Subsequent Fru Fru payment removes one drop without drawing; deck stays four and hand falls to two; ready ink stays twelve. Named Bauble Game draw and each payment log verified. Browser next-turn reset: pass both turns; normal draw leaves deck three and hand three; Fru Fru paid with final drop triggers Bauble Game again; deck falls to two and hand stays three; ready ink stays twenty; turn-three log names Bauble Game and its one-card draw. Player-two browser case remains pending. Added two P2 regressions through public commands, resolving queued triggers before assertions. Browser P2 first Mim paid8 bank ink: Upper Hand cancelled condition-not-met, deck9 hand4. Second Mim paid3drops+5ink: exactly existing Bauble1 plus incoming Upper2, deck6 hand6. Khan bank2 draws1 gains1drop; Fru spends1drop incoming Bauble draws1 only, deck4 hand6 ink5 opponent drops4 untouched. Separate fixture opponent Fru drop payment gives P2 no draw (deck10 hand3). P2 Khan removes2drops and gains1: own draw1 plus Bauble1, deck7 hand5; Fru removes1 same turn no additional draw deck7 hand4. Next own turn Fru removes1 gives reset Bauble1, deck5 hand5 bank10 untouched, opposing3 untouched. Owner logs name private drawn Fru; opposing logs show counts only, correct payment ownership and no fabricated second draw. Proofs /tmp/hyperia-mim-p2-ink-only.png; /tmp/hyperia-mim-p2-entry-draws.png; /tmp/hyperia-mim-p2-entry-owner.png; /tmp/hyperia-mim-opponent-no-draw.png; /tmp/hyperia-mim-p2-multi-drop.png; /tmp/hyperia-mim-p2-second-removal.png; /tmp/hyperia-mim-p2-reset-owner.png; /tmp/hyperia-mim-p2-reset-public.png. Card types pass; simulator zero errors and one existing warning."
60,nOm,ci_nOm,Everyone Knows Juanita,,action,"""Draw 2 cards. If you have 10 or more cards in your discard, draw 3 cards instead.""",src/cards/014/actions/060-everyone-knows-juanita.ts,src/cards/014/actions/060-everyone-knows-juanita.test.ts,reviewed; 15 tests 89 assertions pass,verified; player-two paid nine-card and sung ten-card discard boundary; opposing discard exclusion; short and empty deck draws; turn-end loss; both public logs,"Public tests cover existing discard 9/10/11, replacement exactly three instead of two, opposing discard exclusion, controller-only draw, sing cost-five/no ink, insufficient singer, uninkable and short deck/end-turn loss. CR 4.3.3.2/5.4.1.2: the resolving action is not yet in discard. Browser drew exactly two at nine discard (deck six to four), then song entered as tenth; log names private drawn cards and public count. Added player-two enhanced singing test: three cards drawn from own deck at ten existing discard; singer exerts; two ready ink remain; opposing hand and deck unchanged. Ten tests and 49 assertions pass. Browser enhanced singing: ten existing discard; normal ink play disabled with only two available; ready Dante sings; exerts; deck six to three; hand one to three; discard ten to eleven; ready ink stays two. Public log names Juanita and Dante and count three; controller log names all drawn cards. Player-two and short-deck browser checks remain pending. Added P2 paid nine/ten/eleven existing-discard regressions and zero/one remaining-card draw regressions. 15 tests89assert pass. P2 browser boundary own9 opposing11: paid5 draws2 (deck7to5 hand3to4), song then enters discard10. Second sung with dry Loyal Alebrije draws3 instead (deck5to2 hand4to6) bank2 untouched singer exerted own discard11. Both logs show exact2/3 outcomes, owner private Fru names, opposing counts only. Short deck P2 normal draw leaves1; enhanced sung draws only1, deck0 hand2 bank2 untouched; active until own pass then finished winnerP1 empty-deck reason. Empty deck P2 normal draw last Fru; paid5 enhanced song with own11 discard draws0 hand1 unchanged after song removal deck0 discard12 bank0; no draw event/card names fabricated in either public log, active until pass then winnerP1 empty-deck reason. Proofs /tmp/hyperia-juanita-p2-nine.png; /tmp/hyperia-juanita-p2-ten-owner.png; /tmp/hyperia-juanita-p2-boundary-public.png; /tmp/hyperia-juanita-p2-short-owner.png; /tmp/hyperia-juanita-p2-short-public.png; /tmp/hyperia-juanita-p2-short-terminal.png; /tmp/hyperia-juanita-p2-empty-owner.png; /tmp/hyperia-juanita-p2-empty-public.png; /tmp/hyperia-juanita-p2-empty-terminal-public.png. Card types pass; simulator zero errors and one existing warning."
61,rWy,ci_rWy,Mim's Malice,,action,"""Move up to 3 damage from chosen character to chosen opposing character.""",src/cards/014/actions/061-mims-malice.ts,src/cards/014/actions/061-mims-malice.test.ts,reviewed; 15 tests 77 assertions pass,verified; player-two chosen zero/one/remaining damage; undamaged source; source/destination legality; opposing source three-damage cap and lethal destination; both public logs,"Reviewed explicit amounts 0/1/2/3, opposing source, illegal source/destination before payment, lethal damage, and empty source. Browser: paid with 2 ink drops; moved 2 damage from Goliath to Powerline; source/destination and payment logs correct. Added player-two public-action test: move three damage between opposing characters; source four to one; destination at six banishes; unselected character untouched; action discarded and two ready ink spent. Eleven tests and 48 assertions pass. Player-two browser lethal movement verified: source and destination chosen separately; amount stepper defaults three; confirmation requires both targets; opposing Goliath four damage falls to one; opposing Fru Fru banishes at three; Scuttle unchanged; two ready ink spent; log names both targets and move-three and banishment. Zero and partial amount browser branches remain pending. Added three P2 chosen0/1/2 regressions with two available damage and P2 undamaged-source regression. 15 tests77assert pass. P2 browser ownGoliath damage2 firstMalice amount0 leaves both unchanged, next amount1 heals1 puts1 on opposingScuttle, final default3 limited to remaining1 healsGoliath0 Scuttle2 survives. Bank6to0 three spellsdiscard3; ownFru opposingFru and MerlinWand untouched. Source picker includes both players characters excludes Wand; destination includes opposing characters and retained selected source but excludes friendly Fru and item. Separate undamagedGoliath source leaves opposingScuttle1damage, no moved-damage or banishment fabricated. Existing P2 lethal fixture opposingGoliath4 moves capped3 to opposingFru: Goliath1 survives Fru discard Scuttle0 untouched bank2to0 spelldiscard. Both public logs name exact source/destination, chosen/actual amounts and banishment; zero resolves without fabricated movement. Proofs /tmp/hyperia-malice-p2-chosen-zero.png; /tmp/hyperia-malice-p2-chosen-one.png; /tmp/hyperia-malice-p2-limited-owner.png; /tmp/hyperia-malice-p2-limited-public.png; /tmp/hyperia-malice-p2-undamaged-owner.png; /tmp/hyperia-malice-p2-undamaged-public.png; /tmp/hyperia-malice-p2-lethal-owner.png; /tmp/hyperia-malice-p2-lethal-public.png. Card types pass; simulator zero errors and one existing warning."
62,o6L,ci_o6L,Higitus Figitus,,action,"""Get 3 ink drops. (Each ink drop may be removed to pay 1 {I}.)""",src/cards/014/actions/062-higitus-figitus.ts,src/cards/014/actions/062-higitus-figitus.test.ts,reviewed; 12 tests 74 assertions pass,verified; player-two paid/sung exact additive gain; mixed payment before gain; immediate/stored use and persistence; prospective-payment rejection; both public logs,"Reviewed +3 only for controller, existing drops, legal/illegal singers, full drop payment, persistence, and no future-drop payment. Browser: Dante sang with zero bank ink; gained 3 drops; armed payment immediately enabled Play; Mim used 2 and Fru Fru used 1; all payment logs correct. Added player-two public-action test: singing grants three drops at zero ready ink; immediate one-drop purchase succeeds; remaining two persist across both turn passes; opposing four drops unchanged. Ten tests and 49 assertions pass. Player-two browser verified: six-cost Dante sings at zero ready ink; gain-three log names song and singer; arm drops and play Fru Fru for one; removal-one log; two drops remain across both passes into turn four; Dante readies; opposing four drops unchanged. Illegal singer and large-total browser boundaries remain pending. Added P2 two paid copies with existing1drop, mixed4drop+2ink payment-before-gain, immediate and later stored spending; P2 prospective3drop payment rejection preserves state. 12tests74assert pass. Browser paid first6bank adds3 toexisting1 ->4held2bank. Second selected4drops+2bank ->3held0bank; own gain exactly3 each time, opposing4unchanged. Fru uses1drop immediately leaves2; passboth turns retains2 and Scuttle uses2 stored drops nextown without spending8readybank. Both public logs show gain3, removal4, gain3, later removals1/2 correctowner. Sungcase P2 dryDante sings at0bank gains3, Fru uses1 immediately; passboth retains2, opposing4unchanged. Songdiscard1 and singerexerted; both logs correctsing/gain/removal. Insufficientcase5ink0drops carddetail Playdisabled, songremainsinhand, no gain/play log, pending/bag0 and ink5untouched. Proofs /tmp/hyperia-higitus-p2-first-paid.png; /tmp/hyperia-higitus-p2-mixed-paid.png; /tmp/hyperia-higitus-p2-immediate-payment.png; /tmp/hyperia-higitus-p2-paid-persistence.png; /tmp/hyperia-higitus-p2-stored-payment-owner.png; /tmp/hyperia-higitus-p2-stored-payment-public.png; /tmp/hyperia-higitus-p2-sung-immediate-owner.png; /tmp/hyperia-higitus-p2-sung-persistence-owner.png; /tmp/hyperia-higitus-p2-sung-persistence-public.png; /tmp/hyperia-higitus-p2-insufficient.png; /tmp/hyperia-higitus-p2-insufficient-log.png. Card types pass; simulator zero errors and one existing warning."
63,7PJ,ci_7PJ,Un Poco Loco,,action,"[{""title"": ""Sing Together 3"", ""description"": ""(Any number of your or your teammates' characters with total cost 3 or more may {E} to sing this song for free.)""}, {""title"": ""Choose 2 characters of yours. If one of them is cost 3 or less, return both to your hand.""}]",src/cards/014/actions/063-un-poco-loco.ts,src/cards/014/actions/063-un-poco-loco.test.ts,reviewed; 17 tests 86 assertions pass,verified; player-two selected cost-three boundary and unselected cheap exclusion; one/no eligible character; own-character selectors; exact Sing Together threshold and returned singers; both public logs,"Exact cost 3, only selected cards count, one eligible character, opposing rejection before payment, two singers as returned pair, and underpaid singing reviewed. Fixed referenced return-to-hand target analysis widening earlier own-character selection. Browser: Fru Fru alone cannot sing; Fru Fru + Dante sing and return; target picker excludes opposing Powerline; paid second song selects Goliath + Merlin and returns neither. Both resolution logs correct; false branch uses generic resolution entry. Added player-two exact-three singing test: cost-one and cost-two singers exert and both return to controller hand; unselected own and opposing characters stay in play; ready ink unchanged; song discarded. Twelve tests and 56 assertions pass. Player-two browser verified: Sing Together chooser cost one leaves confirmation disabled; adding cost-two Scuttle reaches exact three and enables singing; both exert; effect chooser selects both own singers and returns both; own Goliath and opposing Fru Fru stay; hand two to one to three; two ready ink remain; singing and return logs name both cards. One-eligible-character browser boundary remains pending. Added P2 selectedcost3+expensive return, unselectedcheap no-return, onlyeligiblecost3/4 and no-own-character regressions. 17tests86assert pass. Browser P2 firstPoco paid3 selects Goliath4 Dante6 returnsnone despite unselectedFru1 Owl3; bank6to3 spell discarded. Second paid3 selects Owl3 Goliath4 returnsboth, Dante/Fru/Wand remain, opposingScuttle/Wand untouched; bank0. Pickerexactfour owncharacters excludes bothitems/opponents; bothlogs no fabricated negativebranch return and named positivebothreturns. Onlyeligiblefixture ownOwl3 plusWand, opposingScuttle: picker1-2 hasonlyOwl; chooseOwl autocompletesreturn, spell discard, pending0 without impossible secondtarget. Emptyowncharacters/Wand only: paid3 no stuckselector, opposingScuttle untouched, pending/bag0, no returnlog. SingTogether P2 Fru1alone selected1/3 Confirmdisabled; addScuttle2 exact3 Confirmenabled; bothsingersexertbeforependingreturn. Chooseboth singers returnsFru/Scuttle; ownGoliath andopposingFru remain, bank2unchanged. Bothsinging/returnlogs exact. Proofs /tmp/hyperia-poco-p2-expensive-no-return.png; /tmp/hyperia-poco-p2-boundary-owner.png; /tmp/hyperia-poco-p2-boundary-public.png; /tmp/hyperia-poco-p2-only-owner.png; /tmp/hyperia-poco-p2-only-public.png; /tmp/hyperia-poco-p2-empty-owner.png; /tmp/hyperia-poco-p2-empty-public.png; /tmp/hyperia-poco-p2-singers-below-threshold.png; /tmp/hyperia-poco-p2-singers-exerted.png; /tmp/hyperia-poco-p2-singers-return-owner.png; /tmp/hyperia-poco-p2-singers-return-public.png. Card types pass; simulator zero errors and one existing warning."
64,ShR,ci_ShR,"Magnificent, Marvelous",,action,"""Gain 2 lore. Draw a card.""",src/cards/014/actions/064-magnificent-marvelous.ts,src/cards/014/actions/064-magnificent-marvelous.test.ts,reviewed; 11 tests 88 assertions pass,verified; player-two paid/sung lore and draw; controller/privacy; empty-deck lore with turn-end loss; rejected payment/singer; both public logs,"Reviewed controller-only additive lore and exact draw, cost-four singer with no ink, underpaid singer and bank payment rejection, uninkable, and empty-deck end-turn loss. Browser: paid first song then sang second using Goliath with zero ready ink; lore 0->2->4, deck 6->5->4, Goliath exerted; both logs show singer/payment mode, gain 2 lore, draw 1, and private drawn name. Added player-two exact-cost-four singing test: own lore five to seven; opposing seven unchanged; own deck drops one; hand unchanged after song consumption and draw; opposing zones unchanged; singer exerts and two ready ink remain. Seven tests and 44 assertions pass. Player-two browser verified: paid first song uses four ready ink; own lore five to seven and deck five to four; second sings with exact-cost-four Goliath at zero ink; own lore seven to nine and deck four to three; Goliath exerts; opposing lore seven and deck six unchanged; both logs show payment mode and gain-two and draw-one. Empty-deck and rejection browser cases remain pending. Added P2 mixed1drop+3ink exactlore/draw, sung zero/one remaining-card and rejectedpayment/cost3singer preservation regressions. 11tests88assert pass. Browser P2paid4 lore5to7 draw1(deck5to4); secondGoliath4sung atbank0 lore7to9 draw1(deck4to3), singerexerted, opposinglore7deck6 unchanged. Owner logs private Fru names, opposing logs counts only and correct lorecontroller. EmptyP2 normaldrawlastFru leaves0; sung withGoliath lore5to7, no draw or privatecard fabricated, hand1 bank2untouched. Activeuntilpass then winnerP1 exactemptydeckreason. RejectedcaseP2ink3 Owlcost3: carddetail Playdisabled Needs4ink3available, Singdisabled No ready singer cost4; noninkable Inkabsent. Lore5 deck5 hand2 songhand preserved, noplay/lore/draw logs and opposinglore7unchanged. Proofs /tmp/hyperia-magnificent-p2-paid.png; /tmp/hyperia-magnificent-p2-sung-owner.png; /tmp/hyperia-magnificent-p2-paid-sung-public.png; /tmp/hyperia-magnificent-p2-empty-owner.png; /tmp/hyperia-magnificent-p2-empty-public.png; /tmp/hyperia-magnificent-p2-empty-terminal-public.png; /tmp/hyperia-magnificent-p2-rejected.png; /tmp/hyperia-magnificent-p2-rejected-log.png. Card types pass; simulator zero errors and one existing warning."
65,mqz,ci_mqz,Creative Inspiration,,action,"""Draw 4 cards.""",src/cards/014/actions/065-creative-inspiration.ts,src/cards/014/actions/065-creative-inspiration.test.ts,reviewed; 10 tests 69 assertions pass,verified; player-two exact four draw and mixed payment; insufficient unarmed payment; short/empty actual draw counts and turn-end loss; both public logs and privacy,"Reviewed exactly four controller-only draws, unchanged opposing zones, existing hand, zero/two-card remaining deck and end-turn loss, cost seven, inkable and not a song. Browser: paid seven ink; hand gained four Fru Fru cards, deck 6->2, action discarded; public draw count and private drawn names correct. Added player-two short-deck test: normal draw leaves two cards; action draws both; seven ready ink spent; opposing hand and deck unchanged; no immediate loss; own turn end loses with player one winner. Seven tests and 43 assertions pass. Player-two short-deck browser verified: normal draw leaves two; action uses seven ink and draws both; hand two to three; deck zero; action discarded; log says drew two and private drawn names; game stays active with Pass Turn available. Confirmed pass gives Defeat with empty-deck end-turn reason and player-one winner. Empty starting deck and rejection browser cases remain pending. Added P2 exact4 mixed1drop+6ink preservesopposingcards/drops, emptydeckzero and rejected6ink preservation regressions. 10tests69assert pass. Browser P2 normaldrawleaves5; unarmedcost7 with6ink Playdisabled Needs7ink6available. Arm1drop pay6ink+1drop draws4 exactly: deck1 hand5 spelldiscard1 ink0drop0; opposinghand1deck6drop4untouched. OwnerprivateFru names, opposingcount4only correctdropremovalowner. ShortdeckP2 initial3 normaldrawleaves2: paid7 drawsactual2 hand3deck0, noprinted4fabricated; activeuntilpass then finishedwinnerP1 exactemptydeckreason. EmptyP2 normaldrawlastFru leaves0: paid7 draws0 hand1deck0 spelldiscard, pending0 nofabricateddraw/privatecardlog; activeuntilpass then sameP1victory. Bothpublicviews logs exact. Proofs /tmp/hyperia-creative-p2-unarmed-rejection.png; /tmp/hyperia-creative-p2-exact-owner.png; /tmp/hyperia-creative-p2-exact-public.png; /tmp/hyperia-creative-p2-short-owner.png; /tmp/hyperia-creative-p2-short-public.png; /tmp/hyperia-creative-p2-short-terminal-public.png; /tmp/hyperia-creative-p2-empty-owner.png; /tmp/hyperia-creative-p2-empty-public.png; /tmp/hyperia-creative-p2-empty-terminal-public.png. Card types pass; simulator zero errors and one existing warning."
66,DCF,ci_DCF,Merlin's Wand,,item,"[{""title"": ""Magic Touch"", ""description"": ""{E}, Reveal 2 cards with the same name in your hand — You pay 1 {I} less for the next card you play with that name this turn.""}]",src/cards/014/items/066-merlins-wand.ts,src/cards/014/items/066-merlins-wand.test.ts,reviewed; 14 tests 79 assertions pass,verified; player-two immediate activation and same-name different-version reveal; other-name preservation; matching single-use discount; unused expiry; invalid own pair; both public logs,"Moved the printed two-card reveal into a native activation cost. Exact count, distinct own hand cards and same name validated before exertion; cost selection and public reveal logs supported. Tests prove single use with insufficient second payment, unrelated play retains discount, turn expiry, immediate item activation and any-card-type pair. Browser offers only matching Demona pair, keeps Wand ready after first choice, exerts after second, logs both reveals; first Demona costs 2, second needs 3 with only 2 remaining. Added player-two test: opposing same-name hand card rejected before exert; own pair accepted; matching play costs two instead of three; second matching play rejected with two remaining ink; opposing hand unchanged. Nine tests and 43 assertions pass. Opponent reveal-view browser verified: activated Magic Touch log identifies both revealed Demona cards publicly; afterward opposing hand remains three face-down cards; Wand exerts only after second cost card; active cost-minus-one badge appears on source controller board. Unused-discount expiry browser verified: both Demona cards show cost two with active cost-minus-one badge; pass controller turn without a matching play; at opposing turn start the badge disappears and both costs restore to three. Discount log detail and player-two browser branches remain pending. Added P2 differentversionssame-name reveal with freshlyplayedWand, other-name preservation, unusedexpiry, duplicate/excessreveal rejection, and unrevealed same-name item discount. 14tests79assert pass. Browser P2playWand2 atbank10to8 immediatelyactivates MagicTouch; revealMerlinCurious4 and InkDropTinkerer7 accepts same name differentversions, Wandexerts; owner/opposingactivationlogs bothrevealednamescorrectcontroller. Pickerfiltersnextchoice tosame-name afterfirstMerlin, opposinghandnotavailable. Fru1 play leavesbank7 andactiveCost-1, Curiousshowscost3 Tinkerer6. Curiousplayed3 leavesbank4, activeeffectgone, Tinkererfull7 blocked Needs7ink4available provingconsumption. Bothpublicactivation/reveal/playlogs, handrevealsstayhandbeforeplay. Unusedexpiryfixture revealpairatbank3 Cost-1, passboth: Wandready activeeffects0, Curiousfull4blockedat3. Invalidownpairfixture ownMerlin+Fru despiteopposingMerlin: MagicTouchunavailable (noactivatebutton), Wandready bank3, noreveal/activation/discountlog, activeeffects0. Proofs /tmp/hyperia-wand-p2-versions-revealed-owner.png; /tmp/hyperia-wand-p2-other-name-retains.png; /tmp/hyperia-wand-p2-consumed.png; /tmp/hyperia-wand-p2-consumed-owner-log.png; /tmp/hyperia-wand-p2-consumed-public.png; /tmp/hyperia-wand-p2-unused-active.png; /tmp/hyperia-wand-p2-expired.png; /tmp/hyperia-wand-p2-expired-owner-log.png; /tmp/hyperia-wand-p2-expired-public.png; /tmp/hyperia-wand-p2-invalid-pair.png; /tmp/hyperia-wand-p2-invalid-log.png. Card types pass; simulator zero errors and one existing warning."
67,XgC,ci_XgC,Inkcaster Skates,,item,"[{""title"": ""THE LATEST TREND"", ""description"": ""{E} — If a character quested this turn, get 1 ink drop. (You may remove an ink drop to pay 1 {I}.)""}]",src/cards/014/items/067-inkcaster-skates.ts,src/cards/014/items/067-inkcaster-skates.test.ts,reviewed;11tests92assertionspass,verified;PlayerTwo independent activations; quest threshold and turn reset; exertion consumption; controller reward and drop payment; both logs,"Corrected quest metric scope to any character. Added player-two test: previous-turn opposing quest gives no drop on current activation and still exerts Skates; next own turn readies; own quest then activation gives one immediately spendable drop; opposing three drops unchanged. Ten tests and 65 assertions pass. Browser no-quest verified: Activate Ability available before quest; activation exerts Skates but grants no drop; log reports named activation and exertion with no gain. Quest both characters later for three lore; Skates preview shows exerted with no Activate Ability; no drop appears. Quest-history expiry browser verified: pass both turns after two quests; Skates and questers ready; activate Skates before any new quest; it exerts with no drop gained; new-turn log reports named activation and exertion only. Player-two browser boundary remains pending. Completion review 2026-10-06: older notes still list printed-ability browser boundaries as pending. Primary-flow proof remains valid, but the status did not expose these boundaries. Reopened for evidence reconciliation; validate any boundary not already proved. Basic actions and generic payment rejection are excluded as separate requirements. See hyperia-completion-reconciliation.md. Closure 2026-10-06: PlayerTwo first Skates activation after previous-turn opposing Koslov quest exerts with no reward. Two own Koslov quests give4lore; first exerted copy cannot activate, second gives exactly1drop. Arm that drop and play FruFru atzero readyink; drop1to0 with named removal log. Next own turn both copies ready; first activation before newquest exerts with no reward (oldhistory excluded), then newKoslovquest2 and second activation gives1. Opposing three drops remain unchanged. Both logs show exact named activation/exertion, actual gains and payment, with private draws hidden. Added exact reversed-seat multiple-copy regression with wrong owner, independent exertion, quest count, ready reset and prior-turn exclusion. Card types pass; simulator types0errors1existingwarning. No engine repair. Proofs hyperia-skates-p2-prior-opposing-quest-no-drop.png; hyperia-skates-p2-exerted-copy-blocked.png; hyperia-skates-p2-one-drop-after-two-quests.png; hyperia-skates-p2-drop-payment.png; hyperia-skates-p2-owner-log-first-turn.png; hyperia-skates-p2-public-log-first-turn.png; hyperia-skates-p2-new-turn-no-drop.png; hyperia-skates-p2-new-quest-one-drop.png; hyperia-skates-p2-owner-log-reset-start.png; hyperia-skates-p2-owner-log-reset-end.png; hyperia-skates-p2-public-log-reset-start.png; hyperia-skates-p2-public-log-reset-end.png."
68,12o,ci_12o,Merlin's Shop and Smithy,Magical Market,location,"[{""title"": ""Open for Business"", ""description"": ""Once during your turn, whenever a character moves here, draw a card and gain 1 lore.""}]",src/cards/014/locations/068-merlins-shop-and-smithy-magical-market.ts,src/cards/014/locations/068-merlins-shop-and-smithy-magical-market.test.ts,"reviewed; 10 targeted tests/92 assertions pass, including exact Player Two copies, independent once limits, own-turn reset, owner isolation and empty draw","verified; exact Player Two copies, repeat/reset, opposing-turn movement, empty-deck lore continuation and terminal boundary; actual movement/reward logs and private draw visibility checked in both views","Fixed simulator moveToLocation log alias. Browser opponent-turn, reset, separate copies and empty-deck boundaries pending. Completion review 2026-10-06: older notes still list printed-ability browser boundaries as pending. Primary-flow proof remains valid, but the status did not expose these boundaries. Reopened for evidence reconciliation; validate any boundary not already proved. Basic actions and generic payment rejection are excluded as separate requirements. See hyperia-completion-reconciliation.md. Closure 2026-10-06: previously pending opponent-turn/reset/separate-copy/empty-deck boundaries verified. Fixtures set14-audit-market-player-two, set14-audit-market-opposing-move (synthetic diagnostic action), set14-audit-market-empty-deck. Proofs /tmp/hyperia-market-p2-{first-reward,two-rewards,repeat-no-reward,reset-two-rewards,owner-log-first-turn,public-log-first-turn,owner-log-reset,owner-log-reset-end,public-log-reset-start,public-log-reset-end}.png; /tmp/hyperia-market-opposing-{no-reward,owner-no-reward,public-log,owner-log}.png; /tmp/hyperia-market-empty-{lore-resolves,owner-log,public-log,loss-boundary,terminal-log}.png. Exact-copy unit test replaces mock second printing. No engine repair."
69,gha,ci_gha,Trusty,Along for the Ride,character,"""""",src/cards/014/characters/069-trusty-along-for-the-ride.ts,src/cards/014/characters/vanilla-model-properties.test.ts,"reviewed; 9 behavior cases pass in 162-test vanilla suite, including printed-willpower banishment",not required; no printed abilities; basics excluded by revised scope,"Browser paid entry, fresh-ink, combat and player-two boundaries pending. Scope review 2026-10-05: no printed abilities; no ability-flow validation required. Previous browser status: verified; printed 4 strength, 7 willpower and 2 lore shown; quest exerts and gains 2 lore with named log. Historical basic-action evidence retained; any pending basic-action checks are outside scope."
70,gNn,ci_gNn,Don Karnage,Khan's Courier,character,"""""",src/cards/014/characters/070-don-karnage-khans-courier.ts,src/cards/014/characters/vanilla-model-properties.test.ts,reviewed; 9 behavior cases pass in 162-test vanilla suite,not required; no printed abilities; basics excluded by revised scope,"Browser paid entry, fresh-ink, combat and player-two boundaries pending. Scope review 2026-10-05: no printed abilities; no ability-flow validation required. Previous browser status: verified; printed 2 strength and 2 willpower shown; quest exerts and gains 1 lore with named log. Historical basic-action evidence retained; any pending basic-action checks are outside scope."
71,mgU,ci_mgU,Hiro Hamada,Versatile Inventor,character,"[{""title"": ""Evasive""}, {""title"": ""TURBO THRUSTERS"", ""description"": ""When you play this character, you may pay 1 {I} to give chosen character of yours Evasive until the start of your next turn.""}]",src/cards/014/characters/071-hiro-hamada-versatile-inventor.ts,src/cards/014/characters/071-hiro-hamada-versatile-inventor.test.ts,"reviewed; 10 targeted tests/68 assertions pass, including printed Evasive combat, exact Player Two copies, friendly Ward, wrong chooser, decline, payment, expiry and unaffordable continuation","verified; own-character filters and friendly Ward, controller-only choice, exact extra ink, independent decline/self target, opposing-turn Evasive combat, expiry with printed Evasive retained and no-extra-ink continuation; both logs checked","Strengthened exact ink payment and decline assertions; illegal opponent target preserves payment; self-target retains printed keyword. Browser decline verified: Skip preserves one ink, grants no keyword and logs choosing no. Browser no-ink branch pending. Completion review 2026-10-06: older notes still list printed-ability browser boundaries as pending. Primary-flow proof remains valid, but the status did not expose these boundaries. Reopened for evidence reconciliation; validate any boundary not already proved. Basic actions and generic payment rejection are excluded as separate requirements. See hyperia-completion-reconciliation.md. Closure 2026-10-06: prior no-ink boundary verified; unaffordable trigger automatically chooses no without a target prompt or false grant. Fixtures set14-audit-hiro-versatile-player-two and set14-audit-hiro-versatile-no-ink. Proofs /tmp/hyperia-hiro-p2-{wrong-view-waits,own-ward-picker,friendly-ward-grant,decline,self-grant,owner-log-grants,plain-attacker-blocked,evasive-attacker-target,evasive-challenge-complete,public-log-grants,public-log-evasive-combat,expired-printed-retained,owner-log-expiry-start,owner-log-expiry-end,expired-plain-target,printed-evasive-blocks,expired-plain-challenge-complete,public-log-expired-combat-start,public-log-expired-combat-end,owner-log-expired-combat-start}.png and /tmp/hyperia-hiro-no-ink-{no-choice,owner-log,public-log}.png. Exact-copy and behavior tests replace keyword smoke coverage. No engine repair."
72,BTW,ci_BTW,Go Go Tomago,Extreme Tester,character,"[{""title"": ""GATHERING DATA"", ""description"": ""Whenever this character is challenged, get 1 ink drop. (You may remove an ink drop to pay 1 {I}.)""}]",src/cards/014/characters/072-go-go-tomago-extreme-tester.ts,src/cards/014/characters/072-go-go-tomago-extreme-tester.test.ts,"reviewed; 8 tests/44 assertions pass including exact opposing Go Go copies, repeated defending rewards, lethal source removal, offensive/illegal negatives and saved-drop payment","verified; Player Two exact copies, zero/zero/lethal defending rewards, ready-target exclusion, offensive no-reward, saved-drop persistence/payment, later second-copy lethal reward and both logs; post-banish consistency zero issues","Fixed paired combat outcome logs to remove false zero-damage return exchanges. Browser illegal/offensive challenges pending. Debug diagnostic reports missing metadata/index mismatch after banish; rendered play/discard zones are correct; diagnostic review pending. Fixed declined resolveBag command matching to resolveEffect logs; regression and browser verify TURN 2 challenge before reward with no duplicate rows. Completion review 2026-10-06: older notes still list printed-ability browser boundaries as pending. Primary-flow proof remains valid, but the status did not expose these boundaries. Reopened for evidence reconciliation; validate any boundary not already proved. Basic actions and generic payment rejection are excluded as separate requirements. See hyperia-completion-reconciliation.md. Closure 2026-10-06: prior illegal/offensive browser boundaries and diagnostic review completed. Fixture set14-audit-go-go-extreme-player-two. Opposing drops stay four; controller drops two to three to four to five, payment to four, offensive challenge stays four, second-copy lethal defending reward to five. Both exact Go Go copies are in discard; current consistency checker reports zero issues. No new engine or diagnostic repair required. Proofs /tmp/hyperia-gogo-p2-{ready-challenge-blocked,first-zero-challenge-drop,second-zero-challenge-drop,lethal-drop,owner-log-defending,public-log-defending,post-banish-consistency,saved-drop-payment,offensive-no-drop,owner-log-offensive-start,owner-log-offensive-end,second-copy-lethal-drop,owner-log-final-start,owner-log-final-end,public-log-final-start,public-log-final-end}.png. Simulator adapter suite 9 tests/64 assertions passes including existing fatal challenge regression."
73,gvL,ci_gvL,Molly Cunningham,Remembers to Share,character,"[{""title"": ""SO FUN!"", ""description"": ""When you play this character, you and another chosen player each get 1 ink drop. (Each ink drop may be removed to pay 1 {I}.)""}]",src/cards/014/characters/073-molly-cunningham-remembers-to-share.ts,src/cards/014/characters/073-molly-cunningham-remembers-to-share.test.ts,"reviewed; 7 targeted tests pass per card, combined Molly/Kit 14 tests/132 assertions; exact Player Two copies, wrong chooser, excluded self, existing pools, persistence and immediate reward spending","verified; exact Player Two copies, controller-only mandatory other-player choice, one shared reward per entry, existing pools, cross-turn persistence and zero-ink payment from both seats; staged rewards and owner-only removal logs checked in both views","Fixed controller exclusion for another chosen player. Tests cover rejected self-target without drops, existing pools, separate copies, insufficient play ink and true turn persistence. Browser spending verified: Molly reward pays one of Kits three ink cost, leaves one available ink and removal log. Chosen player retains both shared rewards as two drops on next turn. Player-two Molly browser entry pending. Completion review 2026-10-06: older notes still list printed-ability browser boundaries as pending. Primary-flow proof remains valid, but the status did not expose these boundaries. Reopened for evidence reconciliation; validate any boundary not already proved. Basic actions and generic payment rejection are excluded as separate requirements. See hyperia-completion-reconciliation.md. Closure 2026-10-06: previously pending Player Two entry verified. Fixture set14-audit-molly-kit-player-two: two exact copies of each card, only Opponent offered. Player One drops four to eight to seven; Player Two two to six to five. Opposing chooser cannot resolve; each reward is named SO FUN! or LUCKY DAY in both logs. No engine repair. Shared proof family /tmp/hyperia-molly-kit-p2-{molly-wrong-view,molly-other-player-picker,molly-first-reward,molly-second-reward,kit-wrong-view,kit-other-player-picker,kit-first-reward,kit-second-reward,own-drop-payment,other-pool-persists,other-drop-payment,own-pool-persists,owner-log-start,owner-log-end,public-log-start,public-log-end,owner-final-log-start,owner-final-log-end}.png."
74,bVP,ci_bVP,Kit Cloudkicker,Irrepressible Bear,character,"[{""title"": ""LUCKY DAY"", ""description"": ""When you play this character, you and another chosen player each get 1 ink drop. (Each ink drop may be removed to pay 1 {I}.)""}]",src/cards/014/characters/074-kit-cloudkicker-irrepressible-bear.ts,src/cards/014/characters/074-kit-cloudkicker-irrepressible-bear.test.ts,"reviewed; 7 targeted tests pass per card, combined Molly/Kit 14 tests/132 assertions; exact Player Two copies, wrong chooser, excluded self, existing pools, persistence and immediate reward spending","verified; exact Player Two copies, controller-only mandatory other-player choice, one shared reward per entry, existing pools, cross-turn persistence and zero-ink payment from both seats; staged rewards and owner-only removal logs checked in both views","Fixed controller exclusion for another chosen player. Tests cover rejected self-target without drops, existing pools, separate copies, insufficient play ink and true turn persistence. Browser persistence and spending verified: chosen player retains two shared drops into TURN 2, spends one on Fru Fru and keeps four available ink; removal log shown. Player-two Kit browser entry pending. Completion review 2026-10-06: older notes still list printed-ability browser boundaries as pending. Primary-flow proof remains valid, but the status did not expose these boundaries. Reopened for evidence reconciliation; validate any boundary not already proved. Basic actions and generic payment rejection are excluded as separate requirements. See hyperia-completion-reconciliation.md. Closure 2026-10-06: previously pending Player Two entry verified. Fixture set14-audit-molly-kit-player-two: two exact copies of each card, only Opponent offered. Player One drops four to eight to seven; Player Two two to six to five. Opposing chooser cannot resolve; each reward is named SO FUN! or LUCKY DAY in both logs. No engine repair. Shared proof family /tmp/hyperia-molly-kit-p2-{molly-wrong-view,molly-other-player-picker,molly-first-reward,molly-second-reward,kit-wrong-view,kit-other-player-picker,kit-first-reward,kit-second-reward,own-drop-payment,other-pool-persists,other-drop-payment,own-pool-persists,owner-log-start,owner-log-end,public-log-start,public-log-end,owner-final-log-start,owner-final-log-end}.png."
75,cSM,ci_cSM,Belle,Reflective Writer,character,"[{""title"": ""CITY ADVENTURES"", ""description"": ""When you play this character, reveal the top card of your deck. If it's an item card named Belle's City Guide or an action card, you may put it into your hand. Otherwise, put it on the bottom of your deck.""}]",src/cards/014/characters/075-belle-reflective-writer.ts,src/cards/014/characters/075-belle-reflective-writer.test.ts,reviewed; 11 public-action tests and 50 assertions pass; authoritative action hand/deck assertions strengthened,verified; named item and action including song/non-song accept or decline; unrelated card bottom; player-two own-deck destinations and hand privacy; empty deck finishes without failed draw; public reveal and known destination logs,"Fixed named scry filter, direct bag destination validation, public reveal logging and simulator named-item eligibility. Full card and engine regressions pass. 2026-10-05: New player-two six-Belle sequence takes Mosquito Bite, declines Healing Glow and City Guide, then naturally reveals and takes Healing Glow and City Guide in rotated bottom order. Final empty-deck Belle finishes with no pending choice or failed draw; game stays active. Own final hand four, deck zero, all twelve ink spent; opponent hand one/deck six unchanged. Both views show public revealed identities, and opponent hand remains face-down. Found public bottom-destination omission: revealAll did not mark remainder destinations public in resolve-effect. Fixed revealed-zone derivation for all destinations only when revealAll is true. Added public/private look regression (8 tests/31 assertions); private bottom identities remain hidden. Browser retest confirms opponent sees Bottom of deck: Mosquito Bite. Proofs /tmp/hyperia-belle-p2-action-item-hand.png, /tmp/hyperia-belle-p2-empty-deck-public.png, /tmp/hyperia-belle-p2-bottom-log-fixed.png. Card/engine types pass; full engine 1321 pass/3755 assertions/262 files, two skipped and 52 TODO; simulator types zero errors and one existing warning."
76,FRw,ci_FRw,Fred,Assembling the Team,character,"[{""title"": ""Brain Trust"", ""description"": ""When you play this character, look at the top 4 cards of your deck. You may reveal a Super character card or an item card and put it into your hand. Put the rest on the bottom of your deck in any order.""}]",src/cards/014/characters/076-fred-assembling-the-team.ts,src/cards/014/characters/076-fred-assembling-the-team.test.ts,reviewed; 13 public-action tests pass,"verified top-four view, non-Super rejected, Super and item choices, item taken and bottom destinations logged; completed Super choice and reordered remainder verified; opposing log names selected Hiro only and hides remainder; untouched card drawn first verified; decline verified: hand remains empty, deck remains five cards, all four bottom destinations logged","Fixed simulator has-classification scry filter. Units cover exact look count, two-card rejection, bottom order below untouched cards, optional take, short/empty decks and private remainder logs. Fixed direct bag resolution public selected-card reveal; regression keeps remainder private. Opponent browser log reveals selected Hiro and hides all remainder identities."
77,GBD,ci_GBD,Captain Hook,Concerned Captain,character,"""""",src/cards/014/characters/077-captain-hook-concerned-captain.ts,src/cards/014/characters/vanilla-model-properties.test.ts,reviewed; targeted tests pass,not required; no printed abilities; basics excluded by revised scope,"Scope review 2026-10-05: no printed abilities; no ability-flow validation required. Previous browser status: verified eight-ink play, three-lore quest and logs; challenge damage verified: Hook deals nine to Lester and survives zero retaliation, exact damage and banish logs. Historical basic-action evidence retained; any pending basic-action checks are outside scope."
78,m0i,ci_m0i,Jock,Enjoying the Sights,character,"""Evasive""",src/cards/014/characters/078-jock-enjoying-the-sights.ts,src/cards/014/characters/078-jock-enjoying-the-sights.test.ts,reviewed; 8 public-action tests pass,verified; non-Evasive attacker blocked and Evasive attacker accepted; outgoing Evasive and non-Evasive challenges; ready target rejected; exact damage and banishment logs in both views,"Replaced one-card turn fixtures with valid decks and asserted successful transitions. Added outgoing challenges for both players, exact damage, quest repeat rejection and ready-target boundary. Ready-target arrow investigated: data-locked=false, no damage badges and no confirm action; free pointer aim is expected, target remains unselected. Existing debug metadata/index diagnostic after banish remains pending. 2026-10-05: Reviewed eight public-action tests and 37 assertions, all pass. New player-two browser Jock challenges exerted ordinary Scuttle: deals four lethal damage, takes exactly one, remains exerted in own play and Scuttle enters opposing discard. Both views show exact named challenge, reciprocal damage and banishment. Proof /tmp/hyperia-jock-p2-ordinary-target-public.png. Earlier Evasive defender/outgoing Evasive/ready rejection proof retained. Simulator types zero errors and one existing warning. Historical debug metadata/index diagnostic is excluded from printed-ability completion; it is not a printed clause."
79,4Ao,ci_4Ao,Lady,Relaxed and Rested,character,"""Ward""",src/cards/014/characters/079-lady-relaxed-and-rested.ts,src/cards/014/characters/079-lady-relaxed-and-rested.test.ts,reviewed; 8 public-action tests pass,"verified own effect allowed, opponent chosen effect blocked, Ward badges, legal challenge and reciprocal damage, non-chosen damage and banish logs; play/non-inkable browser verified: no Ink action, one ink payment, fresh Ward card and play log","Use valid decks and successful turn assertions. Added player-two non-inkability, play payment and reversed-seat Ward rejection. Rejected opposing choice preserves card and ink; own reduction/draw, printed play/quest, challenge and area-damage boundaries pass. Distract stat change shows on card; detailed stat-change log remains pending. Existing debug metadata/index diagnostic after discard/banish remains pending."
80,d5C,ci_d5C,Rebecca Cunningham,Savvy Manager,character,"[{""title"": ""DUE DILIGENCE"", ""description"": ""When you play this character, you may draw a card, then choose and discard a card.""}]",src/cards/014/characters/080-rebecca-cunningham-savvy-manager.ts,src/cards/014/characters/080-rebecca-cunningham-savvy-manager.test.ts,reviewed; 15 tests 110 assertions pass,verified; player-two empty-deck accept/decline; own-hand discard filter; no-hand completion; turn-end loss and both public logs,"Tests cover exact one draw/discard, mandatory discard after accepted draw, opponent-hand and two-card rejection, empty deck, independent copies, quest non-trigger and public discard/private retained draw logs. Added reversed-seat own-deck draw, own-hand discard and retained-card public privacy coverage. No engine change needed. Added P2 last-normal-draw accept/decline with explicit own/opposing instance IDs, no-hand completion and invalid excess/board discard recovery. Browser P2 empty deck accepts draw zero then must discard one own hand card: picker excludes board and opposing cards; Wand discarded, Fru retained private, opposing Wand unchanged. Decline retains both cards. With no hand, accept completes without a prompt or fabricated draw/discard; own turn-end loses with exact empty-deck reason. Both player views show named Due Diligence resolution and actual discard only. Proofs /tmp/hyperia-rebecca-p2-empty-discard-picker.png; /tmp/hyperia-rebecca-p2-empty-accept-owner.png; /tmp/hyperia-rebecca-p2-empty-accept-public.png; /tmp/hyperia-rebecca-p2-empty-decline-owner.png; /tmp/hyperia-rebecca-p2-empty-decline-public.png; /tmp/hyperia-rebecca-p2-no-hand-owner.png; /tmp/hyperia-rebecca-p2-no-hand-public.png; /tmp/hyperia-rebecca-p2-no-hand-terminal-public.png. Card types pass; simulator zero errors and one existing warning."
81,WJo,ci_WJo,Shere Khan,Opportunistic Tycoon,character,"[{""title"": ""ONE-SIDED DEAL"", ""description"": ""When you play this character, each opponent may choose and discard a card. For each opponent who doesn't, get 1 ink drop. (Each ink drop may be removed to pay 1 {I}.)""}]",src/cards/014/characters/081-shere-khan-opportunistic-tycoon.ts,src/cards/014/characters/081-shere-khan-opportunistic-tycoon.test.ts,15 tests / 139 assertions pass; text-box ability review complete,verified text-box abilities in two-player simulator and three-player client audit,"Opponent owns the discard decision; empty hand grants a drop; decline adds exactly one to controller only; pools persist across turns; reward pays later card but cannot fund its own play. Fixed simulator Skip for unaccepted optional target input with min=1. Browser: decline grants one; discard Skates grants none; saved drop pays Fru Fru at bank 0; both choices and award are logged. Added reversed-seat discard/decline and controller-only pool assertions. Empty-hand browser awards exactly one drop. Fixed bag completion classification for for-each-opponent effects; log now says ONE-SIDED DEAL resolved and gained one drop. Regression rejects incorrect no-valid-targets cancellation. Multi-opponent harness coverage remains pending. Rechecked ten tests / 68 assertions pass. Current LorcanaMultiplayerTestEngine hard-codes TEST_PLAYERS to Player One/Two and createWithFixture accepts two player states; multiple-opponent execution and browser proof remain unverified. This is a test/simulator-surface limitation, not proof of an engine defect. Three-player unit review: five regressions fail before resolver repair and pass after. Both opponents receive independent choices; each chooser can discard only their own card; exact duplicate instance and empty-hand auto-decline verified. Runtime continuation now preserves later opponents and restores outer sequence scope. Additional-player harness verifies private hands and turn order. Mock engine regressions 2 tests/22 assertions. Full Hyperia2850 tests/20733 assertions; full engine1356 tests/4050 assertions; engine/card types pass. Wider card suite has30 existing failures also present in committed baseline, with no new failures. Three-player browser effects and logs remain pending. Three-player in-app browser proof completed in set14-audit-tycoon-three-players using real client actions, projected hands and shared simulator log formatting. Player Three cannot answer Player Two choice. Player Two discard then Player Three decline grants exactly1 to controller; both declines grant2; both discards grant0; empty first hand automatically grants1 then Player Three chooses exact second duplicate, first instance remains in hand and controller stays1. Bag/pending clear in all completed scenarios. Other hands remain hidden, own discard candidates only, accepted discard selection is mandatory, and all three views show named public outcomes with correct ownership. Controller spends the earned drop on Fru Fru at0 ready ink. Proof /tmp/hyperia-tycoon-three-waiting-privacy.png; /tmp/hyperia-tycoon-three-mixed-p1-log.png; /tmp/hyperia-tycoon-three-mixed-p2-log.png; /tmp/hyperia-tycoon-three-mixed-p3-log.png; /tmp/hyperia-tycoon-three-drop-payment.png; /tmp/hyperia-tycoon-three-two-declines.png; /tmp/hyperia-tycoon-three-empty-first.png; /tmp/hyperia-tycoon-three-exact-picker.png; /tmp/hyperia-tycoon-three-exact-discard-p3.png; /tmp/hyperia-tycoon-three-empty-p1-log.png; /tmp/hyperia-tycoon-three-empty-p2-log.png; /tmp/hyperia-tycoon-three-both-discard.png. Simulator types0errors/1existingwarning. Dedicated audit page is not a full three-player tabletop."
82,lBa,ci_lBa,Horace,Clumsy Clod,character,"[{""title"": ""BUNGLED IT"", ""description"": ""When you play this character, deal 1 damage to chosen opposing damaged character.""}]",src/cards/014/characters/082-horace-clumsy-clod.ts,src/cards/014/characters/082-horace-clumsy-clod.test.ts,reviewed; 8 public-action tests pass,"verified damaged opponent filtering, one damage and lethal banish logs in both views; no-target browser verified: healthy Hiro unchanged, no target prompt, skip reason logged and pass succeeds; printed ability browser review complete","Rejects healthy opponent, own damaged character, damaged Ward and two legal targets. No legal target resolves automatically and permits passing. Each copy deals exactly one on play; quest grants one lore without repeating damage; drying and repeat quest rejected. Browser picker offers damaged Jock/Fru Fru only, excluding healthy Hiro, damaged Ward Aladdin and own damaged Hook; Jock reaches 2 damage and Fru Fru at 2/3 is banished. Both views log exact 1 damage and banish. Added reversed-seat damaged-opponent selection and own/healthy/Ward rejection; no-target test asserts empty bag and successful play. No engine change needed. Scope review 2026-10-05: basic quest boundary excluded; printed on-play ability retains direct browser evidence for damaged-opponent filtering, exact damage, lethal banishment, no legal target and both public logs."
83,kg0,ci_kg0,Shere Khan,Ruthless Entrepreneur,character,"[{""title"": ""Quietly Released"", ""description"": ""When you play this character, put chosen opposing character with 3 {S} or less on the bottom of their player's deck.""}]",src/cards/014/characters/083-shere-khan-ruthless-entrepreneur.ts,src/cards/014/characters/083-shere-khan-ruthless-entrepreneur.test.ts,reviewed; 9 public-action tests and 50 assertions pass,verified; reduced and boosted current strength filters; opposing-only and Ward restrictions; player-two opponent deck-bottom placement; no-target automatic completion; named effect and no-valid-target logs in both views,"Exactly one opposing character with current strength <=3; rejects own, Ward, two targets and boosted 3-to-4. Reduced 5-to-3 allowed. Existing deck order preserved with target at bottom; controller deck and opponent discard unchanged. Empty deck destination valid. No legal target resolves automatically; quest gains one lore without ability. Browser: Distract reduces Jock 4-to-2; picker offers Jock and opposing Fru Fru only; excludes Ward Aladdin, Hook and own Fru Fru; Jock leaves play and opponent deck 6-to-7; both views log bottom placement and opponent draw identity stays hidden. Added player-two target placement into player-one bottom deck with own/strong/Ward rejection and unchanged controller deck. No engine change needed. 2026-10-05: Strengthened exact boosted-strength and no-target assertions: strength four, no pending effects, unchanged authoritative opposing deck and full cost payment. Nine tests/50 assertions pass; card types pass. Player-two browser Mulan boosts opposing Mulan two to four. Khan chooser contains only Scuttle, excluding boosted Mulan, Ward Aladdin, Hook and own characters. Scuttle moves to player-one deck bottom; deck six to seven, controller deck five unchanged. Second Khan costs seven, finishes without pending choice, keeps both decks unchanged and emits explicit named no-valid-target log. Both views confirm. Proofs /tmp/hyperia-ruthless-p2-boost-filter.png and /tmp/hyperia-ruthless-p2-no-target-public.png. Simulator types zero errors and one existing warning. Earlier reduced-strength and bottom-placement proof retained."
84,SMo,ci_SMo,Bobby Zimuruski,Soundboard Whiz,character,"[{""title"": ""Ward""}, {""title"": ""Scrumptious!"", ""description"": ""Your items named Leaning Tower of Cheese-a gain \""{E}, 1 {I} — Get 1 ink drop.\"" (You may remove an ink drop to pay 1 {I}.)""}]",src/cards/014/characters/084-bobby-zimuruski-soundboard-whiz.ts,src/cards/014/characters/084-bobby-zimuruski-soundboard-whiz.test.ts,reviewed; 13 public-action tests and 77 assertions pass,verified; grants only own named items; bank/drop activation and exert costs; Ward rejection; multiple-copy single rewards; one-source retention and last-source removal; player-two ownership and both public logs,"Playing Bobby immediately grants an existing real item the ability while Bobby is drying. Grants only own named items, not unrelated items or same-name characters; opponent copies excluded. Costs require ready item and one ink; failed costs preserve pools and readiness; real Cheese-a can spend an old drop for exactly one new drop; pools persist; multiple Bobby copies do not multiply reward per activation; returning Bobby removes grant. Ward blocks opponent chosen effects but permits own. Added player-two real-item drop activation, opposing-item rejection, repeat-exerted rejection and separate pools. Fixed simulator activation drop dispatch/type and engine available-move/option discovery with explicit claimed drops; passed payment options through all simulator expansion paths. Browser: bank activation spends one and gains one; second activation spends saved drop and preserves bank, both exert/log; own Befuddle removes Bobby and ready third item has no action despite saved drop; bank-zero fixture offers and executes activation, both views log removed/gained one. 2026-10-05: Added exact-ID test: two Bobby copies grant only one reward per activation; first return keeps second grant, last return removes it despite affordable bank and drop costs. Thirteen tests/77 assertions pass; card types pass. Player-two browser first real Cheese-a shows two grants and earns exactly one drop for one bank ink; return first Bobby for one, second item shows one remaining grant and earns one more drop; return last Bobby for one, third ready item has no activation despite one ready ink and two drops. Opponent pool remains four, opposing item remains ready. Both views show named activation/exert and two source-return logs. Proofs /tmp/hyperia-bobby-p2-one-source-remains.png, /tmp/hyperia-bobby-p2-last-source-no-action.png, /tmp/hyperia-bobby-p2-copies-public.png. Earlier Ward and saved-drop evidence retained. Simulator types zero errors and one existing warning."
85,Mq1,ci_Mq1,Baymax,Lab Assistant,character,"[{""title"": ""RESUPPLY"", ""description"": ""When you play this character, if you have 2 or more items in play, get 2 ink drops. (Each ink drop may be removed to pay 1 {I}.)""}]",src/cards/014/characters/085-baymax-lab-assistant.ts,src/cards/014/characters/085-baymax-lab-assistant.test.ts,"reviewed; 14 public-action tests/79 assertions pass, including Player Two zero-item entry, late-item timing, quest non-trigger, exact instance ownership, persistence and drop spending","verified; Player Two zero/late/two own-item boundaries, other-zone and opposing exclusions, original and later three-copy quest non-trigger, saved-drop payment, owner isolation and both ability logs with private draw masking","Unit tests cover zero/one/two/three own items; hand/discard/opposing exclusions; copies; quest non-trigger; existing pools; removal; insufficient bank; saved-drop payment. Player-two tests cover one/two/three own items and unchanged opposing drop pool. Browser three-item check awards exactly two with RESUPPLY completion log. Browser zero-item and quest boundaries pending. Evidence: baymax-lab-threshold-drop-payment.png and baymax-lab-opponent-logs.png. Completion review 2026-10-06: older notes still list printed-ability browser boundaries as pending. Primary-flow proof remains valid, but the status did not expose these boundaries. Reopened for evidence reconciliation; validate any boundary not already proved. Basic actions and generic payment rejection are excluded as separate requirements. See hyperia-completion-reconciliation.md. Closure 2026-10-06: prior zero-item and quest boundaries completed. Fixture set14-audit-baymax-lab-player-two. No reward at zero own items or on late Mouse Armor plays; next Baymax entry adds exactly two. Questing original and all three copies on the next own turn adds no drops. Own drops three to five to four, opposing four unchanged. Exact item hand IDs avoid selecting duplicate opposing/discard instances in tests. No engine repair. Proofs /tmp/hyperia-baymax-lab-p2-{zero-items-no-reward,late-items-no-reward,two-items-two-drops,quest-no-reward,drop-payment,owner-log-start,owner-log-end,public-log-start,public-log-end,three-quests-no-reward,owner-next-turn-log-start,owner-next-turn-log-end,public-next-turn-log-start,public-next-turn-log-end}.png."
86,B6x,ci_B6x,Fred,Awesome Boss,character,"[{""title"": ""Shift 4 {I}""}, {""title"": ""RADICAL RESOURCES"", ""description"": ""Whenever you play this or another Super character, get 1 ink drop. (You may remove an ink drop to pay 1 {I}.)""}]",src/cards/014/characters/086-fred-awesome-boss.ts,src/cards/014/characters/086-fred-awesome-boss.test.ts,reviewed; 15 public-action tests pass,verified Shift legality and retained state; exact independent sources and removal; Super character conditions; owner isolation; saved drops; both logs,"Fred — Awesome Boss closed 2026-10-06: 15 tests/97 assertions. Added exact Player Two two/one/zero-source removal and damaged/exerted Shift inheritance regressions. Browser rejects opposing Fred and own wrong-name bases, offers only the own matching Fred, retains one damage/exertion and rewards Shift once. Two exact Bosses reward normal Boss and Baymax entries twice; Super item, plain character and opposing Super give none. Both cards of the removed Shift stack enter discard; later Baymax earns one drop with one source, then none after the final source leaves. Saved drops persist and fund Fru at zero ink. Player Two pool one to two to four to six to five to six then stays six. Player One spends its four seeded drops on Dragon Fire, as both logs correctly report; this is payment, not a Fred reward. Both logs name actual rewards, exclusions, banishments and payments, with private draws hidden. Card types pass; simulator zero errors/one existing warning. No engine repair needed. 18 rows remain. Proof: /tmp/hyperia-fred-p2-{valid-shift-base-only,shift-retained-state,two-copies-entry,item-no-reward,plain-no-reward,two-super-rewards,shift-stack-discard,one-source-reward,no-sources-no-reward,owner-log-first,owner-log-first-end,public-log-first,public-log-first-end,owner-log-removal-one-end,public-log-removal-one-end,owner-log-one-reward,public-log-one-reward-removal,owner-log-no-sources,public-log-no-sources}.png. Earlier saved-drop Shift and insufficient Shift proof retained; generic payment is setup only."
87,B2t,ci_B2t,Lester the Possum,Park Mascot,character,"[{""title"": ""Beat It, Doofus!"", ""description"": ""When this character is challenged and banished, each opponent loses 2 lore.""}, {""title"": ""Maximum Cringe"", ""description"": ""6 {I} — Chosen opposing character gains Reckless until the start of your next turn. (They can't quest and must challenge if able.)""}]",src/cards/014/characters/087-lester-the-possum-park-mascot.ts,src/cards/014/characters/087-lester-the-possum-park-mascot.test.ts,reviewed; 17 public-action tests / 128 assertions pass; three-player ownership and payment duration covered,verified bank/drop activation; legal targets; Reckless restrictions and expiry; defender/attacker exclusions; each opponent in three-player browser; rejected payment; all log views,"Lester the Possum — Park Mascot closed 2026-10-06: 17 tests/128 assertions. Added three-player defender-banish tests with the controller in each seat: only the controller resolves, both opponents lose lore independently with a zero floor, and controller lore stays unchanged. Player Two payment test verifies atomic five-ink rejection, six-drop retry without exertion or bank payment, quest prohibition and duration across the third player until the next controller start. In-app three-player audit page uses real player clients and the shared simulator log formatter. Browser confirms wrong-owner rejection, controller seven lore unchanged, opponent five to three and one to zero, all three log views with actual two/one losses and hidden opposing hands, unchanged payment rejection, exact six-drop payment, Reckless grant and correct three-player expiry. Existing tabletop target filtering, repeated activation, defender/attacker exclusions and duration proof retained. Card types pass; simulator zero errors/one existing warning. No engine repair needed. Bounded audit page does not provide a full three-player tabletop. 17 rows remain. Proof: /tmp/hyperia-lester-three-{wrong-owner,p2-resolved,p1-log,p3-log,payment-rejected,payment-retry-p2,payment-retry-p1,payment-retry-p3,before-owner-start,owner-start-expiry}.png. Prior lester-attacking-no-lore-loss.png; lester-reckless-defender-lore-logs.png; lester-opponent-lore-loss-logs.png; lester-reckless-expiry.png; lore-floor proof retained."
88,957,ci_957,Don Karnage,Debonair Pirate,character,"[{""title"": ""Shift 4 {I}""}, {""title"": ""Lasting Impression"", ""description"": ""When you play this character, deal 1 damage to each opposing character. This damage can't be reduced by Resist.""}, {""title"": ""So Suave"", ""description"": ""While this character is exerted, each opposing damaged character gets -1 {L}.""}]",src/cards/014/characters/088-don-karnage-debonair-pirate.ts,src/cards/014/characters/088-don-karnage-debonair-pirate.test.ts,reviewed; 13 public-action tests / 84 assertions pass,verified Shift and inherited states; Ward/Resist area damage; reduced quests; healing/ready conditions; exact stacked source removal; both logs,"Don Karnage — Debonair Pirate closed 2026-10-06: 13 tests/84 assertions. Added exact Player Two source-removal regression through public quests and Dragon Fire. Two exerted sources reduce each damaged opposing character by two lore, removal of one restores one immediately, and final removal restores base lore. Own damaged and opposing undamaged characters remain unchanged. Browser verifies distinct damaged Hooks quest for one, two and three as sources leave, undamaged Hook quests for three, and source-controller lore stays four. Both views log actual one/three/two/three quest outcomes and named banishments with private draws hidden. Existing Shift, Ward/Resist area damage, lethal damage, healing-condition restoration, ready-step restoration and negative-lore floor evidence retained. Generic static-stat change logs and a separate healing-action log are not additional Don text-box ability gates; live outcome logs are verified. Card types pass; simulator zero errors/one existing warning. No engine repair needed. 16 rows remain. Proof: /tmp/hyperia-don-p2-{two-exerted-sources,damaged-one-lore,first-source-removed,one-source-two-lore,final-source-removed,no-sources-three-lore,public-log-start,public-log-end,owner-log-start,owner-log-end}.png. Previous don-karnage-shift-resist-ward-lore.png; don-karnage-reduced-healed-quest-logs.png; don-karnage-ready-step-restores-lore.png retained."
89,9qv,ci_9qv,Max Goof,Karaoke Star,character,"[{""title"": ""SWEET REMIX"", ""description"": ""When you play this character, you may choose and discard a song card. If you do, draw 2 cards.""}, {""title"": ""BRAND-NEW PLAYLIST"", ""description"": ""While you have 5 or more song cards in your discard, this character gets +3 {L}.""}]",src/cards/014/characters/089-max-goof-karaoke-star.ts,src/cards/014/characters/089-max-goof-karaoke-star.test.ts,reviewed; 13 public-action tests pass; player-two discard ownership and draw privacy verified; song-filter validation fixed,verified accept/decline; song-only selector; exact draws and privacy; threshold removal/restoration on all copies; four-lore quest,Song filter retained during engine target analysis; invalid non-song choice rejects without consuming the effect and a valid retry discards/draws. Four mock engine regressions pass. Browser recheck offers only the song and preserves opponent draw privacy. Empty/short-deck unit tests verify loss at turn end. Short-deck browser verified: song discarded; one available card drawn; log states one draw; defeat appears after passing. Empty-deck browser verified: discarded song; hand remains empty; log records discard without a false draw; defeat at turn end. Evidence: /tmp/hyperia-max-empty-deck-defeat.png. Evidence: /tmp/hyperia-max-short-deck-defeat.png. Detailed static bonus log pending; badges/quest totals verified. Evidence: max-karaoke-filter-fix-logs.png; max-karaoke-filter-fix-opponent.png; max-karaoke-threshold-removal.png; max-karaoke-restored-bonuses.png; max-karaoke-opponent-draw-privacy.png; max-karaoke-four-lore-quest.png.
90,jz8,ci_jz8,Belle,Exceptional Writer,character,"[{""title"": ""Shift 3 {I}""}, {""title"": ""Hyperia City Tips"", ""description"": ""During your turn, whenever this character exerts, you pay 2 {I} less for the next action you play this turn.""}, {""title"": ""Hyperia City Secrets"", ""description"": ""During your turn, whenever you play a third action, gain 3 lore.""}]",src/cards/014/characters/090-belle-exceptional-writer.ts,src/cards/014/characters/090-belle-exceptional-writer.test.ts,reviewed; 19 public-action tests / 154 assertions pass; exact opposing-turn and independent-own-turn copies verified,verified Shift; own-turn exertion discount and consumption; opposing-turn exclusions; third-only independent lore; turn reset/expiry; both logs,"Belle — Exceptional Writer closed 2026-10-06: 19 tests/154 assertions. Added exact Player Two two-copy regression for opposing exertions, already-exerted repeat, opposing third action, no retained discount, new own exertion and two independent third-action rewards. Browser uses three opposing Freezes: both Belles exert, repeated exertion reports no false change, and neither Tips nor Secrets resolves. Next own turn Healing Glow costs one, leaves three bank ink and the four-cost song remains unplayable. Quest creates one Cost -2 badge; Magnificent costs two, consumes the discount and leaves one ink. Second Healing Glow is the third own action; each exact Belle gains three lore, reaching ten with quest/song. Both logs show only one own-turn Tips and two own-turn Secrets resolutions, exact three-lore rewards and hidden private draws. Corrected fixture third step from two-cost Distract to one-cost Healing Glow and replayed all proof after types completed. Existing Shift, singing/challenge discounts, stacked consumption, expiry and fourth-action negatives retained. Separate generic stat-change/healing-action logs are not additional Belle text-box gates; displayed costs, payments and ability outcome logs are verified. Card types pass; simulator zero errors/one existing warning. No engine repair needed. 15 rows remain. Proof: /tmp/hyperia-belle-{opposing-three-actions-no-reward,opposing-public-log,opposing-owner-log,next-turn-no-stale-discount,own-turn-new-discount,own-song-discount-consumed,own-third-action-two-rewards,owner-log-start,owner-log-end,public-log-start,public-log-end}.png. Earlier challenge, stacked-discount, singing, expiry and third/fourth-action proof retained."
91,4EQ,ci_4EQ,Fred,Big Stomper,character,"[{""title"": ""KAIJU CRUSH"", ""description"": ""When you play this character, you may banish chosen location.""}]",src/cards/014/characters/091-fred-big-stomper.ts,src/cards/014/characters/091-fred-big-stomper.test.ts,reviewed; 12 public-action tests / 127 assertions pass; exact occupied-location cleanup for both owners verified,verified own/opposing occupied locations; occupant preservation and attachment cleanup; location-only picker; chooser; decline and independent copies; both logs,"Fred — Big Stomper closed 2026-10-06: 12 tests/127 assertions. Added both-owner occupied-location tests with exact duplicate occupants and opposing identical location: only the chosen location is banished, all occupants remain with damage preserved, chosen attachments clear and other attachments stay. Wrong chooser cannot resolve. Player Two browser verifies two Fru copies at each location, a location-only picker, wrong-view waiting, opposing Market banishment clearing only its occupants, independent decline retaining occupied Port Authority, then own Port banishment clearing its occupants. All four Fru copies and both Skates remain in play; damaged copies retain one damage and At Location badges disappear after their location leaves. Both logs name the two location targets/banishments and middle decline without false character banishment. Existing no-location and quest-negative proof retained. Card types pass; simulator zero errors/one existing warning. No engine repair needed. 14 rows remain. Proof: /tmp/hyperia-stomper-occupied-{initial,wrong-view,locations-only,opposing-cleared,decline-preserves,own-cleared,opponent-final-board,owner-log,public-log}.png. Previous /tmp/hyperia-fred-no-location-pass.png; /tmp/hyperia-fred-quest-locations-remain.png; fred-stomper-own-opponent-decline.png; fred-stomper-opponent-logs.png retained."
92,vFk,ci_vFk,Minnie Mouse,Busy Go-Getter,character,"[{""title"": ""Great Find"", ""description"": ""During each opponent's turn, this character gains Resist +2.""}]",src/cards/014/characters/092-minnie-mouse-busy-go-getter.ts,src/cards/014/characters/092-minnie-mouse-busy-go-getter.test.ts,reviewed; 19 public-action tests / 175 assertions pass; three seats and exact independent copies verified,verified each opposing turn and own-turn exclusion; independent copies; Resist stacking and expiry; moved damage bypass; actual prevention/combat/movement logs in three views,"Minnie Mouse — Busy Go-Getter closed 2026-10-06: 19 tests/175 assertions. Added three-player tests with controller in each seat and two exact copies: each opponent turn gives exactly Resist2, own turns give none, other allies gain none, and separate opposing damage events are prevented independently. Three-player in-app audit page uses real cards/player clients and the shared simulator log formatter. Browser verifies two native copies at Resist2; Cannons prevents two; Goliath moves two damage through Resist and banishes only the second copy while source heals to zero. Surviving copy remains undamaged through Player Three and the next Player One Cannons, then loses native Resist on its own start. Separate real Wasabi scenario spends one drop to add Resist1: both copies have Resist3 on both opposing turns, each takes one from a separate four-strength Tinker challenge and returns one, and both retain one damage while all Resist expires at the owner start. All three log views show actual prevention/movement/banishment/combat and hide opposing hand/draw identities. Audit controls use exact own source/hand IDs to prevent ambiguous duplicate-definition lookup. Existing tabletop badge, effect damage and own-turn full-damage proof retained. Generic static keyword-change logs are not extra ability gates. Card types pass; simulator zero errors/one existing warning. No engine repair needed. Bounded audit page does not provide a full three-player tabletop. 13 rows remain. Proof: /tmp/hyperia-minnie-three-{native-moved-p1,native-moved-p2,native-moved-p3,own-turn-no-resist,second-opponent-prevention,consecutive-opponents,native-next-own-turn,native-final-p1,native-final-p3,stacked-second-opponent,stacked-first-opponent,stacked-final-p2,stacked-final-p3,stacked-owner-start-expiry}.png. Earlier /tmp/hyperia-minnie-prevention-log-fixed.png and /tmp/hyperia-minnie-action-damage-prevented.png plus minnie-resist-zero-one-damage.png; minnie-own-turn-full-damage.png; minnie-both-turns-opponent-logs.png retained."
93,K86,ci_K86,Honey Lemon,Testing the Limits,character,"[{""title"": ""ADVANCED CHEMISTRY"", ""description"": ""When you play this character and whenever she quests, you may banish chosen item of yours. If you do, draw a card and get 1 ink drop. (You may remove an ink drop to pay 1 {I}.)""}]",src/cards/014/characters/093-honey-lemon-testing-the-limits.ts,src/cards/014/characters/093-honey-lemon-testing-the-limits.test.ts,complete;14 public-action tests pass;169 assertions;exact P2 repeat/atomic rejection/source departure/payment,complete;play/quest/decline/no-item/empty-deck;P2 repeated quests;own-item-only selection;persistence after source removal;payment;both logs/privacy;consistency zero,"Replaced the false-positive quest fixture with a dry Honey and an undrawn card. Covers own-item/controller/zone/single-target limits with retry; no own item; both decline paths; repeated quests and independent copies; insufficient payment; saved-drop spending and persistence; existing pools; empty-deck end-turn loss. Browser: first play banishes Skates and draws one/drop one; second play declines with Tower preserved; dry Honey quests for one and banishes Tower for a second draw/drop; Fru Fru spends one drop at bank zero. Opposing Skates and own characters/location excluded. No engine change. No-item browser verified: accept resolves without a legal own item; opponent Skates preserved; deck six and existing drops two unchanged; hand empty; no-valid-target log shown; turn controls available. Evidence: /tmp/hyperia-honey-no-item-no-reward.png. Empty-deck browser verified: Skates banished; no draw; one drop awarded and logged; defeat only after passing turn. Evidence: /tmp/hyperia-honey-empty-deck-drop-defeat.png. Rejected-target/repeated-quest/persistence browser boundaries remain pending. Debug metadata/index diagnostic review remains pending. Evidence: honey-lemon-play-quest-drop-payment.png; honey-lemon-opponent-logs.png. Completion review 2026-10-06: older notes still list printed-ability browser boundaries as pending. Primary-flow proof remains valid, but the status did not expose these boundaries. Reopened for evidence reconciliation; validate any boundary not already proved. Basic actions and generic payment rejection are excluded as separate requirements. See hyperia-completion-reconciliation.md. Honey Lemon — Testing the Limits closed 2026-10-06: 14 tests/169 assertions. Added exact Player Two repeated quests with wrong-controller and opposing-item rejection before reward, independent player pools, source removal and later zero-bank drop payment. Browser fixture set14-audit-honey-repeated-player-two verifies the same Honey quests on two own turns; picker contains only own in-play Skates/Tower, excluding opposing items, own hand/discard items, character and location. Each banishment draws exactly one and adds one drop (2->3->4); pools persist across turns and after Dragon Fire banishes Honey. Player Two spends one saved drop on Fru Fru at zero bank (4->3); Player One keeps four drops. Both log views name targets, draws, rewards, source banishment and drop payment; drawn identities stay private. Visible consistency checker reports zero issues after item/source removal. Existing play/decline/no-item/empty-deck proof retained. Card types pass; simulator zero errors/one existing warning. No engine change needed. Proof /tmp/hyperia-honey-p2-{items-only,first-reward,second-reward,owner-rewards-log,public-rewards-log,source-removed,saved-drop-payment,consistency-zero,public-removal-payment}.png."
94,s22,ci_s22,Air Drop,,action,"""Deal 3 damage to chosen character. If that character has damage, deal 5 damage instead.""",src/cards/014/actions/094-air-drop.ts,src/cards/014/actions/094-air-drop.test.ts,complete;19 public-action tests pass;105 assertions;real stacked Resist/P2/no-target/saved drops,complete;three/five damage;lethal/healed;Ward/filters;fully resisted repeats;no legal target;saved drops;both logs,"Covers fresh/damaged/self targets; own versus opposing Ward; Resist two and fully resisted repeat; independent repeat replacement; both lethal thresholds; wrong type/zone/multiple targets with retry; insufficient ink and saved-drop payment; healing to zero; no legal target resolution; inkability. Browser five plays: Goliath takes three then five and is banished; pre-damaged Powerline takes five and is banished; Minnie takes one after Resist two; own Ward Aladdin takes three and is banished. Selector excludes opposing Ward, items and locations. Bank twenty to zero; both views log exact amounts and outcomes. No engine change. Healing browser verified: Fred healed from one to zero; Air Drop deals three; Fred survives; five total ink spent; both logs match actual amounts. Evidence: /tmp/hyperia-air-drop-healed-three.png. Fully-resisted/no-target/rejected-payment/saved-drop browser boundaries pending. Evidence: air-drop-damage-ward-resist.png; air-drop-opponent-logs.png. Completion review 2026-10-06: older notes still list printed-ability browser boundaries as pending. Primary-flow proof remains valid, but the status did not expose these boundaries. Reopened for evidence reconciliation; validate any boundary not already proved. Basic actions and generic payment rejection are excluded as separate requirements. See hyperia-completion-reconciliation.md. Air Drop closed 2026-10-06: 19 tests/105 assertions. Added real Player Two Edgar+Wasabi Resist3 repeated hits and Ward-only no-target completion with saved drops. Harness resolves Wasabi automatically; removed an invalid extra bag resolution from the new test. Browser set14-audit-air-drop-resisted-player-two grants own Edgar Resist3/Ward via real Wasabi, then both Air Drops target that exact own copy and each log three damage prevented, with zero damage and Resist3 retained. Opposing Edgar stays undamaged. Tabletop payment arms all available drops: Wasabi spends5 (9->4), first Air Drop spends4 (4->0), second spends4bank (4->0); Player One keeps2. Unit test separately verifies explicit mixed Wasabi1drop/4bank and both subsequent actions4drops each. Browser no-target-player-two has opposing Ward Aladdin plus own Skates/Port: four-drop Air Drop discards without damage, false target/banish log or pending choice; opposing pool2 unchanged. Both views show actual prevention/payment and no-target logs, with hidden opposing hands. Existing damaged/undamaged/lethal/healed/target-filter proof retained. Generic insufficient payment is outside revised scope. Card types pass; simulator zero errors/one existing warning. No engine change. Proof /tmp/hyperia-air-drop-p2-{first-zero,two-zero-owner,two-zero-public,no-target-owner,no-target-public}.png."
95,ojw,ci_ojw,Above the Crowd,,action,"""Put chosen opposing character with 3 {S} or less on the bottom of their player's deck.""",src/cards/014/actions/095-above-the-crowd.ts,src/cards/014/actions/095-above-the-crowd.test.ts,complete;14 public-action tests pass;101 assertions;current modified Strength/exact P2 rejection/retry/bottom order,complete;paid/sung/empty-deck;boosted exclusion/reduced acceptance;drop-funded;exact opposing deck/copy;both logs/privacy/Undo,"Covers exact bottom below existing cards and unchanged own deck; empty opposing deck; zero/damaged/exerted target; own/Ward/type/zone/multiple rejection before payment with retry; strength reduced five to three and boosted three to four; valid and undercosted/drying/exerted singers; five bank/drop cost; no legal target and inkability. Browser: initial Jock four excluded; Distract reduces him to two; paid five then bottoms Jock, deck six to seven; at bank zero Powerline sings, exerts and bottoms Fru Fru, deck seven to eight. Selectors exclude own characters, opposing Ward, Hook, items and locations; low-cost Fru Fru excluded from singing. Both views show targets and deck-bottom outcomes and singer; opposing draw identities hidden. No engine change. Empty-deck browser verified: opposing Fru Fru leaves play; opposing deck zero to one; own deck six unchanged; five ink spent; bottom-deck log identifies Fru Fru. Evidence: /tmp/hyperia-crowd-empty-deck-bottom.png. Strength-increase/illegal-payment/drop-funded browser boundaries pending. Confirmed Undo checkpoint metadata now reaches the log formatter. Both browser views show Played then Undo then the new play/effect; hand three and bank seven restored before replay. Audit history retained and no-op replay undo rows remain hidden. Evidence: above-crowd-paid-sung.png; above-crowd-opponent-logs.png; above-crowd-undo-restored.png; above-crowd-undo-opponent.png. Completion review 2026-10-06: older notes still list printed-ability browser boundaries as pending. Primary-flow proof remains valid, but the status did not expose these boundaries. Reopened for evidence reconciliation; validate any boundary not already proved. Basic actions and generic payment rejection are excluded as separate requirements. See hyperia-completion-reconciliation.md. Above the Crowd closed 2026-10-06: 14 tests/101 assertions. Added exact Player Two opposing-copy Strength3->4 rejection with action/drops/deck preserved, then Strength4->2 acceptance and exact bottom order with separate pools. Browser fixture crowd-boosted-player-two uses real Improvise on opposing Hans: badge4 and picker only opposing Fru Fru, excluding boosted Hans, own Hans, Ward Aladdin, Skates and Port. Song play pays before pending target selection; closing picker does not cancel the paid effect. Undo restores song/five drops and retains boost. Disarmed drops fund Distract from bank2->0; opposing Hans badge2 appears in new picker. Final five-drop play bottoms exact opposing Hans; owner deck6->7, own Hans stays in play, caster drops5->0, opposing drops2 unchanged. Both logs show actual Strength changes, initial paid play/Undo/new play and named bottom destination; private draw identities hidden. Existing paid/sung/empty-deck/reduced-target/Undo proof retained. Generic insufficient payment is outside revised scope. Card types pass; simulator zero errors/one existing warning. No engine change. Proof /tmp/hyperia-crowd-p2-{boosted-excluded,undo-restored,reduced-eligible,owner-bottom-log,public-bottom-log,final-board}.png."
96,FIu,ci_FIu,Another Tale to Spin,,action,"""Draw a card. You and another chosen player each get 1 ink drop. (Each ink drop may be removed to pay 1 {I}.)""",src/cards/014/actions/096-another-tale-to-spin.ts,src/cards/014/actions/096-another-tale-to-spin.test.ts,complete;14 public-action tests pass;186 assertions;three caster seats/chosen-only rewards/singing/drops/persistence,complete;paid/sung/empty deck;three players/exact chosen rewards;self rejection;saved drops/persistence;all logs/privacy,"Fixed chosen player target to exclude the caster; regression failed before fix. Replaced raw-state smoke test. Covers exact top-card/controller-only draw; additive pools; self/unknown/multiple rejection before payment/draw with retry; repeated copies; valid and undercosted/drying/exerted singers; insufficient bank/future reward; saved-drop payment; persistence; empty-deck turn-boundary loss; inkability. Browser paid first copy with two ink then sang second with Minnie at bank zero; both draws deck six to five to four; other-player picker excludes caster; each play gives both players one drop. Fru Fru spends one saved drop at bank zero. Both logs show singer/draw counts/rewards/payment and hide drawn names from opponent. No engine change. Empty-deck browser verified: no draw; caster gains one drop; opponent-only picker; chosen opponent gains one drop; both rewards logged; defeat at turn end. Evidence: /tmp/hyperia-tale-empty-deck-rewards-defeat.png. Multiplayer beyond two players and rejected-payment/drop-funded song/persistence browser boundaries remain pending. Evidence: another-tale-paid-sung-drops.png; another-tale-opponent-logs.png. Completion review 2026-10-06: older notes still list printed-ability browser boundaries as pending. Primary-flow proof remains valid, but the status did not expose these boundaries. Reopened for evidence reconciliation; validate any boundary not already proved. Basic actions and generic payment rejection are excluded as separate requirements. See hyperia-completion-reconciliation.md. Another Tale to Spin closed 2026-10-06: 14 tests/186 assertions. Added three-player tests with caster in each seat: self/multiple selections rejected atomically, only caster/one chosen player gain each drop, paid/sung exact copies draw only from caster deck, all pools persist through full turn cycle, and later one-drop Fru Fru play affects only caster. New bounded in-app three-player audit page uses real song/singer/player clients, projected hands and shared simulator log formatter. Browser self reward rejected with all pools/decks/hand unchanged; Player Two pays2 saved drops (2->0->1) and chooses Player Three (5->6), while Player One remains4. Second copy sung by own cost2 Aladdin at zero bank: singer exerts, Player Two1->2, chosen Player One4->5, Player Three stays6. Caster deck8->7 at turn start then6/5 after song draws; other decks remain8 during resolution. Three-view logs name correct reward players/singer/payment and conceal private draw identities. Full turn cycle keeps pools5/2/6; later Player Two Fru Fru spends1, leaves5/1/6 and zero bank, no pending effect. Fixed only new audit page singCard-to-playCard log-entry mapping to match existing simulator adapter; repeated clean proof after type check. Existing two-player selector, paid/sung/empty-deck proof retained. Generic insufficient payment is outside revised scope. Card types pass; simulator zero errors/one existing warning. No engine repair. Bounded page is not a full three-player tabletop; generic private-only turnStart fallback is outside ability log gate. Proof /tmp/hyperia-tale-three-{self-rejected,paid-p2,sung-p2,sung-p1,sung-p3,persist-p1,final-p2,final-p3,final-p1}.png."
97,5lt,ci_5lt,This Is Business,,action,"[{""title"": ""Chosen opponent chooses one:""}, {""title"": ""• They reveal their hand and discard a card of your choice. They get 2 ink drops. (Each ink drop may be removed to pay 1 {I}.)""}, {""title"": ""• You draw a card and get 2 ink drops.""}]",src/cards/014/actions/097-this-is-business.ts,src/cards/014/actions/097-this-is-business.test.ts,complete;15 public-action tests pass;148 assertions;P2 invalid choice/required discard/both modes/persistence,complete;both modes/reversed choosers/required opposing discard;empty hand/deck;saved drops/persistence;both logs/privacy,"Fixed opponent-only structured chooser and preserved selected-player context through both modes. Covers both rewards, exact top draw, self/multiple/wrong-actor/wrong-card rejection with retry, empty hand/deck, additive pools, three-ink and saved-drop costs, future reward exclusion, inkability and required discard. Four mock engine tests cover supplied/deferred targets and consecutive copies. Required choice branches no longer inherit an optional flag from the response, so the discard has no Skip option. Discard guidance does not incorrectly claim hand ownership. Clean in-app browser: two paid copies spend all six bank ink; opponent chooses discard then draw; caster discards opposing Skates, opponent receives two drops; second mode draws Fru Fru (deck six to five) and grants caster two drops; one drop pays drawn Fru Fru at bank zero, leaving one. Both logs show exact effects; opposing log hides drawn identity. Earlier missing picker observation came from stale browser snapshots; fresh accessibility controls verified both opponent pickers without code changes. Reversed-seat tests cover both opponent choices, caster-only discard selection, separate reward pools and private draw. Empty-hand browser reveal resolves without a discard prompt and grants the opponent two drops; reward log is correct. Empty-deck browser draw choice grants the caster two drops with no drawn card or false draw log; passing then shows defeat for an empty deck. Illegal choice/payment and persistence browser boundaries remain pending. Evidence: hyperia-business-empty-deck-reward-defeat.png. Evidence: hyperia-business-empty-hand-reward.png. Evidence: this-is-business-required-discard.png; this-is-business-paid-modes-drops.png; this-is-business-opponent-logs.png. Completion review 2026-10-06: older notes still list printed-ability browser boundaries as pending. Primary-flow proof remains valid, but the status did not expose these boundaries. Reopened for evidence reconciliation; validate any boundary not already proved. Basic actions and generic payment rejection are excluded as separate requirements. See hyperia-completion-reconciliation.md. This Is Business closed 2026-10-06: 15 tests/148 assertions. Added reversed-seat invalid modes -1/2/99 with unchanged pending rewards/hand/deck, wrong-hand discard rejection, each correct branch and persistence across own/opposing turns, then caster-only saved-drop spending. Browser business-player-two-persistence: first Player Two copy spends3drops, second3bank. Only chosen Player One chooses mode; only caster Player Two gets revealed discard picker, showing two opposing hand cards without Skip or own cards. Required Skates discard grants Player One4->6drops; second draw leaves opposing hand untouched and grants Player Two0->2 plus one private Fru Fru draw. Both pools persist across turn changes; Player One spends1 on Fru Fru at zero bank (6->5), Player Two spends1 next own turn (2->1) while retaining refreshed bank3. Both logs name actual mode/controller/discard/reward/payment and hide private drawn identity from opponent. Existing required-discard/empty-hand/empty-deck/primary proof retained. Generic insufficient payment is outside revised scope. Card types pass; simulator zero errors/one existing warning. No engine change. Proof /tmp/hyperia-business-p2-{wrong-mode-view,wrong-discard-view,required-opposing-hand,public-both-modes,owner-both-modes,persist-payment-owner,persist-payment-public,final-board,final-owner-pool}.png."
98,IpT,ci_IpT,Flippant Taunt,,action,"""Until the start of your next turn, chosen opposing character gains Reckless and, if you have 2 or more opponents, can't challenge your characters or locations. (They can't quest and must challenge if able.)""",src/cards/014/actions/098-flippant-taunt.ts,src/cards/014/actions/098-flippant-taunt.test.ts,complete;14 public-action tests pass;130 assertions;three-player caster-only restrictions/singing/independent copies/native expiry,complete;two/three players;caster character/location rejection;other-opponent challenge;singing;exact expiry/native retention;all logs/privacy,"Replaced false-green keyword/wrong-turn tests with eleven public-action tests: active-turn quest/pass prohibition; legal character/location challenges in one-on-one; singing; exact caster-turn expiry; native Reckless retained; Ward/own/type/zone/multiple target rejection before cost with retry; exact/insufficient/saved-drop payment; independent copies and damaged/exerted targets; no legal target; inkability. Fixed known multiplayer deviation by scoping cant-challenge to caster-controlled defenders. Engine mock tests cover protected characters/locations, third-player defender legality, separate stacked restrictions/expiry, opponent-count and full three-player keyword/restriction duration. Browser: selector offers Jock only and excludes Ward, own cards, item/location; one bank ink spent; Reckless badge and grant log shown. Quest disabled and Pass Turn absent while challenge available. Fatal Powerline challenge logs four damage each and Jock banishment; Pass Turn returns. Second fixture: Jock deals four to Baymax and takes two, survives, then loses Reckless at start of caster turn and quests for one on its next turn. Both log views verified. Reversed-seat public test confirms player-two grant expiry follows the caster turn and separate saved-drop pools. Saved-drop browser fixture spends one of two drops at zero bank ink, leaves one, grants opposing Jock Reckless, and logs both payment and keyword grant. No-target browser with Ward Aladdin, Skates and Port Authority spends one ink, discards Taunt, grants no Reckless, shows no false grant log or blocked prompt, and permits a normal turn pass. Three-player browser/end-to-end match, singing and native/independent-copy browser boundaries pending. Evidence: hyperia-taunt-no-target-pass.png. Evidence: hyperia-taunt-saved-drop-reckless.png. Evidence: flippant-taunt-reckless-controls.png; flippant-taunt-challenge-log.png; flippant-taunt-expired-opponent.png; flippant-taunt-expired-caster.png; flippant-taunt-normal-quest.png. Completion review 2026-10-06: older notes still list printed-ability browser boundaries as pending. Primary-flow proof remains valid, but the status did not expose these boundaries. Reopened for evidence reconciliation; validate any boundary not already proved. Basic actions and generic payment rejection are excluded as separate requirements. See hyperia-completion-reconciliation.md. Flippant Taunt closed 2026-10-06: 14 tests/130 assertions. Added three-player card tests with targets owned by Player Two or Three, exact independent copies, caster character/location restrictions, legal third-opponent challenge, singing instead of challenge and caster-start expiry that retains printed Reckless. New bounded in-app page uses real Taunt/Jock/Gaston/Baymax/Port/Tale, real player clients and shared log formatting. Player Two spends separate saved drops to Taunt Player Three Jock then native Gaston; Jock alone changes after first copy. Player Three Jock quest is rejected; caster Baymax/Port challenges reject with explicit restriction and no exert/damage; third-player Baymax challenge succeeds, takes4 and is banished while Jock stays undamaged. Reckless Gaston sings Tale rather than challenging, exerts and permits pass. Both grants last through Player One turn; start of Player Two turn5 removes Jock Reckless while native Gaston retains it. On Player Three turn6 Gaston quest remains rejected, Jock challenge against caster Port now succeeds for4, and Gaston sings again. All three views log exact grants, payment, actual challenge/banishment/location damage and singers; opposing hand/draw identities remain hidden. Existing two-player restored quest/character/location legality, target filters, no-target and saved-drop proof retained. Full end-to-end match is not an additional requirement for bounded text-box ability validation. Card types pass; simulator zero errors/one existing warning. No engine repair needed. Bounded page is not a full three-player tabletop; generic private-only turnStart fallback is outside ability log gate. Proof /tmp/hyperia-taunt-three-{first-copy,caster-character-rejected,caster-location-rejected,other-opponent-legal,native-singing-p3,combat-singing-p2,combat-singing-p1,before-caster-start,caster-start-expiry,native-quest-still-blocked,caster-location-legal-after-expiry,final-p3,final-p2,final-p1}.png."
99,M4n,ci_M4n,Chemical Reaction,,action,"""Draw a card. You may banish chosen item of yours. If you do, chosen opponent chooses and discards a card.""",src/cards/014/actions/099-chemical-reaction.ts,src/cards/014/actions/099-chemical-reaction.test.ts,complete;16 public-action tests pass;160 assertions;three copies/chosen opponents/atomic rejection,complete;two/three players;optional decline;own items only;chosen discard ownership;repeat;logs/privacy,"Fixed chosen-opponent authoring and engine selection after item banishment; preserve that player through mandatory hand discard. Fourteen public-action tests cover exact draw order, optional decline, own-item/type/zone/count limits with retry, opponent-only and required discard choices, empty hand/deck, insufficient and saved-drop payment, independent copies and inkability. Three mock engine tests cover selected-player persistence, decline and card-reference separation; Ursula’s Lair regression also passes. Browser: first copy draws then declines without banishing; second copy draws then offers only three own items, banishes own Skates, offers only opponent, and requires opponent to discard Powerline without Skip. Bank eight to four; deck six to four; opposing hand two to one. Both logs show public choices, banishment and discard; opponent log hides both drawn identities. Reversed-seat public test proves private draw, own-item identity, caster opponent selection and opponent-only discard with retries. Empty-hand browser draws Fru Fru first, banishes own Skates, selects the opponent and completes with both cards in caster discard, no blocked discard prompt and no false discard log. Further repeated copies, rejected/payment and more-than-two-player browser boundaries remain pending. Evidence: hyperia-chemical-empty-hand-chain.png. Evidence: chemical-reaction-opponent.png; chemical-reaction-caster.png. Completion review 2026-10-06: older notes still list printed-ability browser boundaries as pending. Primary-flow proof remains valid, but the status did not expose these boundaries. Reopened for evidence reconciliation; validate any boundary not already proved. Basic actions and generic payment rejection are excluded as separate requirements. See hyperia-completion-reconciliation.md. Chemical Reaction closed 2026-10-06: 16 tests/160 assertions. Added exact Player Two three-copy tests: decline first, banish separate own items on the next copies, choose Player Three then Player One, reject opposing items/self/wrong-controller/empty required discard without redraw or extra payment. Only chosen opponents discard their own exact cards; other hands and opposing items remain unchanged. New bounded three-player in-app page verifies the same public actions with real player clients, separate six-drop payment (6->4->2->0), one draw per copy, no pending effect at completion and all three viewer logs/privacy. Browser found chosen Player Three formatted as Hidden card. Shared simulator log snapshots now carry public player IDs, and mixed targets use player segments for known players while retaining card segments. Arbitrary third-player IDs covered by two regression tests. Focused formatter/presentation/privacy checks: 151 tests/278 assertions; adapter checks: 9 tests/64 assertions. Card types pass; simulator zero errors/one existing warning. No engine repair needed. Existing two-player optional/empty-hand/empty-deck proof retained. Generic insufficient payment is outside revised scope. Bounded page is not a full three-player tabletop; generic private-only turnStart fallback is outside ability log gate. Proof /tmp/hyperia-chemical-three-{first-decline,wrong-item-rejected,wrong-discard-actor,required-no-skip,p3-discard,other-opponent-rejected,final-p1,final-p2,final-p3}.png."
100,h3H,ci_h3H,Belle's City Guide,,item,"[{""title"": ""Insider Info"", ""description"": ""{E} — If you played an action this turn, gain 1 lore.""}]",src/cards/014/items/100-belles-city-guide.ts,src/cards/014/items/100-belles-city-guide.test.ts,complete;15 public-action tests pass;144 assertions;sung/multiple/reversed-seat/source/reset,complete;sung song;multiple actions;independent copies;new item;invalid sources;zero-cost activation;reset;both logs/privacy,"Expanded three smoke tests to thirteen public-action tests: exact controller-only lore and exert cost; no ink/drop activation cost; failed condition still exerts; no second activation while exerted; next-own-turn readiness and action-history reset; non-action plays/inking/quests and rejected/opposing actions excluded; sung songs included; multiple actions give only one lore; independent copies; same-turn newly played item use; source owner/zone restrictions; two-ink and saved-drop play costs; uninkability; twenty-lore victory. Definition and engine already match text. Browser: first Guide exerts before an action with no lore; Distract costs two ink; second Guide exerts and gains one; new Guide costs two ink and immediately exerts at bank zero for a second lore. Both player logs show exact lore/exertion and public play; opponent log hides drawn identity. After both turns pass all Guides ready; activation without a new action exerts and leaves lore at two. Reversed-seat test confirms player two wins from nineteen lore using only their Guide; opposing source is rejected and opposing lore and saved drops remain unchanged. Terminal browser fixture plays Distract for two ink, then activates Guide at zero bank ink: nineteen to twenty lore, exerted item, Victory Reached 20 lore, and exact ability/lore/exertion log. Sung-song, multiple-action and saved-drop/rejected-source/payment browser boundaries remain pending. Evidence: hyperia-city-guide-twenty-lore-victory.png. Evidence: city-guide-caster.png; city-guide-opponent.png; city-guide-reset.png. Completion review 2026-10-06: older notes still list printed-ability browser boundaries as pending. Primary-flow proof remains valid, but the status did not expose these boundaries. Reopened for evidence reconciliation; validate any boundary not already proved. Basic actions and generic payment rejection are excluded as separate requirements. See hyperia-completion-reconciliation.md. Belle's City Guide closed 2026-10-06: 15 tests/144 assertions. Added combined Player Two sung/multiple-action, independent-copy, invalid source, saved-drop and reset test. New bounded in-app page uses real Tale/Aladdin/Distract/Guide and real player clients/shared logs. Player Two sings at zero bank; Tale adds one drop (4->5), and first Guide gains exactly one lore. Hand/discard/opposing Guide sources reject without exertion or reward; repeated exerted activation rejects. Distract spends two drops (5->3), then second Guide gains only one lore despite two actions. New Guide spends two drops (3->1), activates immediately and adds only one lore. All activations leave drops/bank unchanged; only caster lore changes (0->1->2->3), opposing lore stays7 and Guide ready. Opponent-turn activation rejects; next own start readies all copies and clears action history. First Guide then exerts without lore, other copies remain ready, pools stay1/8 and both logs omit false lore. Both views show sung source, payments, exact lore/exertion and retain draw privacy. Existing tabletop false/true condition, same-turn play, reset and twenty-lore victory proofs retained. Generic insufficient payment and normal paid item entry are outside revised scope. Card types pass; simulator zero errors/one existing warning. No engine repair needed. Proof /tmp/hyperia-city-guide-p2-{hand-rejected,discard-rejected,opposing-rejected,song-lore,repeat-rejected,two-actions,new-guide,public-lore,wrong-turn,next-turn-ready,reset-owner,reset-public}.png."
101,LdD,ci_LdD,Leaning Tower of Cheese-a,,item,"[{""title"": ""FAIR TRADE"", ""description"": ""When you play this item, you may draw a card, then choose and discard a card.""}, {""title"": ""EXTRA CHEESY"", ""description"": ""While you have 4 items named Leaning Tower of Cheese-a in play, your items gain Ward. (Opponents can't choose them.)""}]",src/cards/014/items/101-leaning-tower-of-cheese-a.ts,src/cards/014/items/101-leaning-tower-of-cheese-a.test.ts,complete;17 public-action tests pass;166 assertions;three-player trade/five-copy/non-chosen/public keyword queries,complete;controller trade;required exact discard;invalid retries;four/five Ward;both opponents;non-chosen banishment;all logs/privacy,"Fifteen public-action tests cover accepted/declined trades, exact top draw, discarding the new card, mandatory discard and wrong actor/controller/zone/count rejection with retry and no redraw, empty-hand/deck timing, independent copies, one-ink/saved-drop play and inkability. Ward coverage includes own items only, exact name/type/controller/play-zone counting, three/four/five thresholds, real fourth-copy entry, live loss after own Tower banishment, opposing chosen-effect rejection, own chosen effects and non-chosen banishment. Fixed sequence prompt metadata: after an optional sequence advances, later required selections no longer inherit the optional flag. Three mock engine regressions cover required discard, decline and a separate nested optional. Browser: third Tower accepts trade, draws Fru Fru (deck six to five) and requires its discard with no Skip; fourth Tower declines with no new draw and grants Ward to all five own items. Opposing Break picker offers only its own Skates. Own Break can banish a protected Tower, leaving three; all Ward badges disappear. Opposing Break then offers all remaining items and banishes caster Skates. Both log views show draw count, public discard, decline and both banishments; opposing draw identity is hidden. Reversed-seat public test verifies fourth-copy Ward applies only to player-two items, only player two accepts the trade and selects the discard, the drawn card can be discarded, and the saved drop is spent. Empty-deck browser accepts Fair Trade, draws no card, requires the existing Fru Fru discard without Skip, leaves Tower in play and logs the actual discard with no false draw. Turn-end pass then shows empty-deck defeat. Five-copy/non-chosen, saved-drop/rejected and multiplayer browser boundaries remain pending. Evidence: hyperia-cheese-empty-deck-discard-defeat.png. Detailed static Ward-change logs remain pending. Evidence: cheese-mandatory-discard.png; cheese-four-items-ward.png; cheese-opponent-ward-picker.png; cheese-ward-expired.png; cheese-opponent-banish.png. Completion review 2026-10-06: older notes still list printed-ability browser boundaries as pending. Primary-flow proof remains valid, but the status did not expose these boundaries. Reopened for evidence reconciliation; validate any boundary not already proved. Basic actions and generic payment rejection are excluded as separate requirements. See hyperia-completion-reconciliation.md. Leaning Tower of Cheese-a closed 2026-10-06: 17 tests/166 assertions. Replaced three raw server keyword assertions with public keyword queries. Added Player Two three-player exact fourth/fifth copy test, controller-only trade, required one discard with invalid retries and no redraw, five-to-four Ward retention, both opponents chosen-target rejection and real I Find Em I Flatten Em non-chosen banishment. Exact owner hand IDs avoid ambiguous shared Break definitions. New bounded in-app page uses real Tower/Skates/Break/Flatten/Fru Fru/Port and shared projected player clients/logs. First saved drop pays fourth Tower (2->1), own items immediately gain Ward, characters/location/opponent items do not. Player Three cannot accept or discard; caster accepts one draw, skip/in-play item/two-card selections reject without redraw, then exact newly drawn card is discarded. Second drop pays fifth Tower (1->0), decline draws/discards nothing; five copies stay protected. Own Break banishes fifth at two bank ink, four remaining Towers/Skates retain Ward. Player Three and Player One Break attempts reject before payment. After a full turn cycle, Player Three pays4 for Flatten: all eight items across three players are banished despite Ward; both Fru Fru characters and Port remain. All three logs show actual draw/required discard/decline/payments and exact banishments; opposing hand/draw identities stay private until public discard. Port normal start-turn lore is fixture setup, outside Tower ability outcomes. Existing tabletop four-to-three loss, target picker and empty-deck proof retained. Generic insufficient payment and separate static keyword-change logs are outside revised scope. Card types pass; simulator zero errors/one existing warning. No engine repair needed. Bounded page is not a full three-player tabletop; generic private-only turnStart fallback is outside ability log gate. Proof /tmp/hyperia-cheese-three-{fourth-ward,wrong-accept,required-discard,wrong-zone,two-discard-rejected,wrong-discard,drawn-discard,fifth-decline,own-break-four-retained,p3-ward-rejected,p1-ward-rejected,before-sweep,final-p3,final-p2,final-p1}.png."
102,JEn,ci_JEn,The Beanstalk,Onward and Upward,location,"[{""title"": ""The Distant Reaches"", ""description"": ""Characters get +1 {S} and gain Evasive while here.""}]",src/cards/014/locations/102-the-beanstalk-onward-and-upward.ts,src/cards/014/locations/102-the-beanstalk-onward-and-upward.test.ts,complete;13 public-action tests pass;131 assertions;independent/native/reversed-seat/rejected movement/offense,complete;exact copies;native Evasive retention;rejected movement;granted offense/damage;departure/retry;zero lore;both logs/privacy,"Eleven public-action tests cover exact live Strength/Evasive on entry and departure; no bonus to characters elsewhere; paid movement without exertion; non-Evasive challenge rejection; Evasive offense/defense and actual increased damage; fatal location challenge clears attachment and removes both bonuses without banishing its character; independent Beanstalk copies do not stack on one location; native Evasive survives departure; opposing/insufficient movement rejection; drying/exerted state and saved-drop movement; one-ink play, zero passive lore and inkability. Existing definition/engine match text. Browser: Baymax moves onto Beanstalk, to Port Authority and back, spending one ink each (six to three); Strength switches two/three and Evasive removes/restores. Non-Evasive Fru Fru cannot select exerted Baymax. Evasive Jock challenges Baymax for four damage and takes boosted three. Hook challenges Beanstalk for nine, banishes it with zero return damage; Baymax stays in play with four damage, loses location attachment and both bonuses. Movement/combat/banishment logs verified in both views. Reversed-seat public test rejects enemy character/location movement before payment, spends only player-two saved drops on a valid move, grants exact bonuses only to that character and keeps it ready. Saved-drop browser moves Fru Fru at zero bank ink, spends one of two drops, attaches to Beanstalk and shows Strength 2 and Evasive. Fixed movement log factory to append recorded outcomes. A failing regression now passes without duplicate movement messages; browser verifies character/destination plus one removed ink drop. Native/independent-copy, rejected movement, Evasive offense and zero-lore browser boundaries remain pending; detailed static bonus-change logs remain pending. Evidence: hyperia-beanstalk-movement-payment-log-fixed.png; hyperia-beanstalk-saved-drop-movement.png; beanstalk-enter.png; beanstalk-leave.png; beanstalk-evasive-block.png; beanstalk-combat.png; beanstalk-destroyed-opponent.png; beanstalk-destroyed-caster.png. Completion review 2026-10-06: older notes still list printed-ability browser boundaries as pending. Primary-flow proof remains valid, but the status did not expose these boundaries. Reopened for evidence reconciliation; validate any boundary not already proved. Basic actions and generic payment rejection are excluded as separate requirements. See hyperia-completion-reconciliation.md. The Beanstalk closed 2026-10-06: 13 tests/131 assertions. Added combined Player Two exact independent-copy, native Evasive, rejected movement, saved-drop and offense/retry test. Set unrelated mock destination lore explicitly to zero to avoid its default two lore contaminating the location check. New bounded in-app page uses real Beanstalk/Baymax/Jock/Atlantica/Fru Fru and projected player clients/shared logs, including existing moveToLocation log normalization. Opposing character/location moves reject atomically, keep ten drops and no bonus; Baymax challenge against native Evasive Jock rejects before exertion. Moving Baymax through first/second own Beanstalk spends one drop each, changes exact attachment IDs and keeps Strength3/Evasive, without stacking. Native Jock enters at Strength5, leaves for Atlantica at Strength4 with native Evasive retained, then moves to second Beanstalk at Strength5. Granted Baymax offense deals3 and takes4; departure preserves four damage/exertion while removing only granted Evasive and Strength bonus. Full turn cycle leaves caster lore0 and drop pool2, with opposing drops7 unchanged. After defender quest setup, ready Baymax outside cannot challenge Evasive, remains ready/undamaged beyond prior4/no payment. One-drop return restores Strength3/Evasive; legal retry deals3/takes4 and banishes both previously damaged characters. Native own Jock remains Strength5/Evasive at second copy. Final pools1/7, caster bank0; no pending effects. Both logs show movement destinations/payments, exact combat damage and banishments with private draws hidden. Existing tabletop source destruction clears attachment/bonus without character banishment, defense and saved-drop proofs retained. Generic insufficient payment and separate static bonus-change logs are outside revised scope. Card types pass; simulator zero errors/one existing warning. No engine repair needed. Proof /tmp/hyperia-beanstalk-p2-{opposing-location,opposing-character,outside-offense-rejected,first-copy,second-copy,native-enter,native-leave,granted-offense,damaged-leave,public-first-combat,zero-lore-next-turn,departure-offense-rejected,return-bonus,final-owner,final-public}.png."
103,cPq,ci_cPq,Heihei,At the Crosswalk,character,"[{""title"": ""AIMLESS WANDERING"", ""description"": ""Once during your turn, if this character is at a location, you may move him to another location for free. If you do, gain 1 lore.""}]",src/cards/014/characters/103-heihei-at-the-crosswalk.ts,src/cards/014/characters/103-heihei-at-the-crosswalk.test.ts,reviewed; 14 tests 113 assertions pass,verified; drying copies free moves; separate use limits and both resets; destination filtering and no-destination completion; both public logs,"CR 2.2.0 4.7 and 6.1.5.1. Fix current/opposing location selection and conditional lore. Engine location-filter and SELF-slot regressions; interaction/presenter chosen-destination regressions. Browser moves Port Authority to Beanstalk at zero ink; next turn returns and adds one ability lore plus separate Port Authority rewards. Reversed-seat public test rejects opposing source and destination before a valid retry, preserves separate lore and location identities, spends no bank ink or saved drops and enforces the once-per-turn use. Exerted browser fixture uses Aimless Wandering at zero bank ink, moves Beanstalk to Port Authority, preserves exertion, loses source Strength/Evasive and logs exactly one ability lore. Separate Welcome to Town rewards have their own log entry. Ability activation is absent after the use; quest/challenge remain disabled for exertion. Drying/two-copy/no-destination/invalid-retry browser boundaries pending. Evidence: hyperia-heihei-exerted-free-move.png. Added two newly played P2 copies with invalid-current retry, separate uses, fresh quest rejection, bank0/free movement, preserved drops and both next-own-turn resets; P2 opposing/hand-only destination rejection and zero-lore completion. Browser two drying copies at Beanstalk move to own Belle House with bank0 and drops3 unchanged; each gains exactly one lore and retains Fresh Ink. Used copy has no ability action; other copy still acts. Picker offers exactly own other location, excluding current/opposing/hand locations. Cancel/reopen preserves lore0 until valid selection. After both passes each uses again to return to Beanstalk, lore2 to4. Both player logs name actual source/destination and one lore per move. P2 current-only location despite opposing Belle House and own hand Port Authority: activation completes with no target picker, move, reward or pending effect; lore7 unchanged, P1 lore5 unchanged. Outside-location copy has no ability action. Proofs /tmp/hyperia-heihei-drying-picker.png; /tmp/hyperia-heihei-drying-first-move.png; /tmp/hyperia-heihei-drying-used-copy.png; /tmp/hyperia-heihei-drying-both-moved.png; /tmp/hyperia-heihei-drying-owner-log.png; /tmp/hyperia-heihei-drying-public-log.png; /tmp/hyperia-heihei-reset-owner-log.png; /tmp/hyperia-heihei-reset-public-log.png; /tmp/hyperia-heihei-p2-outside-location.png; /tmp/hyperia-heihei-p2-current-only-detail.png; /tmp/hyperia-heihei-p2-no-destination-owner.png; /tmp/hyperia-heihei-p2-no-destination-public.png. Card types pass; simulator zero errors and one existing warning."
104,2oR,ci_2oR,Abby Park,Intense Fan,character,"[{""title"": ""DREAM COME TRUE"", ""description"": ""When you play this character, reveal the top card of your deck. If it's a character card with Singer or a song card, you may put it into your hand. Otherwise, put it on the bottom of your deck.""}]",src/cards/014/characters/104-abby-park-intense-fan.ts,src/cards/014/characters/104-abby-park-intense-fan.test.ts,reviewed; 24 tests 184 assertions pass,verified; P2 character/action/location bottom-only routes; Singer hand/song decline; single/empty deck; actual next draw; public reveal and destination logs,"Player-two acceptance and decline preserve deck and drop ownership and reject opponent routing. CR 2.2.0 6.1.4 and 8.11.1. Replace reveal-and-route with existing revealed scry destinations so declines go to deck-bottom. Add Singer/is-song simulator filtering and forward keyword metadata through reveal-card assignment. Browser Jukebox cannot enter hand; accept song and decline Singer; accept Singer and decline song in second fixture. Both views show reveal identities and destinations; next draw Fru Fru confirms declined Singer is off top. Empty-deck browser fixture verifies play payment, no reveal or routing choice, completed ability log, and defeat after passing. Non-song character/action/location/type-forged Singer/invalid routing/payment rejection/quest browser boundaries pending. Added P2 only-card Singer/song accept/decline, empty-deck completion, excess/duplicate routing rejection with valid retry. Found duplicate public reveal when revealed card routed to hand; fixed shared scry resolver to retain revealed hand visibility without logging the earlier public reveal twice. Engine mock regressions cover public reveal and private-look/revealed-destination cases. Browser P2 five copies reveal Goliath without Singer, Creative Inspiration and Beanstalk: tapping cannot route them to hand, all go bottom. Singer Goofy can enter hand; song can enter hand but declined back to bottom. Only revealed card appears in routing overlay; next actual draw Fru Fru proves bottom placement. Bank20 to0, own3/opposing4 drops unchanged; opposing hand/discard unchanged. Both logs name five actual reveals and destinations, no repeated Goofy reveal on hand route. P2 single remaining Goofy declined stays sole deck card, second copy reveals same Goofy and accepts leavesdeck0; third Abby completes without reveal/choice, pending0/bag0, retained Goofy/Fru. Active until ownpass then winnerP1 exactemptydeckreason. Forged item-Singer type rejected in card and simulator filter unit tests; no real item with Singer required for browser proof. Basic payment/quest are excluded as separate gates under printed-ability scope; existing no-on-quest unit regression retained. Proofs /tmp/hyperia-abby-p2-character-bottom-picker.png; /tmp/hyperia-abby-p2-action-bottom-picker.png; /tmp/hyperia-abby-p2-location-bottom-picker.png; /tmp/hyperia-abby-p2-singer-hand-picker.png; /tmp/hyperia-abby-p2-song-decline-picker.png; /tmp/hyperia-abby-p2-types-owner-log.png; /tmp/hyperia-abby-p2-types-public-log.png; /tmp/hyperia-abby-p2-next-draw-owner.png; /tmp/hyperia-abby-p2-single-decline-owner.png; /tmp/hyperia-abby-p2-single-accept-owner.png; /tmp/hyperia-abby-p2-empty-owner-log.png; /tmp/hyperia-abby-p2-single-empty-public-log.png; /tmp/hyperia-abby-p2-empty-terminal-public.png. Card/engine types pass; simulator zero errors and one existing warning. Focused engine six tests29assertions, three neighbor cards23tests113assertions, full engine1324pass3778assertions 2skip52todo, full Hyperia2721pass19022assertions."
105,Yuz,ci_Yuz,Goofy,Dancing Superstar,character,"[{""title"": ""Shift 3 {I}""}, {""title"": ""Singer 6""}, {""title"": ""IN THE GROOVE"", ""description"": ""Whenever this character quests, your other characters with Singer get +1 {L} this turn.""}]",src/cards/014/characters/105-goofy-dancing-superstar.ts,src/cards/014/characters/105-goofy-dancing-superstar.test.ts,reviewed; 19 tests 142 assertions pass,"verified; P2 Shift/drop payment and Singer 6 boundaries; repeated quest stacking, scope, source removal and expiry; both public logs","Player-two public Shift/quest test verifies rejected opposing base, own payment, Singer-only ownership, exact lore and turn-end expiry. CR 2.2.0 4.4 6.2 8.10 and 8.11.1. Tests cover Singer 6/7 limits; exact Shift and ordinary payment; target/controller and inherited drying/exertion/damage; own other Singer-only bonus; source removal; late entrants; repeated quests and copy stacking. Browser Shift pays three; source quests two; Hector quests two while plain Fru Fru stays one; opponent Singer stays one; bonus expires at turn end. Singer 6 sings Higitus without quest trigger or ink payment. Two copies quest two then three and Hector three for eight total; both bonus layers expire. Both views show quest and IN THE GROOVE logs. Browser drying Shift pays four for base and three for Shift; Fresh Ink remains, quest and cost-six singing are disabled, source quest trigger absent and Shift log names base. Rejected/payment Shift; seven-cost song; repeated ready quests; late entrants/source removal and detailed bonus-stat logs remain browser boundaries. Added P2 repeated-quest and selected-drop Shift regressions. Browser two quests add two distinct +1 lore effects to the existing Singer; opponent, non-Singer and source unchanged. Late Singer gets no earlier bonus; source banishment keeps both bonuses; existing Max quests for four, P2 lore8/P1 lore5; own pass removes both temporary effects while printed static Singer bonus stays. Exerted source cannot quest again until readied. Fixed simulator effect-detail deduplication to preserve distinct stat-modifier IDs with identical labels/source while deduplicating repeated projection of the same ID. Browser detail visibly lists both Lore +1 entries, source Goofy and This turn. Shift unarmed with bank2/drop1 is disabled; selecting own drop pays drop1 plus bank2, offers only own Goofy base and inherits damage1. Singer6 rejects cost7 Be Prepared without exertion/payment and sings cost6 Higitus Figitus at bank0, exerts source and grants three drops, no quest trigger/lore; other Singer unchanged and opponent drops4 untouched. Both views name Shift source/payment, song/singer, quest rewards and lore modifiers. Card19/142 and simulator model37/72 pass; card types pass; simulator zero errors and one existing warning. Proofs /tmp/hyperia-goofy-stacked-effects-visible.png; /tmp/hyperia-goofy-p2-repeat-blocked.png; /tmp/hyperia-goofy-p2-late-singer-detail.png; /tmp/hyperia-goofy-p2-source-removed-four.png; /tmp/hyperia-goofy-p2-repeat-owner-log.png; /tmp/hyperia-goofy-p2-repeat-public-log.png; /tmp/hyperia-goofy-p2-expired-detail.png; /tmp/hyperia-goofy-p2-shift-unarmed-rejected.png; /tmp/hyperia-goofy-p2-shift-own-only-picker.png; /tmp/hyperia-goofy-p2-shift-inherited-damage.png; /tmp/hyperia-goofy-p2-seven-song-rejected.png; /tmp/hyperia-goofy-p2-six-song-owner-log.png; /tmp/hyperia-goofy-p2-six-song-public-log.png. Basic actions are setup only under printed-ability scope."
106,etZ,ci_etZ,Héctor Rivera,Worldwide Sensation,character,"[{""title"": ""Shift 4 {I}""}, {""title"": ""Big Hit"", ""description"": ""Whenever this character quests and whenever he sings a song for the first time each turn, look at the top 3 cards of your deck. You may reveal a song card and put it into your hand. Put the rest into your discard.""}]",src/cards/014/characters/106-hector-rivera-worldwide-sensation.ts,src/cards/014/characters/106-hector-rivera-worldwide-sensation.test.ts,reviewed; 24 tests 177 assertions pass,"verified; Shift/quest/song routing and logs; P2 singing-together copies, turn reset, short/empty deck, repeat quest and drying/drop-funded Shift","Player-two quest routing test verifies chooser rejection, exact own top-three destinations, lower deck preservation and independent lore. CR 2.2.0 1.2.3 5.4.4.2 6.1.14.1 6.2.1-6.2.6 and 8.10. Replace empty-deck second-song false green with remaining deck and public ready action. Tests cover song-only/max-one/top-three/controller/retry, optional decline/short and empty decks, repeated quests independent of singing, copy limits, reset and Shift payment/inherited state. Browser Shift four; quest two; accept Higitus while character and item cannot enter hand; private look hidden from opponent. First singing searches three; decline eligible song sends all three to discard; second singing has no Big Hit while three remain. Fix move-log factory to retain public discard/play scry destinations with revealed hand destinations. Recheck mixed destination log from opponent: song and both discards visible. Empty-deck browser quest grants two lore and exerts source; Big Hit resolves without prompt or false destinations, then pass shows defeat. Short deck/copies/later-turn/repeated quest/payment rejection/Shift drying browser boundaries remain pending. Added P2 duet regression proving each copy consumes its own first-song trigger, later same-turn songs preserve remaining deck, next-turn singing resets, quest is independent and opposing deck/lore/drop totals stay scoped. Added P2 selected-drop Shift onto newly played base: unarmed payment rejected, drop1 plus bank3 pays four, inherited drying blocks quest/sing; later short two-card quest accepts only song, repeated legal quest completes empty without pending effects. Browser both Hectors sing Nothing We Won't Do: two Big Hits, owner sees top-three while opponent sees none; first takes Higitus with Goofy/Creative discarded, second declines Never Gonna Let You Cry and discards it with Jukebox/Fru. Non-song taps do not route to hand. Both later sing Higitus without a look while six deck cards remain; own drops3 to9, opposing4 unchanged. Next own turn first singing looks again, all three discarded; other copy quests independently and discards final two non-songs. Drying Shift fixture pays exact bank3/drop1, only friendly Street Musician offered, normal six-cost play disabled, Shift retains Fresh Ink and blocks quest/sing. Next own turn remaining song/item route song to hand and item to discard; You Came Back legally readies source, repeated quest on empty deck gives total lore4/P1 lore5 and no choices/false destinations. Initial Fan the Flames repeat setup imposed cant-quest; replaced with You Came Back and reran corrected fixture. Both owner/opponent logs name source, base, drop payment, singer, exact public reveal/discard destinations and silent empty completion. Card types pass; simulator zero errors and one existing warning. Proofs /tmp/hyperia-hector-p2-duet-picker.png; /tmp/hyperia-hector-p2-duet-private-look.png; /tmp/hyperia-hector-p2-duet-look-hidden-opponent.png; /tmp/hyperia-hector-p2-duet-song-route.png; /tmp/hyperia-hector-p2-duet-decline-route.png; /tmp/hyperia-hector-p2-duet-owner-log.png; /tmp/hyperia-hector-p2-duet-public-log.png; /tmp/hyperia-hector-p2-next-turn-look.png; /tmp/hyperia-hector-p2-next-turn-two-card-look.png; /tmp/hyperia-hector-p2-reset-short-owner-log.png; /tmp/hyperia-hector-p2-reset-short-public-log.png; /tmp/hyperia-hector-p2-shift-unarmed-rejected.png; /tmp/hyperia-hector-p2-shift-own-only-picker.png; /tmp/hyperia-hector-p2-shift-fresh-blocked.png; /tmp/hyperia-hector-p2-fresh-sing-blocked.png; /tmp/hyperia-hector-p2-short-empty-owner-log.png; /tmp/hyperia-hector-p2-short-empty-public-log.png. Basic actions are setup only under printed-ability scope."
107,CaX,ci_CaX,Yama,Notorious Criminal,character,"[{""title"": ""Keep 'Em Coming"", ""description"": ""6 {I} — Whenever one of your characters challenges another character this turn, get 1 ink drop. (You may remove an ink drop to pay 1 {I}.)""}]",src/cards/014/characters/107-yama-notorious-criminal.ts,src/cards/014/characters/107-yama-notorious-criminal.test.ts,reviewed; 16 tests 126 assertions pass,"verified; P2 copies, unavailable unarmed payment, selected/saved drops, source removal and expiry; both public logs","Player-two public-action test verifies opposing source rejection, mixed bank/drop payment, own challenge reward and expiry without changing opponent drops. CR 2.2.0 4.6 6.2.7.1 and 6.3. Replace SELF grant with existing floating create-triggered-ability lifecycle this-turn; omit fixed registration ability id so activations remain independent; require defender-is-character. Tests cover exact and insufficient payment; claimed drops; drying/exerted source; repeated activations and copies; source removal; no prior activation; illegal challenge; expiry; quest and uninkable play. Browser two activations spend twelve without exerting; Jock challenges Beanstalk with no drops; Yama challenges Hook and is banished; second Hook challenges after source removal; each character challenge awards two drops. Both views show activation/reward/combat logs. Browser drying/exerted activation enabled despite blocked quest and challenge; six bank ink spent and source states preserved. Jock challenge rewards one drop even when attacker is banished; resolution log shows damage and reward. Later-turn expiry, copies, rejected payments, saved-drop payment and normal play browser boundaries remain pending. Added P2 two-copy regression: rejects a claim of two drops when only one is held, preserves bank11/drop1, first activation pays six bank, unarmed second activation with bank5 fails, quest produces no drop, selected drop1 plus bank5 pays second activation while source stays exerted. Banished source retains its floating trigger: both later character challenges grant two drops each. Spend one earned drop, retain three across turns; next-own-turn challenge creates no bag/reward; spend one carried drop while ready bank11 remains untouched, own drops2/opposing4. Browser P1 quests two Yamas and leaves third ready. Own ready Yama activates, other quests without reward, unarmed activation at five bank is unavailable and becomes available when one drop is selected. Paid exerted source stays exerted, ready source stays ready; both pay exact twelve total. Ready opposing target is dimmed/non-actionable, attempted click gives no challenge/reward, valid retry works. Source challenges and both Yamas are banished; two floating rewards give two drops. Baloo challenges after source removal and both rewards still give two, own totalfour/opposingfour unchanged. Spend one on Fru at bank0; three persist on next own turn. Baloo challenges final Yama after expiry, no Keep Em Coming event or gain, both combatants banished; then spend one carried drop on hand Fru, bank11 unchanged/drop2. Both owner/opponent logs name activations, selected drop removal, each source/reward, damage/banishment and carried-drop spending; next-turn log has combat with no expired rewards. Type checks refreshed fixture before final proof; replayed after checks completed and saved both views. Card types pass; simulator zero errors and one existing warning. Normal play/inkability are not separate browser gates under printed-text-only scope; existing unit negatives retained. Proofs /tmp/hyperia-yama-p2-unarmed-five-bank.png; /tmp/hyperia-yama-p2-two-activations-paid.png; /tmp/hyperia-yama-p2-exerted-targets-only.png; /tmp/hyperia-yama-p2-illegal-target-no-action.png; /tmp/hyperia-yama-p2-source-banished-two-drops.png; /tmp/hyperia-yama-p2-source-gone-four-drops.png; /tmp/hyperia-yama-p2-copies-owner-log.png; /tmp/hyperia-yama-p2-copies-public-log.png; /tmp/hyperia-yama-p2-carried-drop-payment.png; /tmp/hyperia-yama-p2-expiry-owner-log.png; /tmp/hyperia-yama-p2-expiry-public-log.png."
108,RwK,ci_RwK,Abigail Callaghan,Seasoned Test Pilot,character,"""""",src/cards/014/characters/108-abigail-callaghan-seasoned-test-pilot.ts,src/cards/014/characters/vanilla-model-properties.test.ts,reviewed; 162 shared vanilla tests pass,not required; no printed abilities; basics excluded by revised scope,"Shared vanilla coverage adds insufficient-payment and drying boundaries for all eighteen vanilla definitions. Browser plays Abigail/Pepita/Stacey for five/one/three ink with no trigger, all quest/challenge disabled while drying. Next own turn the three quest for five total lore. Following turn Pepita/Stacey/Abigail deal one/two/seven damage to Hook and each is banished by nine return damage; Hook is banished at ten total damage. Both views show quest/combat/banishment logs. Browser payment fixture blocks five-ink play at four; inking one copy adds ready fifth ink and logs its identity; other copy spends five with no trigger and remains drying. Browser next-own-turn individual quest grants exactly one lore with named log; repeated quest is disabled due to exertion. Listed two-player vanilla browser boundaries verified. Scope review 2026-10-05: no printed abilities; no ability-flow validation required. Previous browser status: verified exact play cost/drying/quest and combat/public logs; browser boundaries pending. Historical basic-action evidence retained; any pending basic-action checks are outside scope."
109,6CV,ci_6CV,Pepita,Sweet Kitty,character,"""""",src/cards/014/characters/109-pepita-sweet-kitty.ts,src/cards/014/characters/vanilla-model-properties.test.ts,reviewed; 162 shared vanilla tests pass,not required; no printed abilities; basics excluded by revised scope,"Shared vanilla coverage adds insufficient-payment and drying boundaries for all eighteen vanilla definitions. Browser plays Abigail/Pepita/Stacey for five/one/three ink with no trigger, all quest/challenge disabled while drying. Next own turn the three quest for five total lore. Following turn Pepita/Stacey/Abigail deal one/two/seven damage to Hook and each is banished by nine return damage; Hook is banished at ten total damage. Both views show quest/combat/banishment logs. Browser payment fixture blocks one-ink play at zero; inking one copy adds ready ink and named log; playing the other spends one with no trigger. Printed 1/3/1 stats and drying quest/challenge blocks verified. Individual quest/rejected repeat browser boundaries remain pending. Scope review 2026-10-05: no printed abilities; no ability-flow validation required. Previous browser status: verified exact play cost/drying/quest and combat/public logs; browser boundaries pending. Historical basic-action evidence retained; any pending basic-action checks are outside scope."
110,1O3,ci_1O3,Donald Duck,Taxi Driver,character,"[{""title"": ""RUSH HOUR"", ""description"": ""When you play this character, chosen character gains Rush this turn. (They can challenge the turn they're played.)""}]",src/cards/014/characters/110-donald-duck-taxi-driver.ts,src/cards/014/characters/110-donald-duck-taxi-driver.test.ts,complete;11 public-action tests pass;125 assertions;exact copies/invalid retries/Ward/native expiry,complete;owner;invalid retries;three copies;friendly/opposing Ward;fresh challenge/quest legality;native retention;both logs/privacy,"Player-two test verifies chooser ownership, own passenger-only Rush, drying quest rejection, exact reciprocal damage and turn-end expiry. Fixed empty-deck expiry test by asserting successful turn transitions. No definition or engine repair. Browser boundaries still pending: insufficient payment; invalid target retries; multiple copies. Browser exerted Jock accepts Rush without readying; challenge and quest remain disabled; source and this-turn duration shown and named target/grant log verified. Completion review 2026-10-06: older notes still list printed-ability browser boundaries as pending. Primary-flow proof remains valid, but the status did not expose these boundaries. Reopened for evidence reconciliation; validate any boundary not already proved. Basic actions and generic payment rejection are excluded as separate requirements. See hyperia-completion-reconciliation.md. Donald Duck Taxi Driver closed 2026-10-06: 11 tests/125 assertions. Added Player Two exact three-copy test with invalid retries, friendly/opposing Ward, native Rush retention and challenge/quest timing. Passenger is actually played after turn start; initially drying fixture characters would dry at that start. Replaced two server payment queries with public player queries. New bounded in-app page uses real Donald/Baymax/Aladdin/Queen/Skates/Beanstalk and projected clients/shared logs. Fresh Baymax costs3drops (12->9); each Donald then spends3 (9->6->3->0) at zero bank. Wrong chooser, empty/two targets, item/location, own hand/discard and opposing Ward choices reject with bag retained, no extra payment or grant. Valid first retry grants only fresh Baymax Rush. Quest remains blocked by drying; ready Fru Fru challenge rejects without exertion; exerted opposing Baymax challenge succeeds and deals/takes2, both survive. Second exact Donald grants friendly Ward Aladdin without granting opposing Aladdin or Donalds; third grants native Queen. End of caster turn removes temporary Baymax/Aladdin Rush, preserves two damage/exertion, and retains native Queen Rush. Opposing drops4 unchanged. Both views log named source/targets, separate payments, actual grants/combat and draw privacy. Existing self/opponent/exerted target, fatal combat and tabletop expiry evidence retained. Generic insufficient payment is outside revised scope; separate keyword-expiry messages are not extra static-log gates. Card types pass; simulator zero errors/one existing warning. No engine repair needed. Proof /tmp/hyperia-donald-taxi-p2-{wrong-chooser,empty-rejected,item-rejected,location-rejected,hand-rejected,discard-rejected,ward-rejected,two-rejected,first-grant,quest-rejected,ready-rejected,rush-combat,friendly-ward,three-grants,public-grants,expiry-owner,expiry-public}.png."
111,Wi0,ci_Wi0,Goofy,Enthusiastic Tourist,character,"[{""title"": ""CAPTURE THE MOMENT"", ""description"": ""While you have a character with Singer in play, this character gets +3 {S}.""}]",src/cards/014/characters/111-goofy-enthusiastic-tourist.ts,src/cards/014/characters/111-goofy-enthusiastic-tourist.test.ts,reviewed; 12 tests pass (34 assertions),verified: friendly Singer entry; opponent and hand Singer ignored; two Singers do not stack; three challenge damage; bonus remains after first Singer leaves and ends after last; zero damage afterward; both public logs,"Player-two public play and quests verify two own Goofy copies receive three strength, opposing copy stays zero, printed lore remains one each, no trigger and static bonus persists across turn boundary. No definition or engine repair. Browser fixture corrected to use Dancing Superstar as second Singer. Browser two own copies show three strength with exerted drying Singer; opposing copy shows zero; two quests give two lore with named log and no prompt. Remaining browser boundaries: discard/deck Singer; drying of Goofy."
112,Qbi,ci_Qbi,Tadashi Hamada,Making Waves,character,"[{""title"": ""Urgent Delivery"", ""description"": ""When this character is banished, get 2 ink drops. (Each ink drop may be removed to pay 1 {I}.)""}]",src/cards/014/characters/112-tadashi-hamada-making-waves.ts,src/cards/014/characters/112-tadashi-hamada-making-waves.test.ts,complete;12 public-action tests pass;93 assertions;two copies/ownership/negative triggers/persistence/payment,complete;two copies;own/opposing rewards;play/quest/return exclusions;persist/replay;zero-bank saved payment;both logs/privacy,"Player-two combat test verifies own reward, persistence across turn cycle and later two-drop payment while opposing pool remains unchanged. No definition or engine repair. Expanded tests for no reward on play/quest/bounce/surviving combat/unrelated banishment; two copies; saved drops and payment. Browser surviving challenge verifies four damage dealt, one damage returned, exerted Tadashi stays in play and opposing Fru Fru banishment grants no drops or trigger. Browser boundaries pending: two copies; return to hand; saved drops across turns; play/quest no reward. Completion review 2026-10-06: older notes still list printed-ability browser boundaries as pending. Primary-flow proof remains valid, but the status did not expose these boundaries. Reopened for evidence reconciliation; validate any boundary not already proved. Basic actions and generic payment rejection are excluded as separate requirements. See hyperia-completion-reconciliation.md. Tadashi Hamada Making Waves closed 2026-10-06: 12 tests/93 assertions. Added real Be Prepared/Mother Knows Best/Peg combined Player Two test: play/quest/return/replay exclusions, two banished copies, controller ownership, saved pool persistence and later zero-bank payment. Be Prepared automatically resolves caster single reward; removed an invalid extra own reward resolution from new test. New bounded in-app page uses real cards, exact third-copy ID and projected clients/shared log formatting. Third Tadashi plays for5bank, initial copy quests3lore, third returns for3bank: no drops or Urgent Delivery from any action. After turn change, Be Prepared banishes one Player One and two Player Two copies while returned third stays hidden in hand. Player One automatically gains2 (3->5), cannot resolve opposing rewards; Player Two resolves two separate2-drop rewards (0->4). Pool persists into next own turn. Third replays/returns with refreshed8bank and no new reward; Peg spends2 earned drops at bank0, leaves caster2/opponent5. Both logs name each actual reward, banishment, return and payment while private hand/draw identities stay hidden. Initial audit page wrongly used current masked board for historical public return names. Adapter regression proves production already preserves public history and private draws for owner/opponent/spectator; corrected only new page label callback to resolve composed typed references and repeated clean browser proof. Adapter checks10tests/79assertions pass. Existing combat/opposing effect/surviving/unrelated banishment proofs retained. Card types pass; simulator zero errors/one existing warning. No engine or production adapter repair needed. Generic private-only turnStart fallback is outside ability log gate. Proof /tmp/hyperia-tadashi-p2-{play-no-reward,quest-no-reward,return-no-reward,mass-banish-p1,wrong-resolver,two-rewards-owner,two-rewards-public,persist-next-turn,replay-return-no-reward,final-owner,final-public}.png."
113,xel,ci_xel,Cruella De Vil,Dodging Traffic,character,"""Rush""",src/cards/014/characters/113-cruella-de-vil-dodging-traffic.ts,src/cards/014/characters/113-cruella-de-vil-dodging-traffic.test.ts,reviewed; 8 card tests pass (47 assertions); 21 action-presenter tests pass,verified: six-ink play; no ink action; drying quest blocked; Rush challenge; ready and Evasive defenders rejected; five damage and one returned; repeated challenge blocked with corrected exerted reason; printed Rush persists; next-turn quest two lore; both logs,"Player-two fatal-combat test verifies own six-ink payment, drying quest block, Rush challenge dealing five damage before banishment and rejected repeat. Fixed simulator challenge reason for drying Rush characters; exerted or no legal targets replaces incorrect Fresh Ink. No card or engine repair. Browser fatal Rush fixture verifies six-ink play, drying quest block, legal challenge, five damage to Hook and nine returned; Cruella moves to discard with named damage and banishment log. Browser insufficient-payment boundary remains pending."
114,gR3,ci_gR3,Jasper,Dodgy Boater,character,"""Evasive""",src/cards/014/characters/114-jasper-dodgy-boater.ts,src/cards/014/characters/114-jasper-dodgy-boater.test.ts,reviewed; 9 tests pass (51 assertions),verified: five-ink play; ink action offered; drying quest and challenge blocked with exerted defender available; next-turn quest two lore; plain attacker cannot challenge exerted Jasper; Evasive attacker can; five damage each and both banishments; both logs,"Player-two test verifies own five-ink payment, drying quest/challenge rejection, later legal plain-defender challenge, five damage dealt and two returned. No definition or engine repair. Asserted successful turn transitions and exact combat damage. Browser plain-defender challenge deals five damage and takes one; Jasper stays exerted with Evasive, Fru Fru is banished and named combat log matches. Remaining browser boundaries: actual ink action; insufficient payment; ready Evasive defender. Follow-up repaired actual stale zone indexes after moves/shuffles and removed the debug assumption that cleared metadata must exist. Five engine regression cases; full engine 1244 pass and cards 8959 pass. Repeated Jasper combat shows zero consistency issues in both browser views."
115,QLT,ci_QLT,Peg,Late-Night Vocalist,character,"""Singer 4""",src/cards/014/characters/115-peg-late-night-vocalist.ts,src/cards/014/characters/115-peg-late-night-vocalist.test.ts,reviewed: 12 tests; 65 assertions,verified: drying; Singer 4 cost limit; song payment; exertion; both logs,"Player-two test verifies own singer and lore, opposing source rejection, cost-five rejection and preservation of both ink/drop pools. Native Singer 4 unchanged. Costs 1-4 resolve at zero ink; cost 5 rejected with bank available; opposing and unavailable singers rejected. Browser: Peg plays for two; Magnificent sings after drying for two lore and one draw without ink payment; exerted repeat blocked. Screenshot peg-song-result.png and peg-opponent-log.png. Browser Singer-limit fixture blocks six-cost Higitus singing with six bank ink available; normal six-ink play succeeds and grants three drops with named log while Peg remains ready."
116,bUg,ci_bUg,Stacey,Powerline Superfan,character,"""""",src/cards/014/characters/116-stacey-powerline-superfan.ts,src/cards/014/characters/vanilla-model-properties.test.ts,reviewed; 162 shared vanilla tests pass,not required; no printed abilities; basics excluded by revised scope,"Shared vanilla coverage adds insufficient-payment and drying boundaries for all eighteen vanilla definitions. Browser plays Abigail/Pepita/Stacey for five/one/three ink with no trigger, all quest/challenge disabled while drying. Next own turn the three quest for five total lore. Following turn Pepita/Stacey/Abigail deal one/two/seven damage to Hook and each is banished by nine return damage; Hook is banished at ten total damage. Both views show quest/combat/banishment logs. Browser payment fixture blocks cost-three play at two ink; inking one copy adds ready third ink and a named log; playing the other spends exactly three with no ability trigger. Printed 2/2/3 stats and drying quest/challenge blocks verified. After both public turns pass, individual quest gains exactly three lore without spending ink; named quest log and exerted repeat block verified. Proofs hyperia-stacey-ink-payment-drying.png and hyperia-stacey-individual-quest-exerted.png. Scope review 2026-10-05: no printed abilities; no ability-flow validation required. Previous browser status: verified exact play cost/drying/quest and combat/public logs; browser boundaries pending. Historical basic-action evidence retained; any pending basic-action checks are outside scope."
117,sWk,ci_sWk,Héctor Rivera,Street Musician,character,"[{""title"": ""Singer 2""}, {""title"": ""Strike a Chord"", ""description"": ""When you play this character, you may put the top card of your deck into your discard.""}]",src/cards/014/characters/117-hector-rivera-street-musician.ts,src/cards/014/characters/117-hector-rivera-street-musician.test.ts,"reviewed: 16 tests; 115 assertions; both-seat cost-one singing, ownership, exact payment and expiry",verified: text-box ability flows and boundaries complete; both player logs,"Native abilities unchanged. Unit checks exact top discard and next draw; decline; empty deck; controller; independent copies; unpaid play; Singer costs 1-2 and rejected cost 3; drying/exerted/opposing; quest does not mill. Browser accepts first own copy and declines second; opposing copy mills own Peg only; preserved Abigail drawn next turn; quest one lore; remaining Singer 2 cannot pay Sing Together 3; One Jump Ahead sings for free and inks top Fru Fru exerted; both logs hide private ink identity. Cost-one song covered in unit tests only; empty-deck browser evidence added below. Screenshots hector-street-song-result.png and hector-street-opponent-log.png. Player-two singing test verifies own singer and lore; opposing singer and cost-three rejection; both ink pools unchanged; no mill or entry trigger. Browser empty-deck fixture verifies paid one-ink entry; optional Yes/No prompt; acceptance resolves with zero discard and explicit Milled 0 card(s) log; Fresh Ink blocks quest/challenge; no loss until public end turn, then correct empty-deck Defeat. Proofs hyperia-hector-street-empty-resolved.png and hyperia-hector-street-empty-defeat.png. Cost-one song browser boundary remains pending. Completion review 2026-10-06: older notes still list printed-ability browser boundaries as pending. Primary-flow proof remains valid, but the status did not expose these boundaries. Reopened for evidence reconciliation; validate any boundary not already proved. Basic actions and generic payment rejection are excluded as separate requirements. See hyperia-completion-reconciliation.md. Closed 2026-10-06: real cost-one He’s a Tramp is sung by the exact own Héctor in both seats at zero ready ink; opposing singer rejects without cost or exertion. Actual +2 Strength, source exertion and song discard occur with no deck movement, mill, entry trigger or pending choice. Both views show named singing and Strength logs, hide private turn draws, and pass removes only the temporary Strength. Drops remain 3/4. Exact PR-checkout dependencies retested in the browser. Proof hyperia-hector-exact-final.png; earlier proofs hyperia-hector-cost-one-p1-sung.png and hyperia-hector-cost-one-p2-sung.png. This supersedes the older cost-one pending note."
118,RzE,ci_RzE,Ernesto de la Cruz,Idol of Millions,character,"[{""title"": ""Singer 5""}, {""title"": ""Top the Charts"", ""description"": ""While an opponent has a song card in their discard, this character gets +1 {L}.""}]",src/cards/014/characters/118-ernesto-de-la-cruz-idol-of-millions.ts,src/cards/014/characters/118-ernesto-de-la-cruz-idol-of-millions.test.ts,reviewed: 18 tests; 91 assertions,verified: Singer 5; live opposing discard bonus; two/base quest rewards; both logs,"Native abilities unchanged. Unit: songs 1-5 at zero ink; cost 6 rejected with bank available; unavailable/opposing singers; own songs and opposing non-song/hand/deck excluded; several songs grant only +1; entry/removal changes live lore; copies and controller isolated; printed play/drying/uninkable. Browser: pays three; no Ink action; drying blocks singing; opponent Magnificent gives lore 2 and quest pays two; Do It Again removes last song and lore returns to one; Higitus 6 cannot sing; Juanita 5 sings with bank three retained and draws two; own discarded song does not boost; later quest pays one for total three. Both logs preserve private draw identity. Lower song costs remain unit-only. Browser multiple-song fixture verifies two own copies each show lore two with two opposing songs; opposing copy preview stays at lore one; Quest All grants four total with both copies named in log; exerted repeat quest disabled. Proof hyperia-ernesto-copies-multiple-songs.png. Screenshots ernesto-idol-song-result.png and ernesto-idol-opponent-log.png. Player-two test verifies two copies each gain only one additional lore from multiple opposing songs; opposing copy stays at base lore when only a non-song is in own discard; repeated quests rejected; bonus persists across public turn cycle; only acting player gains lore."
119,6oW,ci_6oW,Pepita,Imelda's Right Hand,character,"[{""title"": ""Shift 3 {I}""}, {""title"": ""Ancestral Wisdom"", ""description"": ""While you have 10 or more cards in your discard, this character gets +2 {S} and +2 {L}.""}]",src/cards/014/characters/119-pepita-imeldas-right-hand.ts,src/cards/014/characters/119-pepita-imeldas-right-hand.test.ts,reviewed: 18 tests; 89 assertions,verified: Shift; ten-card bonus; quest/combat/return/healing logs,"Native abilities unchanged; removed unsafe test cast. Unit: counts 0/9/10/11; actual damage 4/6 and lore 1/3; opposing count excluded; live 9-to-10-to-9; copies/controllers; Shift three payment and retained dry/damage/exertion; invalid name/controller/zone retry; insufficient Shift and ordinary play; stacked banishment. Browser: Shift costs three retains one damage; own nine/opposing twelve remains 4 strength/1 lore; Healing Glow clears damage and becomes tenth discard raising 6/3; quest three; Donald challenge six/return four; two returns lower discard to nine and stats to 4/1; later quest one total four. Both views show Shift/quest/combat/return logs. Fixed shared healing outcome: emits actual positive damage removed with target; both player views show Removed 1 damage from Pepita. Evidence pepita-healing-log-fixed.png; pepita-healing-opponent-log-fixed.png. Drying/rejected Shift and stack banishment remain unit-only. Browser exerted Shift fixture spends exactly three; retains two damage, exertion and one underlying card; ten discard grants strength six and lore three; quest/challenge disabled for exertion; named Shift log identifies source and base. Proof hyperia-pepita-exerted-shift.png. Screenshots pepita-wisdom-shift-state.png; pepita-wisdom-opening-opponent-log.png; pepita-wisdom-bonus-ended.png; pepita-wisdom-opponent-log.png. Player-two public-action test verifies opposing-base rejection without payment; own Shift uses exactly three and preserves opposing ink/base; nine own discard excludes twelve opposing discard; tenth own card activates strength six and quest three for only player two."
120,OkB,ci_OkB,Ernesto de la Cruz,Ruthless Musician,character,"[{""title"": ""Singer 8""}, {""title"": ""WHATEVER IT TAKES"", ""description"": ""When you play this character, you may banish chosen character with Singer.""}]",src/cards/014/characters/120-ernesto-de-la-cruz-ruthless-musician.ts,src/cards/014/characters/120-ernesto-de-la-cruz-ruthless-musician.test.ts,reviewed: 23 tests; 109 assertions,verified: entry banish/decline/self; Singer eight/nine/drying; combat; quest; both logs,"Native definition unchanged. Unit: songs one through eight at zero ink with resolved lore; nine rejected despite bank; unavailable/opposing singer; own/opposing/self/own Ward targets; decline; non-Singer/opposing Ward/hand/discard/multiple-target rejection with retry; six-ink drying play; next-turn quest; insufficient payment; inkability. Browser: pay six; legal picker includes Goofy/self/Peg and excludes Donald; banish opposing Goofy; decline retains all; self moves to own discard. After Peg quests only Ernesto can sing eight but not nine; Nothing We Wont Do retains all bank ink and readies both. Later challenge six and return four banishes Donald; next own quest one. Both public views show exact combat/quest and self-banish logs. Ward; lower songs; invalid transport/payment browser boundaries pending. Browser own-Peg branch pays six (15 to 9), chooses own Singer Peg, sends only Peg to own discard, retains both opposing characters and drying Ernesto, and names target and banishment in WHATEVER IT TAKES log. Proof hyperia-ernesto-ruthless-own-peg.png. Evidence ernesto-ruthless-singer-eight.png; ernesto-ruthless-combat.png; ernesto-ruthless-opponent-log.png; ernesto-ruthless-decline.png; ernesto-ruthless-self-banish.png; ernesto-ruthless-self-opponent-log.png. Player-two public-action test verifies only controller chooses entry effect; opposing Ward target rejected with legal retry; own Ward Singer can be banished; six-ink payment preserves opposing pool; source remains drying and unrelated enemy Singer remains in play."
121,72S,ci_72S,Héctor Rivera,Gone to Pieces,character,"[{""title"": ""Singer 6""}, {""title"": ""Feel the Music"", ""description"": ""While you have a song card in your discard, this character gets +1 {L} and gains Evasive.""}]",src/cards/014/characters/121-hector-rivera-gone-to-pieces.ts,src/cards/014/characters/121-hector-rivera-gone-to-pieces.test.ts,reviewed;55combinedtests348assertionspass;both printing definitions exercised,verified;Singer6 Evasive lore first-last-song PlayerTwo exact copies and both logs,"Definitions unchanged; D23 abilities and stats match base. Shared base-file suite executes both printing definitions. Unit: costs one-six with actual song reward; seven rejection despite bank; drying/exerted/opposing singers; own non-song/hand/deck and opposing song exclusion; several songs do not stack; first/last recovery; controller and copies; Evasive attacker/defender restrictions; five damage; four-ink payment/drying; later quest; insufficient payment; inkability. Browser: base pays four; D23 sings six at bank six and gains three drops; cost seven disabled; both gain Evasive and lore two. Donald cannot challenge exerted D23; Evasive Archimedes deals two and takes five; it banishes. Both quest for four total. Return last song with Do It Again ends both bonuses; Donald can challenge exerted base for four/return five; both banish. Later D23 quests one for total five. Both player logs show singer/reward; return target; exact combat; quest totals. Lower songs; multi-song recovery; opposing-song exclusion; rejected payment; duplicate-controller browser boundaries remain pending. Static changes have badge and public-action proof. Evidence hector-pieces-song-bonuses.png; hector-pieces-evasive-combat.png; hector-pieces-bonuses-ended.png; hector-pieces-plain-combat.png; hector-pieces-base-lore-restored.png; hector-pieces-opponent-log.png. Both printing definitions now verify player-two last-song recovery removes own lore/Evasive immediately despite opposing discarded song; opposing copy retains both bonuses; own quest pays base one and preserves opposing lore. Completion review 2026-10-06: older notes still list printed-ability browser boundaries as pending. Primary-flow proof remains valid, but the status did not expose these boundaries. Reopened for evidence reconciliation; validate any boundary not already proved. Basic actions and generic payment rejection are excluded as separate requirements. See hyperia-completion-reconciliation.md. Closed 2026-10-06: shared suite now proves four exact Player Two copies of each printing independently sing costs1/6 without ink, receive only one own-song bonus, retain it after first recovery and lose it after last, despite opposing song. Opposing copy remains boosted, recovered exact cards return to own hand, all four next-turn quests pay base1. Browser set14-audit-hector-pieces-player-two identifies base/promo printings by rendered card art; base sings One Jump Ahead2 and promo sings Reflection1, exact other copies quest2each. First song returned leaves all four own copies2/Evasive; last return removes both bonuses immediately while opposing copy remains2/Evasive. Next-own-turn all four quest1 each for total8; bank unchanged by singing except song adds facedown exerted ink. Both views name singer, song, return and quest; Reflection ordering and draw identities stay private. Prior upper-cost6/cost7 and Evasive combat proof retained. Generic normal payment rejection excluded as setup. No engine repair. Proofs /tmp/hyperia-hector-pieces-p2-{opposing-song-only,one-song-bonuses,two-songs-bonuses,first-song-returned,last-song-returned,base-quests-complete,owner-log-return,owner-log-return-end,public-log-return,public-log-return-end,owner-log-base,public-log-base}.png; combined55/348, card types pass, simulator0errors/1existingwarning. Historical pending notes above are closed."
122,wf5,ci_wf5,Tramp,Quick on His Feet,character,"[{""title"": ""GIVE CHASE"", ""description"": ""When you play this character, choose one:""}, {""title"": ""• Exert chosen character with 1 {S} or less.""}, {""title"": ""• This character gains Rush this turn. (They can challenge the turn they're played.)""}]",src/cards/014/characters/122-tramp-quick-on-his-feet.ts,src/cards/014/characters/122-tramp-quick-on-his-feet.test.ts,reviewed; 19 behavior tests pass (117 assertions); strength -1/0/1 and derived strength; own/opposing/self targets; Ward; invalid zones/types/count; no eligible target; independent copies; Rush challenge/drying/expiry; play/ink costs,"verified; exert/Rush modes, strength/Ward filters, self-target, no-target, copy scope, Rush combat/expiry; both public logs","Engine rejects negative/fractional/out-of-range choices before mutation in bag and pending paths (8 tests). Remaining ability boundaries now verified in browser. Normal play payment is excluded as a separate completion gate under printed-text-only scope; existing unit negatives retained. Browser no-target fixture pays exactly two; exert mode remains selectable and resolves without target prompt, mutation or Rush; source stays Fresh Ink with quest/challenge disabled despite exerted Hook; named GIVE CHASE resolution log has no false target. Proof hyperia-tramp-no-target-resolved.png. Fixture set14-audit-tramp; proof tramp-rush-combat.png / tramp-opponent-combat.png / tramp-rush-expired-quests.png. Player-two public-action tests cover both modes: opposing chooser rejection; exact own payment and preserved opposing ink; own Rush versus opposing exert target; drying quest rejection; Rush expires on pass; next own turn quests one with no repeated entry choice and unchanged opposing lore. Player Two public-action fixture plays Distract on own Aladdin/Fru Fru/Mickey, showing current strengths zero/minus-one/one. Tramp target picker includes all three, including own Ward, and excludes opposing Fru Fru protected by Aurora, opposing Donald and all normal strength-two Tramps. Cancel/reopen preserves pending choice; selecting each own target exerts exactly that character. Three source copies stay Fresh Ink without Rush; bank12 pays three Distracts and three Tramps exactly. Both logs name each reduction and GIVE CHASE source/target/exertion; opposing log hides private draw identities. Separate explicitly synthetic test-only static-reducer fixture matches the unit-test boundary: fresh Tramp becomes current strength zero, can select itself and becomes exerted without Rush. This is not a claim about a printed strength-reducer card. Both self-target logs verified. Focused tests remain 19 pass/117 assertions; no test or engine repair needed after review. Card types pass; simulator zero errors and one existing warning. Proofs /tmp/hyperia-tramp-p2-strength-ward-picker.png; /tmp/hyperia-tramp-p2-strength-owner-log.png; /tmp/hyperia-tramp-p2-strength-public-log.png; /tmp/hyperia-tramp-self-owner-log.png; /tmp/hyperia-tramp-self-public-log.png."
123,qWA,ci_qWA,Meilin Lee,Ecstatic Fan,character,"[{""title"": ""Singer 5""}, {""title"": ""Super Stoked"", ""description"": ""Once during your turn, whenever you play a song, get 1 ink drop. (You may remove an ink drop to pay 1 {I}.)""}]",src/cards/014/characters/123-meilin-lee-ecstatic-fan.ts,src/cards/014/characters/123-meilin-lee-ecstatic-fan.test.ts,reviewed; 24 tests 170 assertions pass; Singer 1-5/6 and exact-eight Sing Together; once/copy/ownership/lifetime; outside-play exclusion including inkwell; rejected payment,"verified; Singer 1-5/6, exact-eight group singing, paid/sung shared once allowance, replay/reset, source-zone and ordinary-action exclusion; both public logs","Engine source lifetime tracking fixes used trigger allowance surviving hand return and replay (CR 7.1.6; 2 mock tests across 3 lifetimes). Lower-cost Singer, ordinary-action and source-zone boundaries now verified. Normal play/inking are excluded as separate completion gates under printed-text-only scope; existing unit negatives retained. Browser non-song fixture plays Fru Fru for one with zero drops and no Super Stoked log, then Magnificent for four grants exactly one drop from in-play Meilin despite copies in hand and discard; song gains two lore and draws one; bank ends zero; named trigger log records one drop. Ordinary-action and deck-copy exclusion browser checks are now complete. Proof hyperia-meilin-non-song-allowance.png. Fixture set14-audit-meilin; proof meilin-independent-drops.png / meilin-replay-allowance.png / meilin-opponent-song.png / meilin-next-turn-once.png / meilin-opponent-final-log.png. Player-two paid-plus-sung test verifies shared once allowance; exact own bank payment; opposing bank/drops preserved; held drop persists and next own turn grants second drop; song lore remains controller-only. Strengthened unit ordinary-action test to assert no drop or bag immediately after the action; outside-play test now includes Meilin in inkwell and verifies its bank remains available. Added Player Two Sing Together regression: an explicitly owned Meilin counts five, a cost-two partner gives seven and fails with INSUFFICIENT_SING_TOGETHER_TOTAL without mutation, a cost-three partner gives exactly eight and succeeds with bank8 untouched, selected singers exert and unselected partner stays ready, reward one and later free song no second reward, opposing bank2/drop3/lore0 unchanged. Browser lower-cost fixture: Befuddle returns own Fru without reward; ordinary Magnificent is disabled at bank0/helddrop1. Sing Magnificent4 with one of four in-play Meilins; exactly four named Super Stoked rewards produce five held drops. Copies in hand/discard/deck/inkwell and opposing copy grant none. Other singers sing Friends3, OneJump2 and Unbirthday1 without another reward; all four become exerted. Spend one selected drop on second Unbirthday; finaldrop4, bank0 (inkwell2 after OneJump), opposing bank2/drop3/lore0 unchanged. Both logs show named sources, singing and exact payment, with hidden draw/inkwell identities absent for opponent. Separate group fixture: Meilin alone shows five/eight and Meilin+Fru six/eight with disabled Confirm. Cancel/reopen retains selection; deselect Fru and select Mickey shows eight/eight and enabled Confirm, opposing Meilin absent. NothingWeWontDo resolves and readies own characters while preventing quest; reward exactly one. Meilin sings Magnificent4 again while cant-quest, no extra Super Stoked; finaldrop1/lore2, opposing bank2/drop3/lore0 preserved. Both public group/reward logs verified. Card types pass; simulator zero errors and one existing warning. Proofs /tmp/hyperia-meilin-p2-unpaid-song.png; /tmp/hyperia-meilin-p2-four-source-rewards.png; /tmp/hyperia-meilin-p2-singer-bounds-owner-log.png; /tmp/hyperia-meilin-p2-singer-bounds-public-log.png; /tmp/hyperia-meilin-p2-together-insufficient.png; /tmp/hyperia-meilin-p2-together-exact-eight.png; /tmp/hyperia-meilin-p2-together-owner-log.png; /tmp/hyperia-meilin-p2-together-public-log.png."
124,H1h,ci_H1h,Roxanne,Concert Lover,character,"[{""title"": ""TODAY'S THE DAY"", ""description"": ""When you play this character, you may move her and one of your other characters to the same location for free. If you do, the other character gets +1 {L} this turn.""}]",src/cards/014/characters/124-roxanne-concert-lover.ts,src/cards/014/characters/124-roxanne-concert-lover.test.ts,"reviewed; 28 public-action tests (222 assertions) cover optional free paired movement, current-location rejection and retry, stacked lore through source departure, controller-only targets and this-turn expiry",verified; player-two located/exerted/drying/Ward targets; exact six arrival triggers; hidden-zone/type/owner exclusions; single-character and destination replacement; unchanged drop pools; stacked source-departure lore and expiry; both public logs,"Retained prior decline and no-pair acceptance proofs. New Player Two browser transfers damaged/exerted Fru Fru, fresh Ward Aladdin and damaged ready Mickey to Graveyard for free: six cards under and deck 12 to 6, three separate +1 lore grants, bank 0 and both drop pools unchanged. Current-location confirmation is rejected without movement or bonus; valid retry succeeds. Picker replaces its one character and destination, excludes source, opponent, item and hidden zones, and grants an actual three-lore quest. Two Roxanne transfers stack Mickey to four lore; returning both sources to hand preserves both visible modifiers and the four-lore quest; pass removes both while location, Resist and damage remain. Both player logs show named movement, rewards, returns and exact quest amounts; hidden cards stay face down. Fixed same-location movement/phantom rewards in engine and hidden extra movement selections in simulator. Proofs hyperia-roxanne-current-location-rejected.png, hyperia-roxanne-mixed-states.png, hyperia-roxanne-states-owner-log.png, hyperia-roxanne-states-public-log.png, hyperia-roxanne-picker-replacement.png, hyperia-roxanne-replacement-owner-log.png, hyperia-roxanne-replacement-public-log.png, hyperia-roxanne-stacked-source-departure.png, hyperia-roxanne-stack-owner-log.png, hyperia-roxanne-stack-public-log.png and hyperia-roxanne-stack-expired.png. Normal play and inkability are outside the revised ability-only scope."
125,j34,ci_j34,Wasabi,Called into Battle,character,"[{""title"": ""TWIN BLADES"", ""description"": ""During your turn, whenever this character deals damage to another character in a challenge, deal damage equal to this character's {S} to another chosen character.""}, {""title"": ""BRING THE HEAT"", ""description"": ""While you have an ink drop, this character gets +2 {S}.""}]",src/cards/014/characters/125-wasabi-called-into-battle.ts,src/cards/014/characters/125-wasabi-called-into-battle.test.ts,"reviewed; 27 public-action tests (143 assertions), including boosted last-known Strength after source banishment","verified; player-two zero and reduced challenge damage, ability damage reduction, independent copies, controller-only mandatory choice, opposing-turn exclusion and next-own-turn repeat; boosted source-banishment damage six; both public logs","Retained prior live-Strength/drop spending, source/owner/zone/Ward/count rejection, repeat challenge, source banishment, location exclusion and quest-no-trigger evidence. New Player Two fixture uses three real Wasabi copies: opposing drops do not grant their bonus; Resist four prevents all challenge damage and creates no Twin Blades; Resist three leaves one damage and triggers four ability damage, reduced to two by a different target's Resist two. Only the damaging copy triggers; own Ward/other own copies remain legal, source/opposing Ward/items/locations/hand/discard are excluded, and Cancel reopens without declining mandatory damage. Three own drops grant each copy exactly +2 Strength; six defending damage on the opposing turn produces no Twin Blades. Next own turn the four-damaged copy challenges opposing Wasabi: both banish, and its mandatory ability still deals six from last known Strength. Opponent cannot open its choice; controller can. Both logs show exact damage/banishment and no false zero-damage or opposing-turn trigger. Fixed missing departed-source Strength lookup under CR 6.7.6; engine regression also preserves ordinary lookup of another card in discard. Proofs hyperia-wasabi-p2-zero-resist.png, hyperia-wasabi-p2-mandatory-picker.png, hyperia-wasabi-p2-partial-resist.png, hyperia-wasabi-opposing-turn-no-trigger.png, hyperia-wasabi-opponent-cannot-choose.png, hyperia-wasabi-last-known-owner-log.png and hyperia-wasabi-last-known-public-log.png. Normal payment, drying, inking and base questing are outside the revised ability-only gates."
126,DKz,ci_DKz,Lady Tremaine,Scornful Snob,character,"[{""title"": ""DELICATE SENSIBILITIES"", ""description"": ""Once during your turn, whenever you play a song, you may deal 1 damage to this character. If you do, draw a card.""}, {""title"": ""HARSH CRITIQUE"", ""description"": ""Opposing characters with Singer enter play with 1 damage.""}]",src/cards/014/characters/126-lady-tremaine-scornful-snob.ts,src/cards/014/characters/126-lady-tremaine-scornful-snob.test.ts,reviewed: 36 passing tests; 265 assertions,"verified abilities: independent copies and choices; fresh/lethal self damage; once/reset; resisted draw; source departure; Singer entry stacking, Shift, free hand/discard entry, Ward, Resist and conditional Singer","Entry aura fixed for normal play and Shift; Singer Shift tested: inherits one damage plus aura one and preserves base under top using authoritative stack query. Free-play from hand and discard tested through action effect: opposing Singer enters with one damage at zero ink; source remains undamaged. Source banishment tested through public action: later Singer enters undamaged while earlier Singer retains one damage. Resist Singer entry tested: entry counters remain one per CR 8.8.3. Found and fixed unconditional draw after fully resisted self-damage: explicit if-you-do condition now blocks draw when no damage dealt per CR 6.1.5.1 and 8.8.2. Regression and prevention browser pass with Mouse Armor: source undamaged and deck stays five after song own draw; named Tremaine log reports one damage prevented with no draw. Proof /tmp/hyperia-tremaine-resist-no-draw.png. Hyperia 2558 tests pass; simulator types zero errors one existing warning. Added decline consumes once allowance then next-own-turn accept deals one and draws one; own Singer entry and existing opposing Singer remain undamaged. Added independent copy choices and opponent-song and ordinary-character exclusions. Player two singing triggers only own Tremaine; opposing chooser rejected; damage and draw remain controller scoped with no ink payment. Found and fixed normal-play self-damage: targeted entry auras no longer count as the source own entry damage. Hyperia 2552 tests and engine 1313 active tests pass; Own-play browser verified in set14-audit-tremaine-song: paid three ink 11 to 8; undamaged willpower three; Fresh Ink and named play log correct. Proof /tmp/hyperia-tremaine-undamaged-entry.png. Song accept browser verified: first song four ink grants lore two and one draw then Tremaine Yes adds self damage one and one draw with named DELICATE SENSIBILITIES log; second song spends remaining four and draws only its own card with no new Tremaine prompt or damage. Proof /tmp/hyperia-tremaine-song-accept-once.png. Decline browser verified: No logs named ability by choosing no; Tremaine remains undamaged with willpower three; two songs yield exactly their own two draws deck six to four and no second Tremaine prompt. Proof /tmp/hyperia-tremaine-song-decline-once.png. Turn reset browser verified: declined first-turn song; passed both turns; next-own-turn song offered Yes/No again; acceptance deals one and draws one; deck five to four for turn draw then three for song and two for ability; hand four and remaining willpower two; named decline and damage/draw logs present. Proof /tmp/hyperia-tremaine-song-next-turn-reset.png. Unaffordable play leaves no entry aura; normal play cannot quest until dry then quests for two lore with repeat rejection. Empty-deck acceptance deals one damage then loses at turn end. Lethal self-damage still draws one card; two copies add two damage to opposing Singer entry while plain entry remains undamaged. Found and fixed missing normal-play lethal entry sweep: one-willpower Singer now banishes at entry; Ward Singer still receives damage without choice. Hyperia 2561 and engine 1313 active tests pass. Effect-driven lethal entry from hand and discard reproduced and fixed with shared lethal sweep after successful play effect. Hyperia 2563 tests and engine 1313 active tests pass. Lethal-entry browser: real Hector Street Musician paid one and was banished to discard with named play and banish log. Strike a Chord missing after source banishment reproduced and fixed for normal play by capturing board trigger candidates before lethal sweep. Real Hector regression mills from discard; Hyperia 2564 and engine 1313 active tests pass. Normal-play browser recheck passed: Hector in discard still offers Strike a Chord Yes/No; Yes mills one deck six to five and discard one to two with named resolved ability log. Proof /tmp/hyperia-tremaine-lethal-hector-retained-trigger.png. Effect-driven trigger loss reproduced from hand and discard then fixed with play-event board snapshot; Hector retains entry choice after lethal banishment and mills one. Hyperia 2566 tests and engine 1313 active tests pass. Effect-driven browser verified with real Just in Time: paid three ink to zero; Hector selected from hand for free then banished by entry damage; retained Strike a Chord Yes/No; acceptance mills one deck six to five and discard two to three; named action play and banish and resolved mill logs present. Proof /tmp/hyperia-tremaine-effect-entry-retained-trigger.png. Proof /tmp/hyperia-tremaine-lethal-hector-missing-trigger.png. Engine type check passes. Song removes source before bag resolution tested: retained trigger resolves without discard damage or draw. Conditional Singer defect fixed: observer entry filter now uses derived keywords and classifications for normal play and Shift and effect-driven entry. Miguel active receives one damage and inactive zero despite opposing song discard. Hyperia 2568 tests and engine 1313 active tests pass; Derived-Singer browser verified: Miguel with own song discard pays one and enters with damage one; preview Singer and lore two with remaining willpower one; Fresh Ink restrictions and named play log correct. Proof /tmp/hyperia-tremaine-miguel-conditional-singer.png. Inactive conditional browser verified: only opposing discard contains a song; Miguel pays one ink and enters undamaged with willpower two and lore one and no Singer keyword; Fresh Ink and named play log correct. Proof /tmp/hyperia-tremaine-miguel-inactive-singer.png. Added public-action uninkable check: rejected inking preserves hand and inkwell three; subsequent normal play succeeds undamaged. Effect-driven conditional Singer tested from both hand and discard: Miguel receives one entry damage only with his own discarded song; opposing discarded song alone grants none; zero ink and no pending effects. Harsh Critique source attribution log gap confirmed: entry counters are direct metadata updates and have no public entry-counter outcome; dealt-damage outcomes cannot represent this rule action. Dedicated public entry-counter log implemented with source and target attribution for the shared observer path used by normal play and Shift and effect-driven play. Log factory 21 tests and full engine 1314 active tests pass; engine type check passes. Normal-play entry-counter browser log verified with lethal Hector: correct source Tremaine and target Hector and amount one; retained Strike a Chord Yes/No. Proof /tmp/hyperia-tremaine-entry-counter-log.png. Log order defect reproduced in failing factory test then fixed: entry-counter message inserted before same target banishment; browser now shows play then source-attributed entry damage then banishment; retained Yes/No prompt. Proof /tmp/hyperia-tremaine-entry-counter-order-fixed.png. Factory 22 tests pass and engine types pass. Effect-driven log browser check passed: Just in Time resolution names free-played Hector then his entry damage one from Tremaine then banishment; retained Strike a Chord accepts and mills one with named log; deck five and discard three. Proof /tmp/hyperia-tremaine-effect-entry-log-order.png. Shift log browser verified with real Goofy Dancing Superstar onto damaged dry Knows the Band: pays three ink to zero; inherited one plus entry one gives damage two and remaining willpower two; Singer six and Shifted and one card under shown; quest stays available from dry base; named Shift log then entry damage one from Tremaine. Proof /tmp/hyperia-tremaine-shift-entry-log.png. Simulator types zero errors one existing warning. Full Hyperia 2571 tests pass and simulator types zero errors one existing warning. Full unit review and browser validation remain pending. Browser set14-audit-entry-damage: Gazelle paid two ink and entered with one damage and remaining willpower two; Fru Fru paid one and entered undamaged with willpower three. Fresh Ink blocks actions; both named play logs present. Historical missing Harsh Critique attribution resolved by dedicated source-attributed entry-counter log; ordering follow-up remains. Proof /tmp/hyperia-tremaine-singer-entry.png.; Repaired test type errors by supplying mock song text and explicit PlayerTwo ink getter IDs and typed table callbacks. Focused 34 tests with 217 assertions still pass; full cards type check passes. Full Hyperia suite on 2026-10-05 passes 2580 tests across 195 files with 17643 assertions and zero failures. Unit review complete after full definition and active test inspection. Added explicit failed standard song payment at zero ink with ready singer available; nonsong action and failed payment create no trigger and do not consume the later sung-song allowance. Successful singing exerts singer and source self-damage draws exactly the authoritative top deck instance at zero ink. Fully resisted self-damage still consumes the once allowance; a second song adds no new trigger or draw. Browser boundaries remain open. Current completion: 36 tests/261 assertions after adding reversed-seat fresh/lethal/declined copies with exact authoritative top-card identities and rejected opponent resolution. Player Two browser: non-song Befuddle and unpaid standard song leave three play-copy allowances; first sung song resolves lethal yes, healthy no, fresh yes, drawing exactly two (deck10 to8); second song has no repeat. Opposing and hidden copies never trigger. Mouse Armor prevents self damage and draw, consumes once allowance, second song has no trigger. Mother Knows Best returns source before retained optional acceptance; hand source takes no damage and draws no card, next song has no trigger. Empty-deck acceptance deals1 with no fabricated draw; public projection finishes at pass with player_two winner and empty-deck reason. Two opposing sources put2 counters on new Ward/Resist Ariel while existing Ariel remains0 and friendly source contributes0; plain Fru enters0. Perdita free-plays Hector from discard: two counters appear before banishment, retained Strike a Chord mills1. Removing one opposing source makes Gazelle enter1; removing the other makes later Hector enter0 despite friendly Tremaine, and existing counters remain. Both owner/public logs confirm named counters, correct sequencing and private drawn-card identities. Five deterministic fixtures added. Proofs: /tmp/hyperia-tremaine-copies-owner-log.png, /tmp/hyperia-tremaine-copies-public-log.png, /tmp/hyperia-tremaine-unpaid-song.png, /tmp/hyperia-tremaine-resist-once-owner-log.png, /tmp/hyperia-tremaine-resist-once-public-log.png, /tmp/hyperia-tremaine-departure-owner-log.png, /tmp/hyperia-tremaine-departure-public-log.png, /tmp/hyperia-tremaine-empty-before-pass.png, /tmp/hyperia-tremaine-empty-owner-log.png, /tmp/hyperia-tremaine-empty-public-log.png, /tmp/hyperia-tremaine-empty-result-ax.txt, /tmp/hyperia-tremaine-ward-resist-entry.png, /tmp/hyperia-tremaine-discard-lethal-entry-log.png, /tmp/hyperia-tremaine-entry-bounds-final-board.png, /tmp/hyperia-tremaine-entry-bounds-owner-log.png, /tmp/hyperia-tremaine-entry-bounds-public-log.png. Prior Shift/free-hand/conditional-Singer/next-turn proofs retained. Full Hyperia2731pass19237assert; card types pass; simulator0errors1existing warning. Row complete under printed-ability scope. Correction on 2026-10-05 supersedes all earlier claims that decline or fully prevented self damage consumes the once allowance. Official CR 6.1.1 and 6.1.13.2 require full resolution. Updated four test expectations; 36 tests/265 assertions pass. Player Two browser first accepts lethal and fresh copies, declines a separate copy, then second song queues only the declined copy; accepting deals one and draws exactly the third card. Fully Resisted self damage triggers again on a second song, remains zero damage and draws no ability card. Both views show matching named outcomes and hide private drawn identities from the opponent. Proofs: /tmp/hyperia-tremaine-decline-once-fixed-owner-log.png; /tmp/hyperia-tremaine-decline-once-fixed-public-log.png; /tmp/hyperia-tremaine-resist-once-fixed-owner-log.png; /tmp/hyperia-tremaine-resist-once-fixed-public-log.png. Historical decline/resist consumption proofs are retained only as evidence of the repaired defect."
127,BqG,ci_BqG,Mulan,Martial Arts Master,character,"[{""title"": ""Way of the Hero"", ""description"": ""When you play this character, chosen character gets +2 {S} and gains \""Whenever this character challenges another character, draw a card\"" this turn.""}, {""title"": ""Warrior Spirit"", ""description"": ""Whenever this character quests, chosen character gains Rush this turn. (They can challenge the turn they're played.)""}]",src/cards/014/characters/127-mulan-martial-arts-master.ts,src/cards/014/characters/127-mulan-martial-arts-master.test.ts,reviewed: 28 passing tests; 246 assertions,verified abilities: chosen Strength and challenge draw; grants stack and expire; target/source departure; character-only draw; repeated Rush; player-two ownership and private draws,"27 public-action tests (221 assertions): Player two entry and quest choices reject opposing chooser; boosted attacker draws only for its controller; Rush enables fresh ally challenge but no quest; both lore and deck totals verified. entry +2 Strength and temporary challenge draw; only character attackers; locations/other attackers/defense/quest excluded; own Ward/self/opposing targets; zones and count limits with retry; repeat challenges; stacked grants; source removal; target return/replay; turn expiry; Rush grants and drying; exact/insufficient/drop payment; inkability; Resist-zero damage still draws; empty-deck loss at turn end. Added character-defender restriction. Shared leave-play cleanup removes dangling temporary stat modifiers so replay is a new object (CR 7.1.6); two mock engine regressions. Browser: cost-four entry; own Ward/self/other/opponent picker eligibility and opposing Ward/location exclusion; readable printed grant text; six/one combat and one draw; target return/replay clears bonus and grant; quest two lore; fresh target Rush permits four/four challenge but not quest and does not draw; Rush ends on pass; both public logs and private draw identity; six-damage location challenge with no draw or Twin Blades. Repeated grant browser verified: Mulan paid four and granted Wasabi strength six plus visible temporary challenge draw; first challenge drew one deck twelve to eleven; Fan the Flames paid one and readied him with quest disabled; second character challenge drew one deck eleven to ten even as Wasabi was banished; both challenge/draw logs and private card names present. Proof /tmp/hyperia-mulan-repeated-challenge-draw.png. Stacked grants browser: two Mulan paid eight total; own Ward Aladdin receives strength six and both bonuses shown; character challenge creates two triggers and draws two deck six to four with hand two and separate draw logs; combat six/one. Proof /tmp/hyperia-mulan-stacked-two-draws.png. Confirmed presentation defects: active-effects panel deduplicates two granted draw abilities into one row; both pending grants incorrectly labelled Ward from printed ability index; source grant attribution absent in resolved draw labels. Proof /tmp/hyperia-mulan-stacked-trigger-label-defect.png. Temporary trigger name repaired in engine: use granted text when no explicit name; both projected bag payloads now carry exact draw ability text; focused Mulan 26 tests and full engine 1315 active tests and engine types pass. Active-effects multiplicity repaired in engine projection: each granting instance emits a distinct temporary ability entry with its source ID; public projection regression confirms two entries and two unique sources. Focused 26 tests and full engine 1315 active tests and engine type check pass. Browser label and panel recheck completed: both labels use granted text and four active effect rows appear. Rejected transport/payment browser boundaries remain pending. Simulator trigger-label fix verified in browser: both stacked choices show exact challenge-draw text instead of Ward; two resolved logs name the granted ability; deck 6 to 4 and hand 0 to 2 before combat completes with defender banished and attacker taking 1; active panel shows four effects including two grants; focused simulator tests 29 pass with 60 assertions and type check 0 errors with 1 existing warning. Remaining Mulan browser boundaries still pending. Browser stacked expiry verified: after playing both Mulan and granting own Ward Aladdin strength six plus two draws; confirmed Pass Turn advances to opponent turn; preview returns to strength two with no temporary effect rows and Ward retained. Proof /tmp/hyperia-mulan-stacked-expiry.png. Next-turn no-draw browser verified: switch to PlayerTwo; quest Fru Fru for one lore and pass; return to PlayerOne turn three with deck five and hand one from turn draw; Aladdin challenges the exerted Fru Fru for base two damage and takes one; deck remains five and hand remains one; combat completes directly with no pending draw triggers or draw log. Proof /tmp/hyperia-mulan-next-turn-no-draw.png. Next-turn Warrior Spirit browser verified: dry Mulan quests for two lore on turn three; exact Warrior Spirit prompt selects exerted own Ward Aladdin; one Rush active row names Mulan and This turn; target remains exerted with damage one and base strength two; Quest and Challenge buttons disabled with exerted reason; deck five and hand one unchanged; source-attributed Rush log present. Proof /tmp/hyperia-mulan-rush-does-not-ready.png. Opposing Rush target browser verified: second dry Mulan quests on turn three for two lore raising own lore two to four; Warrior Spirit selects opposing Fru Fru; target remains in opponent play with damage two and exerted state; Rush active row names Mulan and This turn; opponent preview offers no own-player action controls; source-attributed resolved log names target; both decks five and hands one unchanged. Proof /tmp/hyperia-mulan-opponent-rush.png. Source-removal browser verified with new fixture: Mulan paid four grants own Ward Aladdin strength four and temporary draw; Dragon Fire paid five banishes Mulan with bank zero and discard two; target active panel retains both source-named this-turn effects; challenge draws one deck six to five and hand zero to one; combat four/one banishes Fru Fru and gives attacker damage one; named resolved draw and private identity log present. Strengthened unit source-removal test asserts discard zone and deck and both damage totals; 26 tests pass with 211 assertions; simulator types zero errors with one existing warning. Proof /tmp/hyperia-mulan-source-removal-draw.png. Empty-deck browser verified with new fixture: pay four to grant own Ward Aladdin strength four and draw; declare character challenge with deck zero; combat four/one completes and defender is banished with own deck and hand zero; named ability resolves without a false Drew log; game stays active until confirmed Pass Turn; Defeat screen states Player One ended their turn with no cards in their deck. Proof /tmp/hyperia-mulan-empty-deck-combat.png and /tmp/hyperia-mulan-empty-deck-defeat.png. Focused Mulan 26 tests with 211 assertions pass; simulator type check zero errors and one existing warning. Added real-card Resist unit: Mulan plus Distract cost six; Distract lowers boosted attacker from four to two and draws once; character challenge into opposing Minnie Resist two draws once more even as defender damage stays zero; defender remains in play and attacker takes one; final deck four and hand two. 27 tests pass with 221 assertions. Resist browser fixture verified: pay four for Mulan then two for own Ward Distract; deck six to five for action draw; combined active panel shows strength plus two and minus two and draw grant; Aladdin challenges opposing Minnie Resist two; challenge draw deck five to four and hand one to two; Minnie stays in play undamaged with remaining willpower two and Resist two; attacker takes one; named granted draw log includes actual zero/one damage and private card identity. Proof /tmp/hyperia-mulan-resist-draw.png. Log wording dealt zero damage still needs presentation review because prevention is not explained in that resolved row. Zero-damage log repair implemented: direct and deferred challenge logs emit a two-way exchange only when both sides deal positive damage; otherwise emit only actual positive directional damage; no damage outcome emitted when both sides are zero. Focused factory 23 tests pass with 42 assertions; engine suite 1316 pass and zero fail with existing two skips and 52 TODOs; engine types pass. Browser wording recheck passes: replay Mulan and Distract then challenge Minnie; granted draw adds one deck five to four and hand one to two; log includes only Minnie dealt one damage to Aladdin with named granted draw; no zero damage claim; Minnie remains undamaged and attacker damage one. Proof /tmp/hyperia-mulan-resist-zero-log-fixed.png. Current completion under text-box scope: normal payment/inking/transport are excluded as separate gates; all earlier printed-ability proofs retained. Added Player Two target-return/replay unit through public actions: same instance loses Strength, draw and Rush, cannot challenge while fresh; new Rush permits base-two challenge without restoring the old draw, exact authoritative decks stay unchanged and wrong-seat chooser is rejected. Focused28pass246assert. New reversed-seat browser fixture verifies five legal entry/Rush targets including self, own Ward and opposing plain characters; opposing Ward, both items, both locations and hidden copies excluded. Fresh Mulan grants own Ward Aladdin Strength4 and draw; dry Mulan quests and grants Rush. Character challenge deals4/1 and draws exactly one, own deck12to11; opponent deck remains12. Mother Knows Best returns Aladdin; replay at Strength2/damage0 has no Rush or active grants, cannot quest/challenge while fresh. You Came Back readies original Mulan: second quest grants new Rush only, fresh Aladdin can challenge but cannot quest; combat2/3 banishes him with deck11 unchanged and no extra draw log. Third quest after another ready grants Rush to self without readying; source remains exerted and Quest/Challenge disabled, lore6. Pass removes Rush and active row, preserves exerted state and three saved drops. Both owner/public logs show exact outcomes, three independent Warrior Spirit choices and granted draw text; private drawn-card identity appears only for owner. Proofs /tmp/hyperia-mulan-p2-entry-picker.png, /tmp/hyperia-mulan-p2-combined-grants.png, /tmp/hyperia-mulan-p2-granted-draw-owner-log.png, /tmp/hyperia-mulan-p2-replay-cleared.png, /tmp/hyperia-mulan-p2-new-rush-only.png, /tmp/hyperia-mulan-p2-self-rush-exerted.png, /tmp/hyperia-mulan-p2-replay-owner-log.png, /tmp/hyperia-mulan-p2-replay-public-log.png, /tmp/hyperia-mulan-p2-self-rush-expired.png. FullHyperia2732pass19262assert; card types pass, simulator0errors1existing warning. No engine change needed. Row complete; historical pending labels superseded by these proofs and scope review."
128,zN3,ci_zN3,Intimidation Tactics,,action,"""Banish chosen character with 2 {S} or less.""",src/cards/014/actions/128-intimidation-tactics.ts,src/cards/014/actions/128-intimidation-tactics.test.ts,reviewed: 20 passing tests; 123 assertions,verified ability: current Strength zero/one/two; increased/reduced values; own Ward; opposing Ward and hidden/type exclusions; Resist bypass; no legal target with explicit reason,"19 public-action tests (94 assertions): Strength 0/1/2 boundary; current increased/reduced Strength; own Ward and opposing Ward; Resist bypass; zones/card types/count limits with legal retry; mandatory target projection; no-legal-target action; exact/insufficient/drop payment; uninkability. Definition already correct. Browser: two-ink payments; opposing Mulan banished; picker excludes opposing Ward/location/Strength four; Distract reduces Wasabi to two and enables banishment; own Ward Aladdin selected and banished; both public logs retain public targets and hide private draw identity from opponent. Increased Strength exclusion, no-legal-target play, Resist, Strength zero/one, rejected transport/payment and drop-funded browser boundaries remain pending. Completion under text-box scope: ordinary/drop payment, inking and transport are excluded as separate browser gates. Added Player Two public-action regression: current Strength3 rejection preserves ink; exact authoritative candidate IDs include only zero, resistant and own Ward; hidden hand/discard/deck/inkwell and opposing Ward/strong/type targets excluded; wrong-seat resolution rejected; legal targets banished individually; final no-target action completes with named no-valid-target reason and no false banishment. Focused20pass123assert. Browser fixture: Mulan boosts opposing printed Strength2 Mulan to4; four legal choices exclude increased Mulan, Wasabi4, opposing Ward2, both items, both locations and hidden cards. Sequential Intimidation banishes opposing Minnie1 through Resist2, opposing Tremaine0, own Ward Aladdin2 and fresh own Mulan2. Fifth copy still plays without targets or stalled choice; protected board persists, decks13/11 and saved drops2 unchanged, only bank consumed. Both logs show four exact named banishments, no damage or draw, and explicit Effect from Intimidation Tactics was not resolved because there were no valid targets. Fixed confirmed log omission: direct mandatory single-chosen banishment action emits existing cancellation reason when no effect performed; move-log builder retains secondary cancellation beside play message without duplicating a primary one. Three mock engine public-action regressions cover no-target/valid immediate/valid deferred, plus one factory regression. Focused engine28pass64assert across two files; fullengine1333pass3832assert,2skip51TODO; fullHyperia2733pass19291assert; card/engine types pass, simulator0errors1existing warning. Prior reduced-current-Strength and public/private draw proofs retained. Screens /tmp/hyperia-intimidation-p2-picker.png, /tmp/hyperia-intimidation-p2-final-board.png, /tmp/hyperia-intimidation-p2-owner-log-fixed.png, /tmp/hyperia-intimidation-p2-public-log-fixed.png. All historical pending labels superseded; row complete."
129,Tuy,ci_Tuy,Pushing Boundaries,,action,"""Chosen character of yours takes no damage while challenging this turn. Get 1 ink drop. (You may remove an ink drop to pay 1 {I}.)""",src/cards/014/actions/129-pushing-boundaries.ts,src/cards/014/actions/129-pushing-boundaries.test.ts,reviewed; 21 behavior tests; 3 engine regressions,browser verified; printed ability boundaries complete,"21 public-action card tests and three mock engine regressions: whole-challenge combat, declaration-trigger and post-combat effect damage prevention; prior damage retained; damage outside the challenge still applies; only the chosen own character is protected; repeated challenges generate no extra drop; duration and replay clear protection; own Ward and exact owner/zone/type/count filtering; Player Two owns selection, gain and drop use; no legal target still grants one usable drop. Replaced raw-state replay assertion with actual challenges before and after return/replay, and replaced a repeated used-card failure with a second outside-damage action. Browser: prior Player One repeated combat, outside damage and expiry evidence retained. New Player Two real-card Kronk flow proves one prior damage survives combat and Scout Leader self-damage, earned drop funds Fire the Cannons for one damage after Resist, return/replay clears protection and counters, and fresh Mulan Rush permits replayed Kronk to take one combat plus one Scout Leader damage. Picker contains exactly own Kronk/Mulan/Ward Aladdin; opposing and hidden characters, items and locations excluded. No-own-character fixture completes without a choice, gains exactly one drop and spends it for two damage with empty inkwell. Explicitly synthetic declaration probe mirrors the unit trigger: one prior damage retained through effect/combat, then outside damage raises it to three. Unchosen Fru Fru takes four and is banished while chosen Aladdin takes zero from the same Yama. Both player logs match actual named damage, banishments and drop gain/use without false protected damage, extra drop or draw. Normal payment, inking, rejected transport and standalone drying are excluded as separate gates by the text-box-only scope."
130,dTt,ci_dTt,If She Doesn't Scare You,,action,"""Banish chosen character of yours to banish chosen character.""",src/cards/014/actions/130-if-she-doesnt-scare-you.ts,src/cards/014/actions/130-if-she-doesnt-scare-you.test.ts,reviewed; 26 behavior tests,browser verified; printed ability boundaries complete,"26 public-action tests (198 assertions): first own-character banishment is required before the second; second may be own or opposing; own Ward allowed and opposing Ward/zone/type/same-target excluded; live retry retains completed first banishment; Player Two owns both mandatory choices with exact candidate IDs and rejects the other chooser; Singer 4 can banish itself, then own Ward or opposing Resist 9 without damage, ink, drop or deck changes; no own character skips the second step despite legal opposing characters; sole own character is banished even if no second target exists; hidden characters stay untouched. Existing tests retain exact/insufficient/drop payment, singing restrictions and inkability as supplementary evidence. Definition already correct. Earlier Player One paid/cost-four singer/Ward evidence retained. New reversed-seat browser: cost-two Sebastian with Singer 4 sings the cost-four song without ink/drop use; first picker offers exactly own Sebastian/Mulan/Aladdin Ward/Fru Fru and no Skip; Sebastian is banished first; second offers both owners including own Ward, excluding opposing Ward, hidden characters, items, locations and departed Sebastian; opposing Minnie with Resist 2 is banished without damage. Paid second copy banishes own Mulan then own Ward Aladdin. Final copy banishes sole own Fru Fru and completes with no second choice, pending or bag effect; drops stay two. Separate no-own-character fixture completes with opposing non-Ward Mickey and Minnie still in play, proving the failed first step cannot enable the second. Both views show matching singing and ordered named banishments with no fabricated damage/banishment. Normal payment/drop-funded play, rejected transport and standalone singer action legality are excluded as separate completion gates by the text-box-only scope."
131,XHF,ci_XHF,Though I Have to Say Goodbye,,action,"""Put the top 3 cards of your deck into your discard. Chosen character gets +1 {S} this turn for each song card in your discard.""",src/cards/014/actions/131-though-i-have-to-say-goodbye.ts,src/cards/014/actions/131-though-i-have-to-say-goodbye.test.ts,reviewed; 28 public-action tests / 198 assertions pass,verified printed flows and reviewed boundaries,"Existing and newly milled own songs count once; resolving song and opponent discard excluded. Covers target legality and retry, Ward, singing, payment, expiry, inkability, and short or empty deck with turn-end loss. Browser: two-ink paid play mills three; one existing plus two milled songs grants +3 to own Ward Aladdin (Strength five); subsequent free singing by Mulan mills three non-songs and adds +4 (Strength nine), with no recalculation of the first bonus. Deck seven to four to one; discard one to five to nine; opposing discard excluded; target picker allows opposing Wasabi and own characters but excludes opposing Ward and location. Turn end removes both bonuses; both public logs show mill counts, singer and chosen target. Earlier pending ability boundaries are resolved below. Basic payment/drop, inking and transport are excluded as separate gates under the text-box scope. Existing rejected payment and singer tests are retained. Player Two regressions verify exact top-three IDs, own-discard song count excluding resolving/opposing songs, fresh own Ward and opposing targets, wrong chooser/opposing Ward rejection after milling with valid retry, fixed independent grants, replay cleanup, no legal characters and zero/one/two-card non-song decks. Browser five new fixtures: first paid play mills Juanita/Fru Fru/Magnificent Marvelous and grants opposing Mickey +3 (3 to 6); second Mulan-sung copy mills three non-songs and grants fresh own Ward Aladdin +4 (2 to 6) without changing the first grant. Return/replay clears Aladdin grant; normal pass clears Mickey grant. No-target fixture mills exact three and finishes without false grant or stalled choice. Two non-song cards grant zero despite opposing songs; one-card song deck grants +1 to opposing Mickey; empty deck mills zero and existing own song still grants +1 to own Ward. Both short/empty decks remain playing until own turn ends. Browser exposed Strength lasting through end-turn deck loss; fixed engine order to finish end-turn abilities, expire this-turn stat modifiers and resolve resulting banishments before final deck check. Repeat browser proves Mickey 4 to 3 and Aladdin 3 to 2 before Player Two loss, with no next-turn draw. Both public logs show exact mill counts, targets and grants, including zero, with no fabricated target result. Four mock engine regressions cover longer duration preservation, end-turn deck refill, earlier lore win, and Willpower-expiry banishment trigger refill. Corrected both Cinderella empty-deck tests that assumed early loss. Proofs /tmp/hyperia-goodbye-p2-public-log.png; /tmp/hyperia-goodbye-no-target-public-log.png; /tmp/hyperia-goodbye-zero-songs-public-log.png; /tmp/hyperia-goodbye-one-card-fixed-expired.png; /tmp/hyperia-goodbye-one-card-fixed-public-log.png; /tmp/hyperia-goodbye-empty-expired.png; /tmp/hyperia-goodbye-empty-public-log.png. Full Hyperia 2744 tests/19491 assertions; full engine 1337 pass/3872 assertions, two skips and 51 TODOs. Card and engine types pass; simulator zero errors one existing warning."
132,aWq,ci_aWq,Rivera Family Photo,,item,"[{""title"": ""Honor the Past"", ""description"": ""{E}, 1 {I} — Choose one:""}, {""title"": ""• Put the top 2 cards of your deck into your discard.""}, {""title"": ""• If you have 10 or more cards in your discard, gain 1 lore.""}]",src/cards/014/items/132-rivera-family-photo.ts,src/cards/014/items/132-rivera-family-photo.test.ts,reviewed; 24 public-action tests / 201 assertions pass; two existing engine regressions,verified printed flows and reviewed boundaries,"20 behavior tests (119 assertions): both modes; own discard zero/nine/ten/eleven including mixed card types; opposing discard excluded; exert and exact/insufficient/drop activation cost; short or empty mill and turn-end loss; immediate item activation; refresh and updated discard; invalid source zones/owner; inkability. Fixed engine choice projection disabling a false conditional mode: choose-one may resolve without an effect, while or keeps its performability requirement. Two mock engine regressions plus Firefly Swarm neighbor regression pass. Browser: nine-card lore choice is enabled and resolves without gain after payment/exertion; mill two raises discard to eleven without lore; new Photo plays and immediately gains one lore for one ink; exerted activation unavailable; all Photos ready next own turn, ink refreshes and lore activation raises one to two; printed mode labels and both public logs verified. Earlier pending ability boundaries are resolved below. Ordinary inking/transport and general drop-funded payment are excluded as separate gates under the text-box scope; existing payment/source-zone tests and earlier immediate item activation/reset evidence are retained. Earlier mill log and Torn Corner exact-instance proof retained. All card source tests pass; seven legacy-map script tests lack old checkout or audit inputs. Added Player Two paid pending-choice ownership with wrong-seat rejection and unchanged exact deck/discard IDs, three independent copies resolving lore at nine/mill two/lore at eleven, and zero/one/two-card decks with exact ten-card lore threshold before and after milling. Exact authoritative IDs prove only own top cards move, all card types count, opposing discard/deck stay unchanged, mill does not also gain lore, and short deck loss does not draw or advance the next player turn. Browser four new fixtures: Player Two initial nine versus opposing eleven gives no lore; first copy pays/exerts before choice; Player One has no mode chooser; second copy mills Fru Fru and Dragon Fire from top to reach eleven with no lore; third copy grants one and leaves deck/discard unchanged. Own exerted and opposing ready Photos expose no activation action. Short zero/one/two fixtures each first grant one lore at exact ten, then mill actual zero/one/two cards without another gain, then allow a third-copy lore grant with empty deck. Player Two remains playing until own pass, then loses with empty-deck reason and no opponent draw. Both player logs show exact printed choices, named activation/exertion, actual mill count including zero, two one-lore grants and pass; no false below-threshold lore or mill-mode lore. Ready ink three to zero, held drops remain two. Proofs /tmp/hyperia-photo-p2-nine-choice.png; /tmp/hyperia-photo-p2-wrong-view.png; /tmp/hyperia-photo-p2-milled-discard.png; /tmp/hyperia-photo-p2-exerted-disabled.png; /tmp/hyperia-photo-p2-opposing-no-activation.png; /tmp/hyperia-photo-p2-owner-log.png; /tmp/hyperia-photo-p2-public-log.png; /tmp/hyperia-photo-short0-exact-ten.png; /tmp/hyperia-photo-short0-public-log.png; /tmp/hyperia-photo-short1-public-log.png; /tmp/hyperia-photo-short2-public-log.png. No new engine change was required. Card types pass; simulator zero errors one existing warning; full Hyperia2748 tests/19573 assertions."
133,6g2,ci_6g2,The Torn Corner,,item,"[{""title"": ""Fond Memories"", ""description"": ""{E}, 1 {I} — If you have 10 or more cards in your discard, draw a card.""}, {""title"": ""Mend the Photo"", ""description"": ""When this card is put into your discard from your deck, if you have an item named Rivera Family Photo in play, you may play this card from your discard for free.""}]",src/cards/014/items/133-the-torn-corner.ts,src/cards/014/items/133-the-torn-corner.test.ts,reviewed; 31 public-action tests / 203 assertions pass,verified printed flows and reviewed boundaries,"28 tests (156 assertions): draw at own discard zero/nine/ten/eleven, opposing discard excluded, payment/exertion and retry, immediate item activation, empty deck and turn-end loss, drop payment, next-turn refresh; free play accepts/declines and uses exact milled copy, two newly milled copies independent with older copy retained, controller ownership, absent/wrong-zone/opposing Photo, from-hand discard/from-play banishment/draw do not free-play; named Photo enters before resolution or is removed by another bag effect; free item stays ready and its departure changes discard threshold; inkability. Definition already correct. Browser: pay one and exert at nine without draw; Photo mills two to eleven; accept only new Corner free and ready, older copy retained, discard reduces to exactly ten; immediately draw Stacey for one with no free-play payment; owner log names private draw and opponent hides identity; reload decline retains eleven discard and only original Corner in play; both turns pass, ink refreshes, original Corner readies and draws at eleven. Printed abilities, optional prompt, mill/free-play/decline/draw and both public logs verified. Earlier pending ability boundaries are resolved below. Ordinary paid entry/inking/transport and generic ink-drop payment are excluded as separate gates under the text-box scope. Existing cost/source-zone tests and earlier next-own-turn reuse evidence are retained. Added Player Two exact deck/discard/hand instance assertions for paid no-draw at nine, two milled copies, wrong-seat free-play rejection, one accepted and one declined, retained older copy, free ready entry and immediate draw at ten. Added Player Two zero/one-card draw with deferred empty-deck loss and no next-player draw. Seven browser fixtures verify these reversed-seat flows and named public logs: original Corner pays/exerts at nine without draw; Photo mills two new copies; accept one free, decline other, discard eleven to ten; ready new copy immediately draws Stacey for one. Owner log names Stacey and opponent omits private identity. Both short draws use actual available count and no loss until own pass. Wrong-zone fixture with own hand/discard Photos and opposing Photo mills Corner but logs Mend the Photo cancellation condition-not-met without free play. Clearly marked synthetic timing probes mirror unit tests: mill Corner then Photo enters during the same action, allowing later free play at zero ink; another milled trigger banishes own Photo before Corner resolves, cancelling free play while opposing Photo remains; normal draw, synthetic hand discard and real Break banishment do not create Mend triggers. Both views show precise mill/free-play/decline/draw/banishment/cancellation outcomes without false free play or private draw identity. Proofs /tmp/hyperia-torn-p2-two-choices.png; /tmp/hyperia-torn-p2-wrong-view.png; /tmp/hyperia-torn-p2-free-ready.png; /tmp/hyperia-torn-p2-owner-log.png; /tmp/hyperia-torn-p2-public-log.png; /tmp/hyperia-torn-short0-public-log.png; /tmp/hyperia-torn-short1-public-log.png; /tmp/hyperia-torn-absent-public-log.png; /tmp/hyperia-torn-late-public-log.png; /tmp/hyperia-torn-removed-public-log.png; /tmp/hyperia-torn-origins-public-log.png. No engine change needed. Full Hyperia2751 tests/19620 assertions; card types pass; simulator zero errors one existing warning."
134,uvh,ci_uvh,Jukebox,,item,"[{""title"": ""ON REPEAT"", ""description"": ""Once during your turn, whenever you play a song, if it has the same name as another card in your discard, you may ready chosen character. If you do, they can't quest for the rest of this turn.""}]",src/cards/014/items/134-jukebox.ts,src/cards/014/items/134-jukebox.test.ts,reviewed: 29 passing tests; 202 assertions,"verified printed ability choices, ready boundaries, independent once limits, ownership and expiry","Printed another and if-you-do corrected; secondary name check deferred to bag resolution. Earlier paid/sung song, own Ward, opposing Ward exclusion, expiry and refreshed-use proofs retained. Added Player Two exact two-copy independent resolutions, wrong chooser and opposing Ward rejection, opposing ready and both restrictions expiring; no legal character preserves hidden zones; matching discard removal auto-cancels. Corrected Player Two setup to exert after turn-start readying. Shared ready resolver now emits ready events and performs conditional follow-up only for an actual exerted-to-ready transition; an unconditional restriction still applies to an already-ready target. Grounding: CR 5.1.1.1 and 6.1.5.1; already-ready interpretation is an inference from state transition and sequential-effect rules. Three engine public-action regressions distinguish actual ready rewards from no-op and preserve unconditional restriction. Six new browser fixtures prove ready/blocked-ready/no-target/no-match, added and removed discard matches, Player Two two accepts, Ward/zone filter, wrong-view chooser, target-dialog Cancel declining one copy, same-turn limit and expiry. Both player logs correctly show real ready outcomes, no false ready outcome on no-op, condition/no-target cancellation, generic draw counts and owner-only identities. Returning the played song retains the other match; returning the other song cancels. Proofs: /tmp/hyperia-jukebox-ready-public-log.png; /tmp/hyperia-jukebox-no-match-public-log.png; /tmp/hyperia-jukebox-no-targets-public-log.png; /tmp/hyperia-jukebox-late-public-log.png; /tmp/hyperia-jukebox-removed-public-log.png; /tmp/hyperia-jukebox-p2-targets.png; /tmp/hyperia-jukebox-p2-wrong-view.png; /tmp/hyperia-jukebox-p2-public-log.png; /tmp/hyperia-jukebox-p2-expired-log.png. Full Hyperia 2755 tests/19664 assertions; full engine 1340 pass/3888 assertions, 2 skip/51 TODO; types pass, simulator 0 errors/1 existing warning. Remaining: investigate whether declined or ineffective resolutions consume once, against CR 6.1.1 and 6.1.13.2; current browser consumes the declined copy use, so that behavior is observed but not accepted as a final ruling. Current completion supersedes the earlier pending once ruling: official CR 6.1.1 and 6.1.13.2 require full resolution. Decline, no legal target, already-ready and blocked-ready outcomes do not spend the use. Shared ledger now counts full resolutions and retains exact bag usage through deferred target choices. Six mock engine regressions cover direct and deferred decline/ready/blocked branches. Player Two browser proves decline leaves only that independent copy eligible for a second song; after both copies actually ready characters, a third song queues none. Ready-boundary browser proves both no-op copies retry, then only the declined copy remains after one actual ready. Both logs show only actual ready outcomes and preserve private draws. Proofs: /tmp/hyperia-jukebox-once-noop-public-log.png; /tmp/hyperia-jukebox-p2-once-fixed-public-log.png. Full Hyperia 2759 tests/19718 assertions; engine 1346 pass/3969 assertions, two skip/51 TODO; types pass, simulator zero errors/one existing warning. Earlier declined-use-consumption browser evidence is superseded."
135,6s8,ci_6s8,Land of the Dead,Marigold Bridge,location,"[{""title"": ""Honored Offerings"", ""description"": ""While you have 10 or more cards in your discard, this location gets +2 {L}.""}]",src/cards/014/locations/135-land-of-the-dead-marigold-bridge.ts,src/cards/014/locations/135-land-of-the-dead-marigold-bridge.test.ts,reviewed: 20 public-action tests; 123 assertions,"verified printed ability thresholds, owner scope, independent copies, damage, removal and winning lore","100 assertions; continuous 0/9/10/11 thresholds; own-player Set-step gain and repetition; owner scope; mixed card types; independent copies; paid entry; inkability; occupants and move cost; damage; banishment; win. Browser: own nine versus opposing eleven; mill to eleven; three lore at Set; Remember Me replay drops twelve to eleven to ten to nine; lore three to one; gain one next Set; both public logs. Fixed dropped location-lore outcome in move-log conversion. Remaining browser boundaries: paid location entry; inkability; multiple locations; damage and banishment; game end Current text-box completion: paid entry, inkability and generic damage are excluded as separate gates under revised scope. Reviewed all tests and added Player Two exact-instance two damaged copies with opposing nine, plus source banishment before Set. Browser at exact ten mixed-type own discard gives both damaged Bridges Lore 3 while opposing nine remains Lore 1; passing grants exactly six to Player Two and wins at twenty. Second fixture banishes only the seven-damage Bridge, which loses its bonus in discard; surviving six-damage Bridge retains Lore 3 and alone gains three to win. Both player logs show six from two locations or three from one and exact named banishment. Proofs: /tmp/hyperia-marigold-copies-owner-log.png; /tmp/hyperia-marigold-copies-public-log.png; /tmp/hyperia-marigold-removed-owner-log.png; /tmp/hyperia-marigold-removed-public-log.png. Earlier threshold crossings, own Set repetition and below-ten next-Set evidence retained. Simulator types zero errors/one existing warning; no engine or card definition change needed. This closes the remaining printed-ability browser boundaries."
136,mjT,ci_mjT,Khan Stadium,State of the Art,location,"[{""title"": ""Big Show"", ""description"": ""Characters get +2 {S} while here.""}]",src/cards/014/locations/136-khan-stadium-state-of-the-art.ts,src/cards/014/locations/136-khan-stadium-state-of-the-art.test.ts,reviewed: 19 public-action tests; 89 assertions,"verified printed while-here bonus, source removal, replacement, duplicate copies and Player Two occupants","Paid entry; three paid moves verify Strength 1/3/1/3 without stacking; Ward guest at opposing Stadium; three-damage combat; source banishment removes bonus immediately; remaining Bridge gains one lore; both public logs verified. Browser boundaries pending: multiple copies; replacement; drying and exerted movement; inkability; invalid ownership. Current text-box completion: reviewed definition and all 19 tests under CR 6.1.13.5, 6.4.1 and 4.7.1. Basic inkability is excluded as a separate gate. New Player Two browser fixture verifies damaged old Stadium banished by Aladdin, its Fru Fru detached without bonus, replacement does not inherit occupants, and fresh Fru Fru moves between two own copies with exactly Strength three rather than five. Moving to Bridge removes bonus while Fresh Ink remains. Exerted Stacey moves from Bridge to Stadium with Strength four, still exerted and with unchanged lore/willpower. Later both occupy one Stadium and retain independent exact bonuses. Picker has exactly owned destinations; excludes opposing Stadium, discarded old source and current location. Both public logs show matching replacement/movement/banishment and no false ready event. Proofs: /tmp/hyperia-khan-replacement-no-inherit.png; /tmp/hyperia-khan-owned-location-picker.png; /tmp/hyperia-khan-fresh-first-bonus.png; /tmp/hyperia-khan-fresh-second-no-stack.png; /tmp/hyperia-khan-fresh-departure.png; /tmp/hyperia-khan-exerted-bonus.png; /tmp/hyperia-khan-player-two-owner-log.png; /tmp/hyperia-khan-player-two-public-log.png. Earlier actual boosted damage and immediate source-removal evidence retained. No definition or engine change needed; simulator types zero errors/one existing warning. This closes remaining printed-ability boundaries."
137,n4y,ci_n4y,Carl Fredricksen,Wilderness Guide,character,"""""",src/cards/014/characters/137-carl-fredricksen-wilderness-guide.ts,src/cards/014/characters/vanilla-model-properties.test.ts,reviewed; targeted tests pass,not required; no printed abilities; basics excluded by revised scope,Dry Carl quests for three lore with no ability prompt and correct public log. Browser boundaries pending: paid entry; drying; combat; inkability. Scope review 2026-10-05: no printed abilities; no ability-flow validation required. Previous browser status: browser partial. Historical basic-action evidence retained; any pending basic-action checks are outside scope.
138,WDr,ci_WDr,Cinderella,Homespun Dressmaker,character,"[{""title"": ""DISCERNING EYE"", ""description"": ""When you play this character, look at the top card of your deck. Put it on either the top or the bottom of your deck.""}]",src/cards/014/characters/138-cinderella-homespun-dressmaker.ts,src/cards/014/characters/138-cinderella-homespun-dressmaker.test.ts,reviewed: 13 public-action tests; 79 assertions,"verified private top/bottom choices, retry, Player Two ownership and empty/single decks","Paid two copies; first moves Carl to bottom; second keeps Magnificent on top; next own-turn draw matches; owner log details and opposing log privacy verified after shared formatter fix. Browser boundaries pending: empty and single-card decks; invalid retry; player-two controller; inkability. Current printed-ability completion: reviewed definition and all active tests; added reversed-seat exact top-instance ownership and invalid-below-card retry for both destinations, plus owner-only log assertions using the actual two-step inspect/arrange flow. Browser Player Two turn draw leaves one Photo; first Cinderella puts it on bottom, second on top, and next own turn draws the same Photo. Opposing view has no arrangement controls or Photo identity. Cancel closes the mandatory panel without resolving it; reopening Arrange cards permits valid completion with unchanged deck count. Both owner destination logs name Photo while opposing logs show only ordering completion. Empty-deck fixture plays both copies; DISCERNING EYE resolves twice without a picker, false draw, card creation or immediate defeat, with Pass Turn available and no pending effects. Basic inkability is excluded as a separate gate; invalid card IDs are rejected through public-action tests and the browser exposes only the one looked-at card. Proofs: /tmp/hyperia-dressmaker-single-owner-choice.png; /tmp/hyperia-dressmaker-single-wrong-view.png; /tmp/hyperia-dressmaker-single-owner-log.png; /tmp/hyperia-dressmaker-single-public-log.png; /tmp/hyperia-dressmaker-empty-owner-log.png; /tmp/hyperia-dressmaker-empty-public-log.png. Card types pass; simulator zero errors/one existing warning. No engine or definition repair needed. Earlier multi-card order proofs retained. This closes remaining printed-ability boundaries."
139,bzr,ci_bzr,Wasabi,Future Thinker,character,"[{""title"": ""SAFETY FIRST"", ""description"": ""When you play this character, if you removed an ink drop to play him, your other characters gain Resist +1 and Ward until the start of your next turn. (Damage dealt to them is reduced by 1. Opponents can't choose them except to challenge.)""}]",src/cards/014/characters/139-wasabi-future-thinker.ts,src/cards/014/characters/139-wasabi-future-thinker.test.ts,reviewed: 8 public-action tests; 76 assertions,"verified paid grants, Player Two ownership, stacking, late arrivals, zero floor, source return and expiry","One ink drop plus four ink grants Resist and Ward to Fru Fru; five ink without a drop grants neither and retains drop. Friendly two-damage effect becomes one; opposing effect excludes Ward guest; challenge remains legal and deals one; source banishment preserves keywords; next own turn removes both. Payments; badges; targeting; both public logs checked. Browser boundaries pending: player-two controller; late arrivals; multiple copies; zero-damage floor; inkability. Current printed-ability completion: added exact Player Two independent-copy regression, late-at-each-resolution recipients, zero two-damage floor, source return and expiry with unchanged opposing copy. Browser first payment removes two drops but grants only Resist one; later Stacey is unprotected until second source. Higitus supplies three drops; second Wasabi removes all three but grants only Resist one per recipient. Original Fru Fru stacks to Resist two, earlier Wasabi and Stacey have one, second source and later Mickey have none; opposing Fru Fru stays plain. Own Fire the Cannons on Fru Fru logs two prevented and no dealt damage; Stacey receives exactly one. Returning the earlier protected Wasabi preserves Fru Fru Resist two and Ward through the opposing turn; next owner start removes all temporary grants while Stacey keeps one damage. Both logs show exact grants, drop counts, damage prevention and return. Proofs: /tmp/hyperia-wasabi-future-late-unprotected.png; /tmp/hyperia-wasabi-future-stacked-grants.png; /tmp/hyperia-wasabi-future-return-keeps-grants.png; /tmp/hyperia-wasabi-future-owner-log.png; /tmp/hyperia-wasabi-future-public-log.png; /tmp/hyperia-wasabi-future-expired.png. Earlier no-drop, opposing Ward targeting, legal challenge, source banishment and expiry evidence retained. Basic inkability is excluded as a separate gate. Card types pass; simulator zero errors/one existing warning. No engine or definition repair needed. This closes remaining printed-ability boundaries."
140,y2o,ci_y2o,Baymax,Qualified Physician,character,"[{""title"": ""MEDICAL ASSISTANCE"", ""description"": ""Whenever this character quests, remove up to 2 damage from chosen character.""}]",src/cards/014/characters/140-baymax-qualified-physician.ts,src/cards/014/characters/140-baymax-qualified-physician.test.ts,reviewed: 17 public-action tests; 97 assertions,"verified chosen-character healing, Player Two control, opposing/one/zero damage and retry","Quest gains one lore before healing; choose one on own Carl changes damage three to two; next quest removes two from Baymax himself; choose zero on opposing Carl leaves damage unchanged; friendly Ward selectable and opposing Ward excluded; paid second Baymax does not heal and Fresh Ink disables quest. Healing amount and public logs verified. Browser boundaries pending: positive opposing healing; one/zero-damage floor; player-two controller; invalid retry; inkability. Current printed-ability completion: added Player Two chooser ownership, exact 0/1/3-damage outcomes, hand/discard/type-invalid rejection and valid retry. Three new cases failed because shared remove-damage target analysis widened explicit character-only targets to characters and locations. Fixed cause by retaining normalized zones, card types, filters and self exclusion. Three mock engine tests verify character-only, location-only and both-type effects; 24 assertions pass. Browser picker now has exactly seven characters, includes own Ward and excludes opposing Ward, location and hidden cards. Opposing view cannot choose; Cancel/reopen retains mandatory choice. Three separate Baymax quests gain one lore each before healing: opposing Carl three to one, own Fru Fru one to zero, undamaged Mickey stays zero. Both logs show removed two/one and no false zero healing outcome. Proofs: /tmp/hyperia-baymax-physician-wrong-view.png; /tmp/hyperia-baymax-physician-character-only-picker.png; /tmp/hyperia-baymax-physician-owner-log.png; /tmp/hyperia-baymax-physician-public-log.png. Prior self/zero selection/friendly Ward/entry-trigger exclusions retained. Basic inkability excluded as separate gate. Full Hyperia 2767 tests/19836 assertions; engine 1349 pass/3993 assertions, two skip/51 TODO; card/engine types pass; simulator zero errors/one existing warning. This closes remaining printed-ability boundaries."
141,1Eu,ci_1Eu,King Louie,Ice Cream Virtuoso,character,"""Support""",src/cards/014/characters/141-king-louie-ice-cream-virtuoso.ts,src/cards/014/characters/141-king-louie-ice-cream-virtuoso.test.ts,"reviewed; 10 tests/80 assertions pass; current and last-known Strength, zero/no-target, stacking, target leave/replay, ownership and expiry","verified: Player Two target filters, own Ward, opposing target, decline, stacked bonus, challenge damage, expiry and both logs; retained source banish/return probes","Fixed Support using printed Strength after boosted source departure; shared Strength resolver now uses last-known value. Fixed simulator picker using first queued ability instead of selected bag. Synthetic observer fixtures are diagnostic probes only. Full Hyperia 2774/19902; engine 1351/4015; interaction 61/204; simulator presenter 45/205. Browser proofs /tmp/hyperia-louie-player-two-public-log.png and /tmp/hyperia-louie-{banished,returned}-owner-log.png."
142,xtK,ci_xtK,Lafayette,All Ears,character,"[{""title"": ""Alert"", ""description"": ""(This character can challenge as if they had Evasive.)""}]",src/cards/014/characters/142-lafayette-all-ears.ts,src/cards/014/characters/142-lafayette-all-ears.test.ts,reviewed; 7 tests / 32 assertions pass,verified; Alert attack defense drying quest and ink,Definition now explicitly declares imported Alert ability rather than relying on text fallback. Public tests cover printed keyword and exerted Evasive challenge and ready rejection and paid-play drying and cross-turn persistence plus plain defensive challenge with exact damage. Browser dry Lafayette challenges exerted Peter Pan dealing one and taking three; ready Peter Pan click only previews and causes no move or log; bank two unchanged. Paid copy spends two to zero with no entry trigger; printed Alert visible alongside Fresh Ink; Quest and Challenge disabled with exact reason. Proof /tmp/hyperia-lafayette-alert-challenge.png and /tmp/hyperia-lafayette-paid-drying.png. Browser quest and defense verified after fresh fixture: direct quest grants one lore and exerts Lafayette with exact quest log; normal pass and PlayerTwo view preserves printed Alert and exerted state; plain Kit legally challenges Lafayette dealing two and receiving one; both survive with exact damage badges and named combat log. Proof /tmp/hyperia-lafayette-plain-defense.png. Inking browser verified after reset: hand Lafayette enters inkwell; available ink two to three; only named inking log and no trigger. Natural drying verified after reset: pay two for new copy then normal pass each seat; turn three paid copy loses Fresh Ink and retains printed Alert; quest enabled and adds one lore with exact named log; bank readied two of two remains unchanged. Proof /tmp/hyperia-lafayette-inked.png and /tmp/hyperia-lafayette-natural-drying-quest.png. Added corresponding public-action tests; seven tests and 32 assertions pass. Simulator types zero errors and one existing warning.
143,DRn,ci_DRn,Abigail & Amelia,Gossiping Geese,character,"""""",src/cards/014/characters/143-abigail-amelia-gossiping-geese.ts,src/cards/014/characters/vanilla-model-properties.test.ts,reviewed; 162 shared vanilla tests pass with 1044 assertions,not required; no printed abilities; basics excluded by revised scope,No printed ability. Reviewed nine shared public-action cases for this definition including player-two entry and quest; insufficient ink; drying; inking; printed 2/2/2 stats; retaliation and lethal threshold. Browser blocks cost-two play at one ink. Inking one copy adds a ready second ink with named log; the other spends exactly two with no trigger. Fresh Ink blocks quest and challenge. After both normal turns pass the paid copy loses Fresh Ink and quests for exactly two lore with no ink payment; repeat quest is disabled by exertion. Separate reset challenge against exerted Kit deals two in each direction and banishes both at two willpower with exact named damage and banishment logs. Proofs hyperia-geese-payment-drying.png; hyperia-geese-natural-quest.png; hyperia-geese-combat.png. Player-two browser entry now verifies exact two-ink payment with only a named Played log and no ability trigger; Fresh Ink blocks quest and challenge. After a normal full turn cycle the copy quests for two lore on turn four and exerts; available ink stays two. Repeated quest is blocked. Opposing view shows two lore for player two and zero for player one with the same named quest log. Proofs hyperia-geese-player-two-drying.png; hyperia-geese-player-two-quest.png; hyperia-geese-opponent-quest-log.png. Scope review 2026-10-05: no printed abilities; no ability-flow validation required. Previous browser status: verified payment drying ink natural quest and combat logs in both player views. Historical basic-action evidence retained; any pending basic-action checks are outside scope.
144,ATK,ci_ATK,Honey Lemon,Ingenious Researcher,character,"[{""title"": ""Shift 5 {I}""}, {""title"": ""Synthesize"", ""description"": ""Whenever this character quests, you may return an item card from your discard to your hand. If you do, get 1 ink drop. (You may remove an ink drop to pay 1 {I}.)""}]",src/cards/014/characters/144-honey-lemon-ingenious-researcher.ts,src/cards/014/characters/144-honey-lemon-ingenious-researcher.test.ts,"reviewed; 15 tests/121 assertions pass; Shift inheritance, mixed payment, exact targets, wrong seat, independent choices and no-item completion","verified: Player Two mixed Shift and return/payment, own-discard filters, chooser privacy, decline and no-item completion; drying/exerted Shift states and both logs",Preserved prior primary evidence. New Player Two browser spends four ink plus one drop on Shift; retains one damage/location/under-card; returns Photo and spends reward at zero ink; decline gives no reward; later Jukebox return gives one; no-item acceptance clears without another drop. Shift picker excludes opposing Honey Lemon and own wrong-name character. Shifted fresh/exerted bases retain state/damage and cannot quest until next own turn; normal entry has no Synthesize reward. Both logs verified; drawn cards stay private. No runtime repair needed. Proofs /tmp/hyperia-honey-player-two-public-log.png and /tmp/hyperia-honey-shift-public-log.png. Basic inking excluded.
145,4C8,ci_4C8,Go Go Tomago,Working Late,character,"""""",src/cards/014/characters/145-go-go-tomago-working-late.ts,src/cards/014/characters/vanilla-model-properties.test.ts,reviewed; 162 shared vanilla tests pass with 1044 assertions,not required; no printed abilities; basics excluded by revised scope,No printed ability. Nine shared behavior cases verify printed cost three and 2/6/1 values; insufficient payment; inkability; drying; player-two paid entry and next-turn quest; attack and retaliation; six-willpower lethal threshold. Browser blocks play at two ink; inking one copy adds the third ready ink and named log; paid copy spends three with no ability trigger and Fresh Ink blocks quest and challenge. Dry copy deals two to Kit and survives two return damage; copy with five existing damage is banished by two return damage. Logs name damage and both banishments. Paid copies on both seats dry through normal turn passes and quest for one lore without ink payment; repeat quest is disabled. Player-two view confirms public combat and first-player quest logs. Proofs hyperia-gogo-payment-drying.png; hyperia-gogo-combat.png; hyperia-gogo-natural-quest.png; hyperia-gogo-player-two-drying.png; hyperia-gogo-player-two-quest.png. Scope review 2026-10-05: no printed abilities; no ability-flow validation required. Previous browser status: verified payment ink drying natural quest combat and both player logs. Historical basic-action evidence retained; any pending basic-action checks are outside scope.
146,vTV,ci_vTV,Madam Mim,Nosy Neighbor,character,"[{""title"": ""NO HIDING"", ""description"": ""When you play this character, look at chosen opponent's hand.""}]",src/cards/014/characters/146-madam-mim-nosy-neighbor.ts,src/cards/014/characters/146-madam-mim-nosy-neighbor.test.ts,reviewed; 8 behavior tests,browser verified,7 public-action tests with 44 assertions: private look restricted to controller for both seats; spectator sees no hand identities and metadata stays unrevealed; cards stay in opposing hand; failed four-ink payment does not inspect; inking does not look; empty opposing hand creates no reveal window and spends five ink; later-drawn card excluded from private look and hidden in controller and spectator projections; four ink plus one drop paid with zero balances and no own-hand leakage. Corrected misleading empty-hand test name and strengthened assertions. Definition unchanged. Existing set14-audit-mim-nosy fixture covers real cards and viewer switching; Browser core privacy verified: Mim paid five and bank zero; NO HIDING resolves with exact named public source log; controller sees Rivera Family Photo and Jukebox and Carl in opposing hand with count three unchanged; switch to spectator turns all three back into card backs and log contains no looked-at names. Proof /tmp/hyperia-mim-private-hand-look.png and /tmp/hyperia-mim-spectator-hidden-hand.png. Card leaving hand verified: after normal pass PlayerTwo inks previously inspected Carl; bank zero to one and hand four to three; spectator sees only Carl in inkwell plus its named inking log; all three remaining hand cards stay hidden. Proof /tmp/hyperia-mim-inspected-card-inked.png. Added public-action unit coverage with authoritative zone and unrevealed metadata plus controller and spectator projections; eight tests pass with 54 assertions. Later-draw browser verified: after private look switch back to controller and pass; opposing deck six to five and hand three to four; all four cards display as backs with no new identity in controller log. Proof /tmp/hyperia-mim-later-draw-hidden.png. Inking browser verified after reset: Mim enters inkwell and bank five to six; opposing three cards stay hidden; no NO HIDING resolve; only named inking log. Proof /tmp/hyperia-mim-inking-no-look.png. Empty-hand browser verified in set14-audit-mim-nosy-empty: pay five ink to zero; no picker or stuck prompt; NO HIDING resolves with named public log and empty opposing hand stays empty. Player-two browser verified in set14-audit-mim-nosy-player-two after normal turn pass and draw: select one ink drop then play with four ink; bank zero and drop control gone; public log records one drop removed and named NO HIDING; only PlayerTwo sees opposing Photo and Jukebox with hand count two unchanged; spectator sees both hands as card backs with no private identities in log. Proof /tmp/hyperia-mim-empty-hand.png and /tmp/hyperia-mim-player-two-drop.png and /tmp/hyperia-mim-player-two-spectator.png. Focused seven tests still pass with 44 assertions; simulator types zero errors and one existing warning.
147,FYs,ci_FYs,Lionheart,Cleaning Up the City,character,"[{""title"": ""Alert"", ""description"": ""(This character can challenge as if they had Evasive.)""}, {""title"": ""CIVIC DUTY 6"", ""description"": ""{I} — Remove all damage from chosen character or location.""}]",src/cards/014/characters/147-lionheart-cleaning-up-the-city.ts,src/cards/014/characters/147-lionheart-cleaning-up-the-city.test.ts,"reviewed; 15 tests/112 assertions pass; Alert attack-only/fresh limits, exact healing filters, payment, zero target, fresh/exerted activation and wrong seat","verified: Player Two Alert combat and ordinary attack on Lionheart; self/own location/opposing character/zero own Ward healing, mixed/repeated payment, filters, ownership and both logs","Preserved earlier opposing-location and own-character healing evidence. New Player Two browser pays five ink plus one drop for self four-damage healing, then Alert deals three to exerted Evasive Archimedes with two retaliation; ready Evasive Lexington cannot be challenged. Exerted Lionheart repeats Civic Duty to heal own Bridge seven and opposing Carl three, then pays six for undamaged friendly Ward with no fabricated healing log. Seven legal targets exclude opposing Ward, items, hand and discard; wrong view cannot choose. At zero ready ink, activation unavailable. Plain Fru Fru challenges Lionheart after passing, proving Alert gives no defensive Evasive. Separate fresh/exerted source fixture heals self four and friendly Ward one, retaining both states. Both player logs verified. No runtime repair needed. Proofs /tmp/hyperia-lionheart-player-two-public-log.png and /tmp/hyperia-lionheart-fresh-public-log.png. Basic inking excluded."
148,3j6,ci_3j6,Priscilla,Efficient Clerk,character,"[{""title"": ""Not-So-Secret Crush"", ""description"": ""This character enters play exerted.""}, {""title"": ""Filing System"", ""description"": ""Whenever this character quests, you may look at the top 2 cards of your deck. Put one into your hand and the other into your inkwell facedown and exerted.""}]",src/cards/014/characters/148-priscilla-efficient-clerk.ts,src/cards/014/characters/148-priscilla-efficient-clerk.test.ts,reviewed; 12 tests pass; 96 assertions,browser verified; text-box abilities complete,"Quest gains two lore; Filing System sends Jukebox to hand and Photo facedown and exerted to ink; three available of four total ink; played second Priscilla enters exerted and does not trigger. Decline preserves deck eight, hand one and ink three, with choosing-no log. Added mandatory destination minima: incomplete two-card and one-card ink-only assignments previously succeeded; regression tests fail before the definition fix and pass afterward. Twelve tests verify empty/one/two-card decks, duplicate IDs, below-top-two and incomplete/duplicate/opposing-choice rejection with atomic valid retry, Player Two ownership and no-other-character quest trigger. Player Two browser fixture verifies private Photo-to-hand/non-inkable Jukebox-to-facedown-exerted-ink split, two available of three ink, opposing and spectator choice isolation, incomplete split confirmation disabled and Fru Fru quest non-trigger. Short-deck fixture after shared-checkout card fix verifies inkwell capacity zero for one card, rejected drag into ink, hand completion, subsequent empty-deck acceptance and cleared effects with ink two unchanged. Both public logs agree and hide inspected card names from opponents. Proofs: /tmp/hyperia-priscilla-player-two-picker.png; /tmp/hyperia-priscilla-wrong-view.png; /tmp/hyperia-priscilla-spectator.png; /tmp/hyperia-priscilla-two-incomplete.png; /tmp/hyperia-priscilla-short-ink-blocked.png; /tmp/hyperia-priscilla-player-two-owner-log.png; /tmp/hyperia-priscilla-player-two-public-log.png; /tmp/hyperia-priscilla-short-owner-log.png; /tmp/hyperia-priscilla-short-public-log.png. Basic inkability excluded under revised scope."
149,kE4,ci_kE4,Daisy Duck,Savvy Investor,character,"[{""title"": ""Save for the Future"", ""description"": ""When you play this character, you may put a card from your hand into your inkwell facedown and exerted.""}]",src/cards/014/characters/149-daisy-duck-savvy-investor.ts,src/cards/014/characters/149-daisy-duck-savvy-investor.test.ts,reviewed; 8 tests pass; 70 assertions,browser verified; text-box abilities complete,"Paid entry costs three; optional selector offers own remaining hand including non-inkable Daisy; selected Daisy becomes facedown exerted ink; opponent log hides target identity. Eight unit tests verify decline, no-hand completion with empty bag and pending queue, failed-play non-trigger, non-inkable target, exact Player Two duplicate instance with other cards preserved, own-hand-only single target, wrong-seat/wrong-zone/opposing/multiple-target rejection with atomic valid retry, independent copies and other-character play non-trigger. Player Two browser fixture: first Daisy decline preserves hand four and ink ten with seven available; second copy has a separate choice, picker offers only own remaining Daisy, Jukebox and drawn Fru Fru, excludes both played Daisies, items, discard and opposing hand; opposing and spectator views cannot see or choose private hand targets. Chosen non-inkable Daisy enters facedown exerted ink with four available of eleven; played Fru Fru has no Daisy trigger. Owner log names inked Daisy while opposing log hides its identity, and both log choosing-no for the first copy. Empty-hand fixture automatically clears Save for the Future with no-valid-targets log in both views; ink remains zero available of three, hand zero and pass enabled. Ordinary inking rejection excluded under revised ability-only scope. No engine change needed. Proofs: /tmp/hyperia-daisy-player-two-decline.png; /tmp/hyperia-daisy-player-two-picker.png; /tmp/hyperia-daisy-wrong-view.png; /tmp/hyperia-daisy-spectator.png; /tmp/hyperia-daisy-player-two-owner-log.png; /tmp/hyperia-daisy-player-two-public-log.png; /tmp/hyperia-daisy-empty-owner-log.png; /tmp/hyperia-daisy-empty-public-log.png."
150,EvA,ci_EvA,Hiro Hamada,Pioneering Inventor,character,"[{""title"": ""NIFTY TECH"", ""description"": ""While you have an item in play, this character gets +1 {L}.""}]",src/cards/014/characters/150-hiro-hamada-pioneering-inventor.ts,src/cards/014/characters/150-hiro-hamada-pioneering-inventor.test.ts,reviewed; 7 tests pass; 34 assertions,browser verified; text-box abilities complete,"Existing browser evidence: opposing Jukebox alone leaves quest value one; playing Photo raises value two; Break banishes Photo and immediately returns value one; subsequent quest gains one lore; boosted quest gains two lore with correct own and opposing logs. Seven unit tests verify hidden/hand/discard and opposing item exclusion, friendly character/location exclusion, multiple items give only one bonus, late item entry, immediate last-item removal and Player Two independent copies with another item remaining. Player Two browser fixture starts both Hiros at two lore with Photo and Jukebox; Break own Jukebox leaves both at two, first quest gains two; Break last own Photo immediately removes bonus from both despite opposing Photo and items in hand/discard; second quest gains one, total three. Playing new Photo immediately restores both to two, including exerted sources. After passing both turns, individual quests each gain two, total seven. Both public logs agree on exact two/one/two/two quest values and named item banishments. Paid entry and inkability excluded under revised ability-only scope. No engine repair needed. Proofs: /tmp/hyperia-hiro-two-items.png; /tmp/hyperia-hiro-one-item.png; /tmp/hyperia-hiro-last-item-lost.png; /tmp/hyperia-hiro-item-restored.png; /tmp/hyperia-hiro-player-two-owner-log.png; /tmp/hyperia-hiro-player-two-public-log.png."
151,sMn,ci_sMn,Honey Lemon,Endlessly Curious,character,"[{""title"": ""SHOCKING BREAKTHROUGH"", ""description"": ""Whenever this character quests, you pay 1 {I} less for the next item you play this turn.""}]",src/cards/014/characters/151-honey-lemon-endlessly-curious.ts,src/cards/014/characters/151-honey-lemon-endlessly-curious.test.ts,reviewed; 9 tests pass; 55 assertions,browser verified; text-box abilities complete,"Existing browser proof: quest one lore and Cost -1; Fru Fru costs one without consuming item discount; first Jukebox costs one, second two; marker clears after first item. Nine unit tests verify single and stacked discounts, zero-cost floor, all grants consumed by one cheap item, non-item preservation, failed expensive play preserves grant, other-character quest non-trigger, Player Two ownership and turn expiry. Player Two stacked fixture: first two Honey quests show two separate Cost -1 effects and zero-cost Jukebox/Photo; Fru Fru costs one, leaving four available and both grants; Photo costs zero, leaves four ink and consumes both grants, Jukebox prices return to two; both Jukeboxes then spend two each to zero. Third Honey quests and remaining Photo costs zero without creating ink, then clears the new grant. Expiry fixture: unused Player Two grant clears on pass; opposing and then controller Jukebox preview says Needs 2 ink — 1 available, with no Cost -1 marker. Renewed quest permits exact one-ink Jukebox, leaves zero. Both public logs agree on exact quest, SHOCKING BREAKTHROUGH resolution and item play sequence, with no false plays for unavailable items. Paid entry and ordinary inkability excluded under revised ability-only scope. No engine repair needed. Proofs: /tmp/hyperia-curious-stacked-non-item.png; /tmp/hyperia-curious-stack-consumed.png; /tmp/hyperia-curious-player-two-owner-log.png; /tmp/hyperia-curious-player-two-public-log.png; /tmp/hyperia-curious-opponent-full-cost.png; /tmp/hyperia-curious-expired-full-cost.png; /tmp/hyperia-curious-expiry-owner-log.png; /tmp/hyperia-curious-expiry-public-log.png."
152,oBC,ci_oBC,Thomas O'Malley,Savvy Vagabond,character,"[{""title"": ""LUCKY BREAK"", ""description"": ""Whenever this character quests, each player reveals the top card of their deck. Put the card with the highest cost revealed this way, or each card tied for highest cost, into its player's hand. Put the rest on the bottom of their players' decks.""}]",src/cards/014/characters/152-thomas-omalley-savvy-vagabond.ts,src/cards/014/characters/152-thomas-omalley-savvy-vagabond.test.ts,reviewed; 8 tests pass; 54 assertions,browser verified; text-box abilities complete,"Existing browser quest gains two lore, opposing Carl six enters its owner hand, own Photo one moves to own bottom; both logs name revealed cards and correct destinations. Eight tests verify ties, exact duplicate instances and owner hands, bottom order, one/both decks empty, Player Two independent repeated quests and other-character quest non-trigger. Player Two tie/empty browser fixture: Photo/Fru Fru tie at one and Jukebox/Thomas tie at two, each card enters its owner hand; next sole Player Two Photo enters own hand, then both-empty quest completes with no cards moved. Final lore eight, Player One hand two, Player Two hand four including the draw, both decks zero, pass enabled. Player Two bottom-order fixture: own Photo one loses to opposing Lionheart four, moves to bottom below untouched Researcher; next quest reveals Researcher seven, which enters Player Two hand while opposing Photo one moves to Player One bottom. Exact two quests yield lore four. Both public logs correctly name reveals, hand ownership and deck-bottom ownership; first comparison does not reveal untouched Researcher. Prior hand-wording concern resolved by current explicit hand-of-YOU/OPPONENT text. Paid entry and ordinary inkability excluded under revised ability-only scope. No engine repair needed. Proofs: /tmp/hyperia-thomas-tie-one.png; /tmp/hyperia-thomas-tie-two.png; /tmp/hyperia-thomas-single-card.png; /tmp/hyperia-thomas-ties-owner-log.png; /tmp/hyperia-thomas-ties-public-log.png; /tmp/hyperia-thomas-own-bottom.png; /tmp/hyperia-thomas-order-owner-log.png; /tmp/hyperia-thomas-order-public-log.png."
153,o4Z,ci_o4Z,Duchess,Cosmopolitan Cat,character,"[{""title"": ""UPPER CRUST"", ""description"": ""While you have a character in play with the highest cost, or tied for highest cost, this character gets +1 {L}.""}, {""title"": ""PROPER ETIQUETTE"", ""description"": ""Whenever this character quests, look at the top card of your deck. Put that card on either the top or the bottom of your deck.""}]",src/cards/014/characters/153-duchess-cosmopolitan-cat.ts,src/cards/014/characters/153-duchess-cosmopolitan-cat.test.ts,reviewed; 14 tests pass; 72 assertions,browser verified; text-box abilities complete,"Existing tests cover highest/opposing highest character, cross-player ties, self-highest, item exclusion, immediate bonus removal, top/bottom order, empty-deck cleanup, below-top rejection with valid retry, exact duplicate top instance and Player Two ownership. Added wrong-seat and duplicate-destination atomic rejection with mandatory retry, and Player Two separate copies tied-bonus loss/restoration. Existing P1 browser verifies two-lore/one-lore quests around friendly Carl removal and private top/bottom routing. Player Two browser fixture: three Duchess copies gain two lore when own and opposing Carl tie at six; first mandatory Photo look offers only one top instance from two identical deck copies and remains pending after Cancel; opposing and spectator views cannot see or arrange the card. First and second looks keep Photo top; Dragon Fire own Carl immediately removes all bonuses despite Researcher seven in hand, second quest gains one. Played hand Carl immediately restores all bonuses including exerted sources; third quest gains two and Photo moves bottom through direct assigned-card drag. Lore totals five, deck remains two, final ink zero. Both player logs agree on exact two/one/two lore, Carl banishment/entry and resolution; opposing logs hide inspected names and destinations. Empty-deck fixture proves self-highest two-lore quest, automatic Proper Etiquette completion without movement or pending choice and matching logs. Basic paid entry and ordinary inkability excluded under revised ability-only scope. No engine repair needed. Proofs: /tmp/hyperia-duchess-player-two-look.png; /tmp/hyperia-duchess-wrong-view.png; /tmp/hyperia-duchess-spectator.png; /tmp/hyperia-duchess-bonus-lost.png; /tmp/hyperia-duchess-bonus-restored.png; /tmp/hyperia-duchess-player-two-owner-log.png; /tmp/hyperia-duchess-player-two-public-log.png; /tmp/hyperia-duchess-empty-owner-log.png; /tmp/hyperia-duchess-empty-public-log.png."
154,dyQ,ci_dyQ,Judy Hopps,Day Camp Instructor,character,"[{""title"": ""Support""}, {""title"": ""LEND A PAW"", ""description"": ""When you play this character, if you played another character this turn, you may put the top card of your deck into your inkwell facedown and exerted.""}]",src/cards/014/characters/154-judy-hopps-day-camp-instructor.ts,src/cards/014/characters/154-judy-hopps-day-camp-instructor.test.ts,reviewed; 15 tests110assertions pass,"verified; P2 current-strength Support, Ward, zero and decline; independent Lend copies, no-prior and empty deck; both logs","Tests cover no prior character; prior paid character; accept and decline; facedown exerted top ink with no ready ink gain; existing character and item exclusion; Support self rejection; opposing target; decline; Strength plus two and turn-end expiry. Additional tests verify player-two exact deck ownership; prior-turn exclusion; empty-deck resolution; insufficient payment; ordinary inking rejection. Browser verifies Fru Fru one-ink payment then Judy two-ink payment; Lend a Paw accept changes ready ink 2/5 to 2/6 and deck seven to six; opponent log hides ink identity. Browser exposed shared top-of-deck ink resolver taking bottom card; multi-card regression failed before slice(-1) fix and passes after. Browser now confirms Photo top card moves to exerted ink; controller log names Photo and opponent log hides identity. Dry Judy quests for one lore; Support chooser excludes source and permits opposing Duchess; Strength one to three; pass removes bonus immediately; both logs name Support and target.  Closed remaining normal-turn boundaries: opposing preceding-turn play does not qualify; three Judy copies retain prior-play history after first leaves and independently accept/decline. Player Two Support uses current four/zero Strength, rejects opposing Ward and permits friendly Ward; wrong chooser remains pending and expiry restores target Strength. Browser set14-audit-judy-daycamp-player-two: Distract reduces plain Judy to zero and draws one Jukebox; Stadium Judy Support takes own Ward Aladdin two to six, zero Support leaves opposing Fru Fru at one, third source declines. First hand Judy triggers no Lend despite existing characters, quests and action; Dragon Fire banishes it, second copy accepts remaining non-inkable top Jukebox as facedown exerted ink, third declines preserving Photo. Ready ink zero/total14; final lore4 includes one start-of-turn Stadium lore plus three one-lore quests. Passing expires Aladdin bonus and Distract. Owner log names private Jukebox; opposing log hides draw/ink names while showing correct ownership, source, target and declines. Empty fixture: item plus existing character cannot qualify first Judy; later Fru Fru plus second Judy accepts empty deck without added ink or pending effect. Proofs /tmp/hyperia-judy-support-ward-picker.png; /tmp/hyperia-judy-zero-support.png; /tmp/hyperia-judy-support-expired.png; /tmp/hyperia-judy-player-two-owner-log.png; /tmp/hyperia-judy-player-two-public-log.png; /tmp/hyperia-judy-empty-owner-log.png; /tmp/hyperia-judy-empty-public-log.png. No new engine or definition repair needed."
155,n5b,ci_n5b,Minnie Mouse,Urban Visionary,character,"[{""title"": ""Ward""}, {""title"": ""ALL BY DESIGN"", ""description"": ""At the end of your turn, if this character is exerted, you may look at the cards in your inkwell and then you may return one to your hand. If you do either, exert all cards in your inkwell.""}]",src/cards/014/characters/155-minnie-mouse-urban-visionary.ts,src/cards/014/characters/155-minnie-mouse-urban-visionary.test.ts,reviewed; 16 tests152assertions pass,verified; all four optional branches; exact duplicate return; P2 copies; Ward/timing; empty ink; private look/return logs,"Repaired definition with separate optional look and exact one-card return; conditional branches exert remaining own ink if either accepted. Reveal-inkwell now records successful look for if-you-do. Four combinations pass and opponent ready ink remains unchanged. Existing test incorrectly describes returning all cards and asserts only one card zone. Private reveal resolver limits faces to owner. Browser quests three lore; own end-turn opens private look; accept shows three ink identities and separate optional return chooser; skip return leaves three ink and changes ready ink 3/3 to 0/3; opposing ink remains 2/2. Opponent and spectator logs hide all three ink identities; spectator ink remains facedown. Both retain look count and public exert-three result. Added tests prove no trigger for ready Minnie or at opponent end-turn. Additional tests verify Ward rejects opposing Dragon Fire without payment; friendly Dragon Fire remains legal; exact duplicate ink selection returns only chosen instance and exerts remaining copy. Additional tests verify empty inkwell resolves both optional steps with no hand card or remaining prompt; player-two exact duplicate return and exertion preserve player-one ink and gain three quest lore. Unit review complete after full definition and test inspection. Unpaid seven-ink play preserves hand and bank with no trigger. Normal inking adds ready ink and produces no end-turn ability. Opposing ink and hand/play-zone return targets reject with exact own ink and readiness preserved; valid exact own-ink retry returns one and exerts only remaining own ink. All four optional branches and own/opposing end-turn conditions remain covered. Closed remaining printed-ability boundaries. New unit case covers two independent Player Two sources, wrong chooser, multi/duplicate target rejection without mutation, valid exact duplicate return and remaining own-ink exertion; declined look has zero reveal windows and a masked player board. Browser set14-audit-minnie-ward-timing excludes opposing Ward from Dragon Fire, permits own Ward banishment, proves no opponent-end trigger and no own-end trigger for ready survivor; both logs contain no fabricated ability. Empty-ink fixture resolves without hand/ink/pending choice. Player Two quests both copies for6; first declines look and return leaving3/3ready; second declines look and returns second facedown instance (Photo), leaving0/2 while opposing2/2 stays ready. Reload verifies accepted look exposes three private ink cards including duplicate Photos, exact last Photo returns, second copy accepts look of remaining two but declines return. Opponent/spectator views cannot inspect or select private ink. Browser exposed simulator supplemental snapshot override revealing ink whenever a return picker opened; removed it, and regression failed before/passes after. Also fixed public optional-return log leaking private ink identity: public acceptance/exert count remains, owner-only detail names card returned to hand. Two real-card privacy regressions cover accepted/declined look and valid return plus public/private logs. Simulator focused59tests251assertions pass, types0errors1existingwarning; engine1351pass4015assertions, typespass; fullHyperia2808pass20282assertions. Proofs /tmp/hyperia-minnie-decline-look-masked.png; /tmp/hyperia-minnie-decline-both-ready.png; /tmp/hyperia-minnie-accepted-look-picker.png; /tmp/hyperia-minnie-look-opponent-hidden.png; /tmp/hyperia-minnie-look-spectator-hidden.png; /tmp/hyperia-minnie-no-look-owner-log.png; /tmp/hyperia-minnie-no-look-public-log.png; /tmp/hyperia-minnie-look-owner-log.png; /tmp/hyperia-minnie-look-public-log.png; /tmp/hyperia-minnie-empty-owner-log.png; /tmp/hyperia-minnie-empty-public-log.png; /tmp/hyperia-minnie-ward-timing-owner-log.png; /tmp/hyperia-minnie-ward-timing-public-log.png. CR2.2.0 7.1.3 and7.5.4 ground hidden ink identity; look authorizes only the controller."
156,1wB,ci_1wB,Ariel,Collector of Oddities,character,"[{""title"": ""One of a Kind"", ""description"": ""Whenever you play an item, if the item you played has a different name than each other item you have in play, draw a card.""}, {""title"": ""Personal Collection"", ""description"": ""For each item with a different name you have in play, this character gets +1 {L}.""}]",src/cards/014/characters/156-ariel-collector-of-oddities.ts,src/cards/014/characters/156-ariel-collector-of-oddities.test.ts,reviewed; 18 tests pass; 92 assertions,browser verified; text-box abilities complete,Tests verify unique-name draw; same-name own negative and opposing positive; distinct-name lore; item removal with and without matching copy; base lore; failed payment; exact top draw; opposing play exclusion; player-two own draw and lore; empty-deck loss only at own turn end. Additional tests verify five-ink paid entry with no existing-item draw; drying quest rejection; ordinary inking one ready ink without trigger. Added dedicated browser fixture. Browser verifies baseline one lore despite opposing item; Photo costs one and draws one; own first Jukebox costs two and draws despite opposing same name; lore one to two to three; second own Jukebox costs two with no draw or added lore; Break Photo costs two and immediately drops lore to two; quest gains two; opponent logs hide drawn names while retaining counts and public outcomes. Unit review complete after full definition and test inspection. Unpaid four-ink Ariel entry preserves hand and exact deck with no draw or payment. Two exact Ariel copies queue independent triggers; resolving them draws the exact two top cards for a new-name item. A later matching-name copy draws nothing for either Ariel. Each Ariel quests for two with one distinct item name despite two matching items. Existing owner bounds and name-based removal/lore updates remain covered. CR 6.2.4 timing tests verify matching-name removal permits the later draw and matching-name entry suppresses it. Browser Player Two: two Ariels each draw for Photo and first Jukebox despite an opposing Jukebox; second own Jukebox queues two condition-not-met outcomes with no draw or lore increase. Break one own Jukebox preserves three lore; Break the last reduces lore to two; separate quests gain three plus two. Four draw identities stay private in opposing logs. Synthetic entry-trigger fixtures use the real Ariel to confirm both resolution-time name changes; removing the newly played item while an older match remains also correctly cancels the draw. Empty deck: two triggers finish without hand cards or stuck choices; both Ariels retain collection lore and quest for four before turn-end loss to Player Two. Basic paid entry and ordinary inkability are excluded as separate browser gates under the revised scope. No definition or engine repair needed. Proofs: /tmp/hyperia-ariel-player-two-owner-log.png; /tmp/hyperia-ariel-player-two-owner-log-bottom.png; /tmp/hyperia-ariel-player-two-public-log.png; /tmp/hyperia-ariel-duplicate-retained.png; /tmp/hyperia-ariel-name-removal-owner-log.png; /tmp/hyperia-ariel-name-removal-public-log.png; /tmp/hyperia-ariel-name-added-owner-log.png; /tmp/hyperia-ariel-name-added-public-log.png; /tmp/hyperia-ariel-empty-resolved.png; /tmp/hyperia-ariel-empty-owner-log.png; /tmp/hyperia-ariel-empty-public-log.png.
157,aqW,ci_aqW,Cinderella,Unintentional Icon,character,"[{""title"": ""Shift 5 {I}""}, {""title"": ""BESPOKE DESIGN"", ""description"": ""At the end of your turn, you may look at the top 2 cards of your deck. Put one on either the top or the bottom of your deck and the other into your inkwell facedown and exerted.""}]",src/cards/014/characters/157-cinderella-unintentional-icon.ts,src/cards/014/characters/157-cinderella-unintentional-icon.test.ts,reviewed; 21 tests pass; 151 assertions,browser verified; text-box abilities complete,"Shift tests cover five-ink payment; all four drying and exertion combinations; inherited damage; immediate three-lore quest only when dry and ready; failed four-ink payment preserves base and hand. Scry bottom test proves ordering beneath untouched card and exerted ink without ready-ink increase. Replaced cast-based empty-deck assertion with public winner and pending queries. Additional tests pass for top placement with untouched card; invalid below-top rejection and valid retry; exact duplicate deck and ink assignment. One-card keep-on-deck regression exposed unconditional ink minimum. Added destination looked-at threshold two; short-deck ink destination has zero min and max in pending prompt and rejects ink assignment; two-card split remains mandatory. Full engine 1277 pass; engine type checks pass. Focused engine prompt regression: 2 tests pass and 12 assertions. In-app browser one-card top choice resolves with ink capacity 0/0; deck remains one and ready ink remains 2/2; opponent log hides Photo identity. Simulator types pass with one existing warning. Normal seven-ink entry and drying restriction pass; ordinary inking passes without a trigger. Browser bottom choice also resolves with correct named controller log; deck one and ready ink 2/2 remain unchanged. Player-two end-turn test proves own deck and ink assignment; opponent submission rejection; and normal player-one start-turn draw with no effect on their ink. Card and simulator types pass. Two-card browser split passed: Photo top; Jukebox facedown exerted ink; deck 8 to 7; ready ink 2 and total 3; controller log names both destinations and exertion; opponent log hides both card names. Shift flow and player-two chooser were pending at this earlier stage. Final unit review adds invalid wrong-name and opposing-owner Shift rejection before payment; six-ink normal play rejection; mandatory one-card ink split after looking at two with exact invalid retry state preservation. Valid retry inks a noninkable card facedown exerted and it readies only on the next own turn. Replaced mock Shift identity with real Homespun Dressmaker preserving all four drying and exertion combinations and inherited two damage. Base twenty tests and one-hundred-twenty-two assertions pass; combined base and iconic forty-one tests and two-hundred-ninety assertions pass; card types pass. Corrected the empty-deck regression under CR 3.4.1.1–3.4.2: Bespoke Design queues before the final deck-loss check; declining completes it then owner loses. Combined base/iconic tests now 41 tests/296 assertions. Shared ability browser via Iconic empty fixture verifies accept and decline before loss without adding ink, with both public logs. Earlier Shift/player-two boundaries are completed by the final browser checks below. Final tests add Player Two independent copies: decline leaves exact deck and ink untouched; second accept uses only own looked-at cards, rejects the opposing chooser, inks the exact chosen instance facedown exerted and clears all pending effects. All four Shift state tests now assert the exact Homespun instance underneath and no inherited entry trigger. Final browser: Player Two shifts both real base Icons onto separate own damaged Homespun copies for five ink each; opposing Cinderella and wrong-name Fru Fru are excluded. Both preserve damage one/two, are dry and quest for three each. First Bespoke Design declined; second keeps Photo on bottom and puts noninkable Jukebox into facedown exerted ink. Mandatory ink split prevents confirmation with only deck assignments. Opponent and spectator views hide both looked-at identities and offer no arrangement control. Controller log names both destinations; opponent log hides the names while retaining exerted ink outcome. Separate base fixtures verify inherited exertion, drying and their combination, preserved damage, no legal quest action, four-ink Shift exclusion and valid five-ink payment. Both public views show named Shift/base logs. Prior one-card top/bottom, empty accept/decline and two-card top evidence retained. No definition or engine repair needed. Card types pass; simulator types zero errors/one existing warning. Proofs: /tmp/hyperia-cinderella-p2-shift-picker.png; /tmp/hyperia-cinderella-p2-shift-result.png; /tmp/hyperia-cinderella-p2-scry-owner.png; /tmp/hyperia-cinderella-p2-scry-opponent-hidden.png; /tmp/hyperia-cinderella-p2-scry-spectator-hidden.png; /tmp/hyperia-cinderella-p2-owner-log.png; /tmp/hyperia-cinderella-p2-public-log.png; /tmp/hyperia-cinderella-shift-inherited-states.png; /tmp/hyperia-cinderella-shift-quest-excluded.png; /tmp/hyperia-cinderella-shift-states-owner-log.png; /tmp/hyperia-cinderella-shift-states-public-log.png; /tmp/hyperia-cinderella-four-ink-no-shift.png; /tmp/hyperia-cinderella-shift-drying-exerted.png; /tmp/hyperia-cinderella-shift-payment-owner-log.png; /tmp/hyperia-cinderella-shift-payment-public-log.png."
158,07k,ci_07k,Baymax,Amped Up,character,"[{""title"": ""Shift Remove 2 ink drops (You may remove 2 ink drops to play this on top of one of your characters named Baymax.)""}, {""title"": ""Supercharge"", ""description"": ""If you would get an ink drop, you may put the top card of your deck into your inkwell facedown and exerted instead.""}]",src/cards/014/characters/158-baymax-amped-up.ts,src/cards/014/characters/158-baymax-amped-up.test.ts,reviewed; 18 tests pass; 124 assertions,browser verified; text-box abilities complete,"Fixed forced replacement and one-card limit; tested per-drop choice, empty deck fallback and both players. Browser logs show each choice and exerted inkwell entry. Shift browser check completed below. Final review replaces mock Baymax base with real Qualified Physician and adds all four inherited Shift states, exact underlying instance, damage, no ready-ink spend, one-drop failure with available ink, invalid own-name/opponent-owner atomic rejection, Player Two keep/replace with wrong-chooser rejection, exact noninkable top assignment and duplicate-source replacement once only. Browser Player Two: one drop offers no Shift despite eight ink; Khan Delivery gains the second drop; Shift removes exactly two drops and leaves six ready ink, excludes opposing and wrong-name bases, preserves two damage and dry quest for two with no inherited healing trigger. Higitus then replaces the final deck card with one facedown exerted ink and gains the remaining two drops normally, with no stuck choices. Separate Shift fixture retains exertion/drying and two damage, removes four drops for two Shifts and leaves all seven ready ink unchanged; only Fru Fru can quest. Two Baymax sources offer one replacement and add exactly one ink card; keeping gives one drop without a second choice or deck movement. Corrected a confirmed blind-ink privacy defect: Supercharge previously named an unseen top card in the controller log despite no look permission. Private ink events now retain explicit identity audience and destination owner; blind deck-to-ink names appear in no logs, and private bag targets are suppressed even with an empty identity audience. Scry look assignments retain owner-visible names. Two real-card simulator regressions failed before and pass after for both seats, with masked snapshots and hidden identities across all logs. Mock factory regression also verifies blind targets hidden and correct destination owner. Browser retest confirms controller and opponent logs omit Photo while retaining drop counts and exerted ink. Engine1352 tests/4018 assertions, engine/card types pass; simulator16 focused tests/63 assertions, types zero errors/one existing warning. Proofs: /tmp/hyperia-baymax-one-drop-no-shift.png; /tmp/hyperia-baymax-p2-shift-picker.png; /tmp/hyperia-baymax-p2-replacement-owner.png; /tmp/hyperia-baymax-p2-replacement-wrong-view.png; /tmp/hyperia-baymax-p2-owner-log.png; /tmp/hyperia-baymax-p2-public-log.png; /tmp/hyperia-baymax-shift-inherited-states.png; /tmp/hyperia-baymax-shift-states-owner-log.png; /tmp/hyperia-baymax-shift-states-public-log.png; /tmp/hyperia-baymax-two-sources-replace-owner-log.png; /tmp/hyperia-baymax-two-sources-replace-public-log.png; /tmp/hyperia-baymax-two-sources-keep-owner-log.png; /tmp/hyperia-baymax-two-sources-keep-public-log.png."
159,TcQ,ci_TcQ,Bellwether,Highly Qualified,character,"[{""title"": ""Clever Plan"", ""description"": ""When you play this character, you may put chosen opposing character with cost 2 or less into their player's inkwell facedown and exerted.""}]",src/cards/014/characters/159-bellwether-highly-qualified.ts,src/cards/014/characters/159-bellwether-highly-qualified.test.ts,reviewed; 11 tests pass; 82 assertions,verified; legal opposing cost boundaries; Ward; optional accept/decline; player-two chooser; exact duplicates; independent entries; no legal target; both logs,"Repaired false-green cost rejection test that never played Bellwether; now proves live trigger; rejects cost three; permits valid cost-two retry. Positive test proves opposing ownership; facedown and exerted entry; no ready ink gain; four-ink payment. Decline preserves target and ink. Live-trigger tests also reject friendly characters; opposing items; and cost-two Ward characters without moving them; valid retry succeeds. Failed payment keeps hand; ink and empty bag; ordinary inking rejects noninkable Bellwether. Player-two test proves chooser ownership and exact duplicate opposing instance movement into player-one ink; untouched duplicate remains in play; ready ink unchanged. With no legal opposing target; play completes without pending or bag prompt. Added browser fixture with friendly; expensive; item and legal opposing targets. In-app browser paid four ink; chooser offers only opposing Fru Fru and Duchess; excludes friendly Fru Fru and opposing expensive Ariel and item Jukebox. Accepted Duchess enters opponent ink; ready two remains two and total becomes three; both player views retain public target and exerted-entry log. Browser decline also passes: target board and opposing 2/2 ink unchanged; controller paid four; log records choosing no. Added cost-zero/one non-inkable targets, atomic multiple/duplicate rejection and exact retry, and independent entry triggers. Player Two browser offers only the two opposing Fru Fru copies, excluding cost-two Ward Aladdin, cost-three Baymax, item Jukebox and friendly Fru Fru. First acceptance moves the selected second duplicate; opposing ready ink remains two and total becomes three. Second entry declines with board and ink unchanged; third accepts the remaining copy, giving opposing two ready of four total ink. Each entry queues one effect, earlier copies do not retrigger, and the other viewer cannot choose. With only Ward, cost-three character and item opposing, play completes automatically with no stuck prompt or fabricated ink outcome. Both logs name Clever Plan, public target and exerted ink, or choosing no. No runtime repair needed. Proof /tmp/hyperia-bellwether-p2-ward-picker.png; /tmp/hyperia-bellwether-p2-wrong-chooser.png; /tmp/hyperia-bellwether-p2-decline.png; /tmp/hyperia-bellwether-p2-owner-log.png; /tmp/hyperia-bellwether-p2-public-log.png; /tmp/hyperia-bellwether-no-target-owner-log.png; /tmp/hyperia-bellwether-no-target-public-log.png. Card types pass; simulator types zero errors and one existing warning; full Hyperia 2825 tests/20435 assertions."
160,OBX,ci_OBX,Clarabelle,Out for a Stroll,character,"[{""title"": ""Improve the View"", ""description"": ""When you play this character, you may banish chosen item. If you do, its player puts the top card of their deck into their inkwell facedown and exerted.""}]",src/cards/014/characters/160-clarabelle-out-for-a-stroll.ts,src/cards/014/characters/160-clarabelle-out-for-a-stroll.test.ts,reviewed; 11 tests pass; 91 assertions,verified printed ability flows and reviewed boundaries,Replaced private raw-state assertions with public zone queries. Distinct two-card deck proves exact top card enters opponent ink facedown and exerted; bottom remains; ready ink unchanged; six-ink payment. Decline preserves exact deck and item. Friendly item test proves own top card and owner ink; opponent unchanged. Empty opponent deck still permits item banish with no ink addition or immediate game loss. Character target rejects without deck change; item retry succeeds. Failed five-ink payment preserves hand; ink and bag. Ordinary inking succeeds without removal trigger. Player-two control and exact duplicate item removal pass; only controller can choose; item owner gets top-deck ink and unchanged ready count. No-item optional acceptance resolves without target or deck change. Browser accepts opposing Jukebox removal; opponent deck seven to six; discard one; ready ink two remains two and total three. Owner log names Photo and exerted ink entry; controller log hides Photo but omits any public ink-entry notice. Repaired public ink notice in log factory; regression prevents private identity leak; full engine 1280 pass; engine and simulator types pass. Browser now shows generic facedown exerted ink entry to controller; owner retains Photo detail. Adjusted English player-label grammar after browser showed possessive YOU. Final wording checked in both views. Own-item browser acceptance passes: Photo discard; own Carl top-deck ink facedown exerted; own deck seven to six and ink zero of seven; opposing deck seven and ink two of two unchanged. Controller sees Carl detail; opponent sees generic exerted notice without Carl identity. Decline browser also passes: both items remain; both decks seven; opposing ink two of two; controller paid six with no new ink; log choosing no. Remaining: reversed chooser and no-item browser boundaries. Unit review complete after full definition and active test inspection. Noninkable top card enters private exerted ink; ready count stays two before owner turn and becomes three next owner turn with identity still hidden. Fresh Clarabelle cannot quest; next own turn quest gains two with no extra trigger. Hand and discard item targets reject without payment repetition or deck mutation; valid played-item retry resolves. Browser boundaries remain as recorded. Remaining reversed-controller and no-item browser cases now verified. No-item paid play reduces bank six to zero; accepting effect leaves both six-card decks and ink totals unchanged and restores Pass Turn without a stuck target prompt. Player-two fixture: paid play bank six to zero; optional selector offers only opposing Jukebox; selecting it banishes that item and puts player-one top A Dark Age No More into private exerted ink. Player-one deck seven to six and ink two of two to two of three; player-two deck remains five after normal turn draw. Controller log names ability and banished item but hides private ink identity; ink owner log names the exact top card. Proof: /tmp/hyperia-clarabelle-no-items.png; /tmp/hyperia-clarabelle-player-two-controller.png; /tmp/hyperia-clarabelle-player-two-ink-owner.png. Simulator types pass with zero errors and one existing warning.
161,gXx,ci_gXx,Doug,Lying in Wait,character,"""Ward""",src/cards/014/characters/161-doug-lying-in-wait.ts,src/cards/014/characters/161-doug-lying-in-wait.test.ts,reviewed; 10 tests pass; 49 assertions,verified; opposing chosen protection; friendly chosen effects; nonchosen damage in both seats; legal challenge; both logs,"Added public action Ward checks: opposing targeted damage rejects without ink payment or hand loss; valid unwarded retry banishes ally; Doug remains undamaged. Controller can target own Doug for three damage. Challenge remains legal; now asserts pass action success. Normal four-ink entry retains Ward and drying quest restriction; failed three-ink payment preserves hand and ink; ordinary inking adds one ready ink. Added Dragon Fire target and exerted Doug challenge browser fixture. Browser Dragon Fire offers own Doug and both Carls; excludes opposing Doug. Own Doug selection succeeds; five-ink payment and banish logged; opposing Doug remains. Browser own Doug legally challenges opposing exerted Ward Doug; both take three damage; attacker exerts; public log shows challenge and both damage results. Nonchosen all-opposing damage affects Doug despite Ward. Player-two reversal uses exact own and opposing Doug IDs; opponent targeting rejects without payment; own targeting succeeds for three damage; opposing Doug remains undamaged. Completed reversed-seat all-opposing damage unit coverage with exact own/opposing IDs, friendly damage zero and paid ink. Strengthened invalid chosen-target atomicity. Player Two browser Dragon Fire picker offers own Doug and both Carls only, excluding both opposing Ward Dougs. Own Doug banishment pays five ink; opposing copies remain. Grab Your Sword then pays five and deals exactly two damage to both opposing Dougs and Carl without a choice, leaving friendly Carl undamaged. Both Doug Ward badges remain; all effects complete with no pending choice. Both logs show named banishment and three actual two-damage outcomes. No runtime repair needed. Proof /tmp/hyperia-doug-p2-target-picker.png; /tmp/hyperia-doug-p2-nonchosen-damage.png; /tmp/hyperia-doug-p2-owner-log.png; /tmp/hyperia-doug-p2-public-log.png. Card types pass; simulator types zero errors/one existing warning; full Hyperia2826 tests/20446 assertions."
162,DSF,ci_DSF,A Dark Age No More,,action,"""Put the top card of your deck into your inkwell facedown and exerted. Get 1 ink drop. (You may remove an ink drop to pay 1 {I}.)""",src/cards/014/actions/162-a-dark-age-no-more.ts,src/cards/014/actions/162-a-dark-age-no-more.test.ts,reviewed; 8 tests pass; 48 assertions,verified; exact non-inkable top facedown exerted ink; reversed ownership; blind identity privacy; empty deck; drop gain/payment; both logs,"Repaired persistence test that ignored turn-end failures with an emptied one-card deck; now both passes succeed and game remains active. Exact two-card deck proves top inking; bottom stays; new ink does not add ready ink; one ink drop gained. Empty-deck play still gains drop without ink card or immediate loss. Noninkable action rejects ordinary inking. Gained drop pays one-cost character through explicit drop payment; zero ready ink stays zero and newly inked card remains exerted. Player-two test moves exact duplicate top instance; untouched duplicate remains; only player-two drop gained; opposing deck and ready ink unchanged. Browser paid three; exact Photo top-deck ink; ready zero total four; drop gain logged. Selected ink-drop payment checkbox and played Fru Fru with the one gained drop; public removal log and zero ready ink verified. Opponent browser view hides Photo identity and retains generic facedown exerted ink entry; public drop gain and removal both visible. Strengthened unit assertions for non-inkable top card, reversed-seat exertion and empty-deck discard/payment/deck state. Added real-card simulator privacy regression in both seats: ink snapshots masked for both players and spectator, all logs omit unseen ink ID. Player Two browser draws Jukebox then inks unseen Photo to own zero-ready/four-total bank and gains own one drop, leaving opposing bank two and deck six unchanged. Both logs show only generic facedown exerted ink and drop gain; Photo name hidden from controller too. Explicit drop payment plays Fru Fru and consumes one drop with ready bank still zero. Empty-deck browser action spends three to zero-ready/three-total, creates no ink card, gains one drop and remains active; gained drop pays Fru Fru. Both logs show gain/removal without fabricated ink outcome. No runtime repair needed; prior shared privacy repair handles this action. Proof /tmp/hyperia-dark-age-p2-owner-blind-log.png; /tmp/hyperia-dark-age-p2-owner-paid-log.png; /tmp/hyperia-dark-age-p2-public-log.png; /tmp/hyperia-dark-age-empty-owner-log.png; /tmp/hyperia-dark-age-empty-public-log.png. Privacy suites4 tests/40 assertions; card types pass; simulator types zero errors/one existing warning; full Hyperia2826 tests/20450 assertions."
163,UNK,ci_UNK,Everything Else Is Obsolete,,action,"""Look at the top 3 cards of your deck. Put one into your inkwell facedown and exerted, one on the top of your deck, and one on the bottom of your deck.""",src/cards/014/actions/163-everything-else-is-obsolete.ts,src/cards/014/actions/163-everything-else-is-obsolete.test.ts,reviewed; 16 tests pass; 88 assertions,verified printed flows and reviewed boundaries,"CR 6.1.2 orders written effects and 1.2.3 requires as much as possible. Normal pending-prompt flow accepts one-card ink-only and two-card ink/top; rejects one-card deck-top assignment skipping ink. Tests use real prompt flow and exact final zones. Direct destination validation gap repaired before payment for direct scry actions. Mandatory ink skip and untouched below-top input reject with no charge; valid direct retry passes. Added card thresholds: deck-top requires two looked-at cards; deck-bottom requires three. Valid one/two-card direct resolutions now pass. Full engine 1281 pass before two added focused positive/retry tests; focused engine 3 pass and 13 assertions. Existing full three-card split and payment tests pass. Dry cost-three singer exerts for song with zero ink. One-card pending payload proves zero min/max deck-top and bottom; ink assignment resolves. Duplicate instance double assignment rejects; valid retry routes three exact IDs. Drying and exerted singers reject without changing hand or deck. Player two assigns exact own deck instances; opponent submission rejects and opponent deck and available ink stay unchanged. Below-cost singer rejects without exerting. Ordinary inking preserves the deck and creates ready ink. Empty-deck play pays once, adds no ink, and creates no immediate winner. Four-card deck test proves only the top three move and untouched middle is preserved. Full, one-card and two-card simulator fixtures added. Browser full split: Jukebox ink facedown/exerted, Photo top, Duchess bottom; deck nine to eight and ready ink zero of four. Opponent log masks all destination names and shows generic exerted ink notice. One-card song with Carl exerts singer, inks Photo and keeps ready ink three of four; deck destinations zero capacity. Two-card paid flow inks Jukebox, keeps Photo on top, bottom capacity zero; deck two to one and ink zero of four. Owner logs name exact destinations. Proof: /tmp/hyperia-obsolete-full-owner.png; /tmp/hyperia-obsolete-full-opponent.png; /tmp/hyperia-obsolete-short-song.png; /tmp/hyperia-obsolete-pair.png. Unit review complete: noninkable ink remains private and exerted through the opposing turn, then readies on its owner turn; kept top card is drawn next and bottom remains. Unseen fourth-card pending submission rejects without deck, ink or prompt mutation; valid retry succeeds. Nested and dynamic scry validation are separate shared-engine boundaries, not used by this direct fixed-amount effect. Remaining browser: player-two and empty-deck flows; short-deck opponent logs. Paid one-card browser flow now verified separately from earlier singing: bank three to zero; destination counts require ink 1/1 with top and bottom 0/0; Photo enters face-down exerted ink; deck one to zero and total ink three to four with ready ink zero. Opponent log masks Photo while preserving the public exerted-ink notice. Two-card paid flow confirmed with Jukebox ink and Photo top: bottom capacity 0/0; deck two to one; ink zero of four. Owner log names both destinations; opponent log masks both Jukebox and Photo and retains generic ordering and exerted-ink entry. Short-deck opponent log boundary is now closed; player-two and initially empty-deck browser flows remain. Proof: /tmp/hyperia-obsolete-one-paid-owner.png; /tmp/hyperia-obsolete-one-paid-private.png; /tmp/hyperia-obsolete-two-owner.png; /tmp/hyperia-obsolete-two-private.png. Remaining empty-deck and player-two browser flows now verified. Initially empty deck: paid three to zero of three; action goes to discard; no ink added and no scry picker or stuck pending effect. Player two passes normal turn draw from four to three cards then pays three: authorized chooser sees Photo/Jukebox/Duchess. Player-one view has no arranging overlay or private revealed identities; return to player-two view permits reopening Arrange cards. Exact split Jukebox ink; Duchess top; Photo bottom resolves deck three to two and ink zero of three to zero of four. Player-one deck six and ready ink two of two stay unchanged. Owner log names all three destinations; opponent log masks all names and retains generic exerted ink placement. Proof: /tmp/hyperia-obsolete-empty-paid.png; /tmp/hyperia-obsolete-player-two-owner.png; /tmp/hyperia-obsolete-player-two-private.png. Simulator types pass with zero errors and one existing warning."
164,7qV,ci_7qV,Intense Research,,action,"""Look at the top 2 cards of your deck, then put one into your hand and the rest on the bottom of your deck in any order. If you removed an ink drop to play this action, look at the top 5 cards of your deck instead.""",src/cards/014/actions/164-intense-research.ts,src/cards/014/actions/164-intense-research.test.ts,reviewed; 20 tests pass; 134 assertions,verified printed ability flows and reviewed boundaries,"Confirmed authoring defect: both hand destinations permitted zero cards despite mandatory printed take-one clause. Regression failed in ordinary and ink-drop pending flows; changed both min values to one. Invalid skip rejects and valid retry succeeds. Added one-card and empty-deck cases for both payments, unspent-drop top-two boundary, exact four-card remainder ordering with untouched deck preserved. Player-two prompt ownership and exact deck instances pass; only its ink and drop pay. Ordinary inking adds ready ink without deck changes. Replaced ignored invalid-command test with rejected pending selection and valid retry. Added two/five-card browser fixture. Browser ordinary payment with held unused drop looks only at Photo/Jukebox; Confirm disabled without mandatory hand assignment. Photo taken, Jukebox bottom; deck eleven to ten, ready ink zero of two, drop remains one. Upgraded payment spends one ink and one drop, looks at five, takes deeper Carl, bottoms four, leaves ready ink one of two. Both opponent logs hide all private destination names; drop removal remains public. Proof: /tmp/hyperia-research-ordinary.png; /tmp/hyperia-research-ordinary-opponent.png; /tmp/hyperia-research-upgraded.png; /tmp/hyperia-research-upgraded-opponent.png. Confirmed chooser defect: unassigned remainder display was forward while assigned display reversed; arrow direction failed at initial boundary. Fixed unassigned ordered remainder display to match assigned reversal. Browser right swaps Photo/Jukebox, left restores, second right persists in resolved log: Ariel, Duchess, Photo, Jukebox. Proof: /tmp/hyperia-research-reorder-fixed.png. Confirmed shared-engine direct-choice defect repaired: validation now evaluates the active nested conditional branch with the effective held ink-drop payment before paying. Ordinary and upgraded direct mandatory-hand skips reject with hand, exact deck, ready ink and drops unchanged; valid retries pay once. Two-drop-only payment also looks at exactly five, rejects unseen sixth card without payment and preserves untouched deck on valid retry. Engine regressions cover both held and spent drops with nested conditionals; full engine 1318 pass, zero failures (2 skip, 52 todo). Unit review complete. Remaining browser: short and empty deck flows; player-two chooser and privacy. Duplicate-instance checks pass for ordinary and ink-drop payments: repeated ID rejects with exact deck unchanged, no hand gain and prompt preserved; separate exact copies resolve without a second payment. Initially empty deck now browser-verified for both payment methods. Ordinary two-ink payment reduces ready ink two to zero of two; action enters discard; hand and deck remain zero; no scry choice appears. One ready ink plus one armed drop pays the upgraded play; bank one to zero of one; drop removed; action enters discard with no impossible mandatory hand prompt. Named play log publicly reports removal of one ink drop. Remaining browser: one-card short-deck flows and player-two choice/privacy. Proof: /tmp/hyperia-research-empty-ordinary.png; /tmp/hyperia-research-empty-drop.png. Simulator types pass with zero errors and one existing warning. One-card decks now browser-verified with ordinary two-ink and one-ink/one-drop payments. Confirm starts disabled at hand zero of one and becomes enabled only after Photo is assigned to hand; remainder zero is accepted. Each resolves to hand one and deck zero with Research in discard; ordinary bank zero of two and upgraded bank zero of one with drop removed. Owner logs name Photo; opponent logs hide the destination identity and opponent hand stays face down. Remaining browser: player-two chooser and privacy. Proof: /tmp/hyperia-research-one-ordinary-owner.png; /tmp/hyperia-research-one-ordinary-private.png; /tmp/hyperia-research-one-drop-owner.png; /tmp/hyperia-research-one-drop-private.png. Simulator types pass with zero errors and one existing warning. Player-two upgraded chooser now browser-verified. After its normal draw leaves five cards and hand two, one ink plus one drop pays Research; bank zero of one and hand one while arranging. Only player two sees five cards and mandatory hand choice; player-one projection has spectator role and no scry surface or private names. Reopened owner chooser takes deeper Duchess, reorders four bottom cards with an arrow, and resolves to hand two and deck four. Owner log records Duchess to hand and bottom order Jukebox then Photo then Fru Fru then Photo; opponent log gives generic ordering and public drop removal only. Player-one deck six and bank two of two remain unchanged. Short and empty decks plus primary two/five-card payments, ordering and both ownership directions are verified. Proof: /tmp/hyperia-research-player-two-nonchooser.png; /tmp/hyperia-research-player-two-owner.png; /tmp/hyperia-research-player-two-private.png. Simulator types pass with zero errors and one existing warning."
165,PdU,ci_PdU,Scram!,,action,"""Put chosen opposing character with cost 2 or less into their player's inkwell facedown and exerted.""",src/cards/014/actions/165-scram.ts,src/cards/014/actions/165-scram.test.ts,reviewed; 12 tests pass; 89 assertions,verified; cost-zero/one non-inkable targets and cost-two acceptance; opposing ownership; Ward; exact duplicates; no target; exerted entry and next-turn ready; both logs,"Reviewed printed opposing-character cost boundary and facedown/exerted owner ink placement. Added exact payment and unchanged target-player ready ink, Ward and item rejection before payment with valid retry, insufficient payment, ordinary inking without effect, player-two exact duplicate instance ownership, and no-legal-target resolution. Added simulator target-selector fixture. Browser selector lists only opposing Fru Fru and Duchess, excludes friendly Fru Fru, opposing Ariel and Jukebox. Duchess selected: payer ready ink one to zero; target-player ready ink stays two while total increases two to three. Duchess leaves play and public exerted ink-placement log appears for both viewers. Proof: /tmp/hyperia-scram-controller.png; /tmp/hyperia-scram-opponent.png. Completed Player Two browser: only two opposing cost-two Priya copies are offered, excluding opposing Ward Aladdin, cost-three Baymax, Jukebox and own Priya. Exact second duplicate then remaining duplicate enter player-one ink; ready ink stays two while totals grow three then four. Third Scram pays one and completes with no legal target, no new ink and no stuck prompt. Both logs show two named exerted-ink outcomes and a plain third play with no fabricated movement. After passing, opposing owner ready ink becomes four. Proof /tmp/hyperia-scram-p2-ward-picker.png; /tmp/hyperia-scram-p2-first-duplicate.png; /tmp/hyperia-scram-p2-owner-log.png; /tmp/hyperia-scram-p2-public-log.png. Added cost-one non-inkable case alongside zero and atomic multiple/repeated target rejection followed by exact duplicate retry. No runtime repair needed. Card types pass; simulator types zero errors/one existing warning; full Hyperia2828 tests/20477 assertions. Final unit review adds exact zero-cost noninkable opposing target movement into facedown exerted ink; available opposing ink stays two until its next turn then readies three while identity stays facedown. Own and over-cost target failures now preserve paid resources and action hand explicitly. Historical suite: ten tests and sixty-two assertions. Current reviewed suite: twelve tests and eighty-nine assertions. Card types pass."
166,FkS,ci_FkS,Blinding Chem Ball,,item,"[{""title"": ""Destabilize"", ""description"": ""{E}, 2 {I} — Banish this item.""}, {""title"": ""Brilliant Burst"", ""description"": ""During your turn, when this item is banished, you may get 1 ink drop. If you do, chosen character gets -2 {S} this turn. (You may remove an ink drop to pay 1 {I}.)""}]",src/cards/014/items/166-blinding-chem-ball.ts,src/cards/014/items/166-blinding-chem-ball.test.ts,reviewed; 17 tests pass; 98 assertions,verified; self/external banishment; own/opposing turn; reversed chooser; Ward; exact duplicates; no characters; drop payment/persistence; strength expiry; both logs,"Added exact activation payment with one ready ink left, penalty expiration at turn end with persistent ink drop, and exerted-item activation rejection without payment. Existing accept, decline and insufficient-ink tests pass. Other-card banishment on own turn triggers; opponent-turn banishment has no drop or penalty. Player two gains its own drop and reduces opposing exact target strength. Accepting with no character still gains drop and leaves no pending choice. Opposing Ward target rejects before drop gain; friendly Ward accepts and only friendly strength changes. Duplicate instances: only exact selected ID gets penalty. Normal entry pays one without drop; ordinary inking adds ready ink without trigger. Added browser fixture with opposing Ward exclusion, optional accept/decline and duration. Browser activation banishes item, spends two leaving one ready ink. Accept grants one drop; target list excludes opposing Doug Ward and includes friendly Doug plus opposing Carl. Carl strength five to three; pass turn restores strength five and drop persists. Destabilize activation/banishment/exertion and Brilliant Burst drop gain logs show correct names. Confirmed defect: follow-up target prompt says Destabilize instead of Brilliant Burst. Cause: cloneTriggeredEventCandidate dropped abilityIndex when snapshotting banished trigger sources. Preserved index; new pending-payload regression proves Brilliant Burst index one. Full engine passes 1283 tests, two skip, 53 todo, zero failures; 3606 assertions. Browser recheck passes: inline target guidance and target dialog both say Blinding Chem Ball: Brilliant Burst and display the correct triggered text. Proof: /tmp/hyperia-chem-ball-prompt-fixed.png. Proof: /tmp/hyperia-chem-ball-accepted.png; /tmp/hyperia-chem-ball-duration.png. Browser decline after two-ink activation leaves one ready ink, no drop and no penalty. Both views show Destabilize activation, banishment/exertion and choosing-no log. Proof: /tmp/hyperia-chem-ball-declined.png; /tmp/hyperia-chem-ball-declined-opponent.png. Completed Player Two browser with two Chem Balls: exact self-banishment queues one controller-only Brilliant Burst; opposing Ward Doug excluded and friendly Ward Doug legal. Selected one of two opposing Carls gets strength five to three, other remains five. Break pays two to banish remaining own copy, triggering one separate Burst; friendly Ward Doug strength three to one, own drops total two. One drop pays Fru Fru; other persists after turn end while both penalties expire. Both logs name Destabilize, Brilliant Burst, actual targets, gains and payment. Opposing-turn Break banishes Player Two item with no Burst, drop or penalty; both views have empty bag/pending/effect lists. No-character acceptance still gains a usable drop and completes. Found and fixed misleading cancellation log despite successful earlier drop gain: track any performed instruction separately from full-ability success and suppress whole-ability no-target cancellation when an earlier instruction succeeded. Mock regression fails before/pass after; no-effect negative remains without a false completed log. Both final no-character logs now say Resolved Brilliant Burst and actual drop gain, with no fabricated strength outcome. Proof /tmp/hyperia-chem-ball-p2-wrong-chooser.png; /tmp/hyperia-chem-ball-p2-target-picker.png; /tmp/hyperia-chem-ball-p2-two-penalties.png; /tmp/hyperia-chem-ball-p2-owner-log.png; /tmp/hyperia-chem-ball-p2-public-log.png; /tmp/hyperia-chem-ball-p2-expired-drop.png; /tmp/hyperia-chem-ball-opposing-turn-owner-log.png; /tmp/hyperia-chem-ball-opposing-turn-public-log.png; /tmp/hyperia-chem-ball-no-characters-owner-log.png; /tmp/hyperia-chem-ball-no-characters-public-log.png. Strengthened Player Two wrong-chooser rejection, expiry and external exact-copy trigger coverage. Full engine1354 tests/4028 assertions, two skip/51 TODO; engine/card types pass; simulator types zero errors/one existing warning; full Hyperia2829 tests/20492 assertions. Final unit review verifies gained drop pays for a one-cost public play with zero ready ink; drop balance returns to zero while chosen strength remains reduced by two. Historical suite: sixteen tests and eighty-three assertions. Current suite: seventeen tests and ninety-eight assertions. Existing tests cover self and external banishment own versus opposing turn optional decline no-character completion Ward target boundaries exact selected duplicate duration and normal play and inking. Card types pass."
167,oxw,ci_oxw,Prototype Chem Ball,,item,"[{""title"": ""Destabilize"", ""description"": ""{E}, 2 {I} — Banish this item.""}, {""title"": ""Enigma Burst"", ""description"": ""During your turn, when this item is banished, you may get 1 ink drop. If you do, chosen character of yours gains Resist +1 until the start of your next turn. (Damage dealt to them is reduced by 1. You may remove an ink drop to pay 1 {I}.)""}]",src/cards/014/items/167-prototype-chem-ball.ts,src/cards/014/items/167-prototype-chem-ball.test.ts,reviewed; 16 tests pass; 98 assertions,verified; self/external banishment; turn ownership; player-two chooser; accept/decline; own duplicate target; stacked Resist and actual damage; expiry; no friendly target; drop payment; both logs,"Existing accept/decline challenge damage and next-turn expiration pass. Replaced manual exertion with successful public quest before the second challenge. Added opposing target rejection before drop gain with friendly valid retry, exact payment leaving one ready ink, no-friendly-character acceptance still gaining a drop, and exerted activation rejection. Added other-card own-turn banish trigger, opponent-turn no-trigger, exact duplicate player-two selection and drop ownership. Granted Resist stacks with printed Resist to two and reduces three action damage to one. Normal play and ordinary inking do not trigger drop or Resist. Added simulator challenge and next-turn fixture. Browser Destabilize spends two of three ink and banishes item. Accept grants drop, Enigma Burst prompt correctly named; selector lists only friendly Carl. Resist +1 badge persists during opponent turn. Doug strength three challenges Carl and deals two damage, public opponent log confirms reduction; Carl deals five and banishes Doug. Start of owner next turn removes Resist badge. Proof: /tmp/hyperia-prototype-resist.png; /tmp/hyperia-prototype-challenge.png; /tmp/hyperia-prototype-expired.png. Completed Player Two browser: self-banish one exact copy and Break another, each queues one controller-only Enigma Burst. Only own two Carls and friendly Ward Doug appear; opposing characters excluded. Two accepted effects on one selected Carl stack to Resist two, other copy unaffected, own drops total two. Third self-banishment declines without extra drop or Resist. One drop pays Fru Fru, one remains. Quest selected Carl as damage setup; opposing Doug strength three deals exactly one damage while Carl deals five and banishes Doug. At next Player Two start both Resist grants disappear, damage one and unspent drop remain. Both logs name source, Enigma Burst, grants, decline, drop gain/payment and actual damage. Opposing-turn Break has no Burst, drop, Resist or pending choice. With only an opposing character, accepted Burst completes and grants a usable drop without opposing Resist or stuck target prompt; both logs say resolved and show drop gain only. No new runtime repair needed; prior partial-sequence log repair applies. Added wrong-chooser unit rejection and separate exact-copy external triggers stacking Resist once per copy. Proof /tmp/hyperia-prototype-p2-wrong-chooser.png; /tmp/hyperia-prototype-p2-picker.png; /tmp/hyperia-prototype-p2-stack-decline.png; /tmp/hyperia-prototype-p2-owner-log.png; /tmp/hyperia-prototype-p2-public-damage-log.png; /tmp/hyperia-prototype-p2-expiry.png; /tmp/hyperia-prototype-opposing-turn-owner-log.png; /tmp/hyperia-prototype-opposing-turn-public-log.png; /tmp/hyperia-prototype-no-friendly-owner-log.png; /tmp/hyperia-prototype-no-friendly-public-log.png. Card types pass; simulator types zero errors/one existing warning; full Hyperia2830 tests/20505 assertions. Final unit review verifies gained drop pays for a one-cost public play with zero ready ink and no remaining drops while chosen Resist one remains. Historical suite: fifteen tests and eighty-five assertions. Current suite: sixteen tests and ninety-eight assertions. Existing tests cover self and external banishment turn ownership no-character completion optional decline exact selected duplicate opposing-target rejection Resist stacking action and challenge damage expiry and normal play and inking. Card types pass."
168,PsC,ci_PsC,Spyglass Hat,,item,"[{""title"": ""HAT COUTURE"", ""description"": ""Whenever you play this or another item, if the item you played has a different name than each other item you have in play, you may put a card from your hand into your inkwell facedown and exerted.""}]",src/cards/014/items/168-spyglass-hat.ts,src/cards/014/items/168-spyglass-hat.test.ts,reviewed; 15 tests pass; 98 assertions,verified printed flows and reviewed boundaries,"Confirmed authoring defect: generic item observer omitted explicit self-entry trigger despite this-or-another text. Added separate SELF branch using existing Fred pattern; first-entry regression now inks noninkable hand card facedown/exerted with no ready-ink gain. Added decline, same-name non-Hat own item exclusion, opponent same-name item not blocking; strengthened other-item positive faceDown/exerted/payment assertions and removed raw ink-drop state access. Second real Hat false-condition bag drains without inking or ink increase. Player-two exact duplicate hand selection inks only chosen ID facedown/exerted; opponent cannot choose and its ink is unchanged. Normal inking does not trigger Hat Couture. Added self-entry and noninkable private-ink browser fixture. Browser self-entry verified: paid 3 ink; HAT COUTURE prompted either own hand card including noninkable A Dark Age No More; selected card moved facedown and exerted, hand 2 to 1, ready ink stayed 2 while total ink increased 5 to 6. Owner log names the selected card; opponent log shows only facedown ink placement with no private card name. Proof /tmp/hyperia-spyglass-accepted.png and /tmp/hyperia-spyglass-opponent.png. Browser decline verified: hand stays 2 and ink stays 2/5; log records choosing no. Playing Jukebox afterward triggers Hat once; remaining noninkable hand card inks exerted, hand 1 to 0 and ink 0/5 to 0/6. Proof /tmp/hyperia-spyglass-declined.png and /tmp/hyperia-spyglass-other-item.png. Other-item target dialog omits HAT COUTURE name although guidance and result log include it; Engine regression confirms pending abilityIndex 1 is preserved correctly (10 tests / 50 assertions). Simulator resolution-copy.ts indexes printed textEntries by engine abilityIndex; the two engine branches share one printed text entry. Repair requires explicit engine-branch to printed-text mapping, preserving localization and granted ability boundaries. Fixed simulator mapping: abilityTextEntries maps named engine branches to localized printed entries while textEntries stays unduplicated. Focused simulator projection/copy tests: 35 pass / 67 assertions; simulator type check 0 errors / 1 existing warning. Browser confirms other-item target dialog and inline guidance now show Spyglass Hat: HAT COUTURE and printed description. Completed effect keeps ink 0/6; opponent log hides selected hand identity and records generic exerted ink placement. Proof /tmp/hyperia-spyglass-prompt-fixed.png and /tmp/hyperia-spyglass-other-item-opponent.png. Separate simulator rules suite discovered section-06-01 test 6.1.4 optional continuation failure (249 pass / 1 fail); investigate independently. Added empty-hand regression: play pays 3, no pending target effect remains, no ink added, public passTurn succeeds. Added two-Hat regression: uniquely named new item triggers both copies; each exact source resolves separately and inks its exact selected hand ID facedown/exerted, total ink 2 to 4 with ready ink 0. Spyglass tests 12 pass / 66 assertions; card type check passed. Added empty-hand and two-Hat fixtures; simulator types 0 errors / 1 existing warning. Empty-hand browser verified: sole Hat paid 3, hand 0, ink 0/3, no target prompt; log explicitly says HAT COUTURE skipped for no valid targets. Pass Turn confirmed and opponent priority advanced. Proof /tmp/hyperia-spyglass-empty.png. Two-Hat browser verified: Jukebox paid 2 and created EFFECTS 2; first Hat inked A Dark Age No More with ink 0/3 and one effect remaining; second target list contained only remaining Intense Research; second Hat inked it, hand 0 and ink 0/4, both named HAT COUTURE public/private result logs present and no pending effect remains. Proof /tmp/hyperia-spyglass-pair.png. Two-Hat opponent view verified: both HAT COUTURE result logs show generic exerted facedown ink placement and neither selected hand name. Proof /tmp/hyperia-spyglass-pair-opponent.png. Added failed-payment and character/opponent item entry exclusion regressions. Browser duplicate Jukebox cancels without hand inking. Duplicate real Hat exposed an invalid hand picker before its false condition was evaluated; projection now checks the ability condition against source and event payload before exposing selectionContext. Regression confirms both false-condition Hat branches have no picker while a valid other-item branch retains its picker. Browser retest pays three; both false branches drain with named cancellation logs and no hand picker; hand stays three and ink stays 3/6. Proof hyperia-spyglass-duplicate-prompt-fixed.png. Full engine suite 1316 pass / 2 skip / 52 todo / zero failures; full Hyperia suite 2588 pass / 17710 assertions. Player-two browser self-entry pays three from five; own hand picker includes noninkable A Dark Age No More and excludes the other player hand. Selected card enters facedown exerted ink; hand three to two and ink 2/5 to 2/6. Owner log names the card; player-one log hides it. Playing Jukebox pays the remaining two and the other-item branch retains HAT COUTURE in guidance and target dialog; selecting remaining Fru Fru leaves hand zero and ink 0/7. Spectator logs hide both identities and expose only generic facedown exerted placement. Proofs hyperia-spyglass-player-two-accepted.png; hyperia-spyglass-player-two-private-opponent.png; hyperia-spyglass-player-two-other-item.png; hyperia-spyglass-player-two-spectator.png. Added public-turn readiness unit: extra ink stays exerted during opposing turn and readies at next own turn while facedown remains true. Browser readiness now verified via public turn passes: source owner gains exerted sixth ink with available ink two; opposing turn leaves it at 2/6; returning to owner turn readies all six while the card remains facedown and hand draws only normal Fru Fru. Proof hyperia-spyglass-next-turn-ready.png. Localization regression reproduced English card text despite German UI locale. Simulator now selects available locale card text with definition text fallback and maps both Hat engine branches by English printed index to translated title and description. Card text remains one entry. Snapshot and resolution-copy regressions pass for both branches; thirty-nine focused simulator tests with eighty-three assertions pass; simulator types zero errors one existing warning. Browser German UI verified both branches: self-entry guidance and target dialog show Hut-Couture with German description; decline leaves both hand cards and ink two of five. Jukebox paid two; other-item branch keeps same German title and description and selector contains only A Dark Age No More. Selection inks it facedown exerted; hand zero and bank zero of six. German owner result log names selected card while opponent result hides its name and records only generic facedown exerted placement. Ability identity in logs remains engine name HAT COUTURE. Proofs /tmp/hyperia-spyglass-german-self-prompt.png; /tmp/hyperia-spyglass-german-other-prompt.png; /tmp/hyperia-spyglass-german-owner-result.png; /tmp/hyperia-spyglass-german-private-result.png. English preference restored. Locale refresh defect fixed: handleLocaleChanged invalidates the card snapshot cache before rebuilding presentation. Context regression reproduces the stale German text before repair and verifies English to German to English with unchanged state twenty. Fifty-four focused simulator tests and one-hundred-twenty-nine assertions pass; simulator types zero errors one existing warning. In-app browser confirms Hat card details immediately show German Hut-Couture and full description after language selection before any move. Restoring English immediately restores HAT COUTURE and description. Hand three bank five of five and no moves remain unchanged in both views. Proofs /tmp/hyperia-spyglass-immediate-german-details.png; /tmp/hyperia-spyglass-immediate-english-details.png. English preference restored."
169,E31,ci_E31,Upgraded Chem Purse,,item,"[{""title"": ""IT'S GOT POCKETS!"", ""description"": ""{E}, 1 {I}, Banish one of your other items — Look at the top 4 cards of your deck. You may reveal an item card and put it into your hand. Put the rest on the bottom of your deck in any order.""}]",src/cards/014/items/169-upgraded-chem-purse.ts,src/cards/014/items/169-upgraded-chem-purse.test.ts,reviewed; 20 tests pass; 119 assertions,verified printed ability flows and reviewed boundaries,"Reviewed printed banish-other-item cost versus current first-effect modeling. Added self-target rejection regression: rejected before ink payment or exertion; other item and deck unchanged. Confirmed cost-path regression: public activation with costs.banishItems rejects ABILITY_COST_SELECTION_UNEXPECTED because card definition lacks banishItem; current sequence instead accepts activation before item selection. Engine already supports banishItem but lacks another-item exclusion in runtime candidate helper, legal cost projection and automation pool. Fixed definition to use exert + ink 1 + banishItem cost with banishItemTarget another and direct scry effect. Added another-item exclusion to runtime validation/payment, legal cost projection and automation pool. Cost regression now passes: selected item discarded before deck choice; Purse exerted and ready ink 2 to 1. Opponent/nonitem/self costs and omitted choice with two eligible other items reject without charge; valid retry succeeds. Card suite 8 pass / 42 assertions. Full engine 1283 pass / 2 skip / 53 todo / 0 fail; engine and card type checks passed. Added nonitem hand-choice rejection with valid retry; one-card item deck reveal; exact custom bottom order preserving two untouched deck cards. Tests 11 pass / 58 assertions. Added Purse browser fixture and simulator types passed (0 errors / 1 existing warning). Browser activation before payment opens cost selection with only own Spyglass Hat and Jukebox; Purse itself and opposing Rivera Family Photo excluded, ink remains 2/2 before choice. Cost guidance wording defect observed: Choose a item item to banish. Proof /tmp/hyperia-purse-cost-selector.png. Browser accepted flow verified: choosing own Jukebox cost immediately banishes it, exerts Purse and pays one (ink 2/2 to 1/2) before top-four arrangement. Selected Rivera Family Photo into hand, deck 10 to 9, hand 0 to 1. Opponent log names public Jukebox cost and revealed Rivera Family Photo hand result, omits all three private remainder identities. Proof /tmp/hyperia-purse-accepted.png and /tmp/hyperia-purse-opponent.png. Fixed cost copy and browser verified Choose an item to banish for Upgraded Chem Purse (2 focused tests pass; simulator types 0 errors / 1 warning). Browser declined optional hand item and moved Photo right before confirm: hand remains 0, deck remains 10, paid cost stays ink 1/2 and Purse exerted; owner log exact bottom order Duchess, Ariel, Photo, Jukebox confirms chosen swap. Proof /tmp/hyperia-purse-cost-copy-fixed.png and /tmp/hyperia-purse-declined-reorder.png. Added empty-deck cost/payment and no-pending regression; noitem short deck exact bottom order; player-two cost and private deck choice (opponent resolution rejected, opponent deck/ink unchanged); normal play and normal inking no activation. Card suite 16 pass / 86 assertions; card types passed. Added exerted activation rejection before item banishment/ink payment and duplicate item max-one rejection with valid exact-ID retry. Tests 18 pass / 96 assertions. Inventory structural check confirms 207 unique definition paths and 12 columns per row after repairing malformed Spyglass notes quoting; scope includes 204 base cards, D23 Hector and iconic Mickey/Cinderella. Browser empty-deck activation now pays one ink; banishes own Jukebox; exerts Purse; leaves deck and hand zero with no pending target or scry choice. Exact Activated and cost log verified. Normal turn pass completes and existing empty-deck defeat appears; no choice blocks it. Short nonitem deck on player two: normal draw removes Stacey leaving two cards; own Jukebox cost pays one and exerts Purse before scry. Both Abuelita and Fru Fru appear in the remainder row and neither is eligible for the item-only hand row; clicking a nonitem opens preview without moving it. Confirm leaves deck two and hand one (only the normal drawn Stacey); owner log names bottom cards. Player-one log keeps public activated ability and banishment but hides both bottom identities and normal hand draw. Proofs hyperia-purse-empty-costs.png; hyperia-purse-short-nonitems.png; hyperia-purse-short-opponent-private.png. Player-two short item deck verified: normal draw leaves Photo and Fru Fru. Activating Purse excludes itself and accepts the other Purse copy as cost, pays one and exerts before scry. Accept Photo leaves hand two and deck one; both logs name the revealed Photo, only owner log names Fru Fru. Reset and decline keeps hand one and deck two; owner log names both bottom cards while opponent log names neither. No pending choice remains. Proofs hyperia-purse-player-two-item-reveal.png; hyperia-purse-player-two-public-reveal.png; hyperia-purse-player-two-item-declined.png; hyperia-purse-player-two-decline-private.png. Added exact-instance cost regression: with two Purses in play the activating copy can banish the other copy; source remains in play exerted and spends one ink; selected top item enters hand. Purse unit review completed at twenty tests and one-hundred-nineteen assertions. Added unseen item below top four rejection preserving exact deck IDs empty hand paid ink exerted source banished cost and pending choice; valid retry takes only the looked-at item and preserves untouched card above exact chosen bottom order. Decline now asserts exact four-card bottom order and all paid costs. Card types pass. Normal play and normal inking now browser-verified. Playing Purse costs two from bank three leaving one of three and hand zero; deck six unchanged and no Purse scry prompt appears. Spyglass Hat own item-play trigger correctly skips without a character target. Newly played Purse can activate immediately: only other own Hat and Jukebox are cost candidates; Jukebox selection banishes it and exerts source before four-card arrangement, bank zero of three. Declining hand choice returns all four and ends the prompt; source menu shows Exerted with no activation action. This case also has zero remaining ink, so exertion-only legality isolation remains open. Reset and normal inking makes bank four of four, hand zero, deck six unchanged, other items remain in play and no deck effect appears. Proof: /tmp/hyperia-purse-normal-play.png; /tmp/hyperia-purse-after-activation.png; /tmp/hyperia-purse-normal-ink.png. Simulator types pass with zero errors and one existing warning. Exertion-only browser limit now isolated with starting bank four: normal play leaves two of four; first activation banishes Jukebox and leaves one of four with Hat still in play. After declining hand and resolving the four-card remainder, clicking source shows Exerted and no Activate Ability action despite sufficient ink and another own item. Bank one of four and Hat remain unchanged. This closes the remaining normal play, inking and exertion boundary checks alongside prior acceptance/decline, exact bottom ordering, empty/short decks, player-two ownership, other-copy cost and public reveal/private remainder evidence. Proof: /tmp/hyperia-purse-exerted-spare-ink.png. Simulator types pass with zero errors and one existing warning."
170,HMj,ci_HMj,Institute of Technology,Honey Lemon's Lab,location,"[{""title"": ""Break Time"", ""description"": ""Once during your turn, whenever a Super character quests while here, return an item card from your discard to your hand.""}]",src/cards/014/locations/170-institute-of-technology-honey-lemons-lab.ts,src/cards/014/locations/170-institute-of-technology-honey-lemons-lab.test.ts,reviewed; 15 tests pass; 96 assertions,verified printed ability flows and reviewed boundaries,"Removed misleading optional-accept inputs from mandatory Break Time tests. Added decline rejection with valid selected-item retry; non-Super quest followed by Super quest confirms classification mismatch does not consume once-per-turn return. Existing here/not-here and once-per-turn tests pass. Added nonitem and opposing discard rejection with legal retry; exact selected duplicate return; public pass-turn reset permits new return next own turn. Card suite 9 pass / 50 assertions and card types passed. Added Lab browser fixture for non-Super first quest, two Super quests, target filtering and reset; simulator type check passed (0 errors / 1 warning). Remaining: separate locations; empty discard; normal location lore and movement; browser prompts and logs. Browser: Fru Fru quest gave one lore with no Lab trigger; Honey Lemon Endlessly Curious quest created Break Time; mandatory picker listed only own Jukebox and Rivera Family Photo (no skip, character and opposing item excluded). Chosen Jukebox returned, hand 0 to 1/discard 3 to 2; named Break Time and return outcome logged. Second Super quest produced only its own Advanced Chemistry, no second Lab return. Proof /tmp/hyperia-lab-first-return.png. New prompt grammar defect: Return a item from your discard to your hand. Remaining browser reset, location lore and opponent logs. Fixed engine selection label article for singular item/action; return prompt now emits Return an item from your discard to your hand. Expanded selection-context label regression: 18 tests / 38 assertions pass; engine type check passed. Browser wording verification pending. Browser corrected article verified in mandatory picker. Opponent log names Break Time and publicly returned Jukebox. Passed both turns: own location gained one lore (1 to 2 before next quest); next Super quest regenerated Break Time and returned remaining Rivera Family Photo, discard 2 to 1 and hand total 3 including turn draw. Both return outcomes logged. Proof /tmp/hyperia-lab-prompt-fixed.png and /tmp/hyperia-lab-reset.png. Remaining: empty-discard and separate-location cases; player-two browser; movement; location lore public-log check. Added empty-discard no-stuck-prompt and pass-turn test; player-two own item return/opponent resolution rejection; normal play cost 2, movement cost 1, next-turn lore 1; two exact Lab copies each independently trigger once with separate characters moved through public actions. Card suite 13 pass / 80 assertions; card type check passed. Remaining browser empty-discard, separate Labs, player-two, movement and explicit lore log. Unit review complete after full definition and test inspection. Added normal inking: ready ink increases once, item remains discarded, no location lore or return prompt. Unpaid location play preserves hand and ready ink; unpaid movement leaves Super outside the Lab, and its successful quest creates no return. Existing mandatory return, eligibility, duplicate instance, owner, empty discard, independent location limits, reset and normal play/movement/lore tests remain active. Player-two browser play, movement, mandatory own return, location lore and empty discard verified. After normal turn draw, owner pays two to play Lab and one to move dry Honey Lemon Endlessly Curious there; bank three to one to zero of three and named movement log appears. Super quest gains one and queues its own trigger plus Break Time; choosing Lab trigger first opens mandatory item picker with only own Jukebox and excludes opposing Hat. Selecting Jukebox returns it publicly; discard one to zero and hand one to two. Passing both turns readies bank three of three, draws normally and gains one location lore; both views name public Jukebox return and report one lore from one location. Next Super quest with empty discard raises lore two to three; resolving Break Time reports no valid targets with no return picker and no pending effects; hand remains three including normal draws and discard zero. Proof: /tmp/hyperia-lab-player-two-return.png; /tmp/hyperia-lab-player-two-lore-public.png; /tmp/hyperia-lab-player-two-empty-discard.png. Remaining browser: separate Lab copies and normal inking. Simulator types pass with zero errors and one existing warning. Separate Lab copies now browser-verified through exact location choice. Each of two dry Honey Lemon characters moved to a different duplicate Lab using the two location-selector buttons; each move cost one and bank two to zero of two. First Super quest at first Lab returned Jukebox, hand zero to one and discard two to one. Second Super quest at second Lab still created Break Time in the same turn and returned Photo, hand one to two and discard one to zero. Both named Break Time public return outcomes appear. The separate Honey Lemon optional ability was declined afterward and no effect remains; Pass Turn is available. This proves each exact Lab copy has its own once-per-turn return. Proof: /tmp/hyperia-lab-pair-independent-returns.png. Remaining browser: normal inking. Simulator types pass with zero errors and one existing warning. Normal inking now browser-verified from player-two own hand after normal turn draw. Lab enters inkwell through Ink action; ready bank three to four of four, hand two to one, deck five unchanged and own Jukebox remains discarded. Both lore totals stay zero and no Lab trigger or return prompt appears; Pass Turn is available. Named inking log appears. This closes normal inking together with prior mandatory return, non-Super and here eligibility, same-location once-per-turn limit/reset, empty discard, independent Lab copies, both ownership directions, normal play/movement and public next-turn lore evidence. Proof: /tmp/hyperia-lab-player-two-normal-ink.png. Simulator type check previously passed with zero errors and one existing warning; this step changed only audit documentation."
171,Kk7,ci_Kk7,Flash,Efficient Clerk,character,"[{""title"": ""Resist +1""}, {""title"": ""Take... Your... Time"", ""description"": ""All characters lose Rush and can't gain Rush.""}]",src/cards/014/characters/171-flash-efficient-clerk.ts,src/cards/014/characters/171-flash-efficient-clerk.test.ts,reviewed; 18 tests pass; 82 assertions,verified printed ability flows and reviewed boundaries,"Corrected two false-positive tests: defender must be exerted for challenge control; Rocket entry must resolve with an explicit chosen target. Added absence controls, paid play and drying/next-turn quest, noninkable rejection, Resist effect damage 1/2/3 boundaries, printed Rush restoration after banishment, multiple Flash copies, blocked later grant persistence, prior temporary-grant restoration, and ordinary-loss control. Flash now explicitly prevents new resolving Rush grants; prohibited grants do not write temporary Rush or keywordGranted outcomes (CR 1.2.2 and 1.2.3). Focused tests 16 pass / 69 assertions; full engine 1283 pass, 2 skip, 53 todo, zero failures; engine and card types pass. Browser fixture set14-audit-flash: Rocket entry to drying Fru Fru stays blocked before and after returning Flash; later Rocket activation pays 2 and banishes Rocket, grants Rush, enables Challenge but not Quest; actual challenge deals 1 to Hook, receives 9 and banishes Fru Fru. Both player views show matching public outcomes. Fire the Cannons pays 1, deals reduced 1 to Flash and Flash survives with damage marker; both views show 1 damage. Maui pays 5 and cannot challenge while Flash remains; returning Flash for 3 immediately restores Rush badge and enabled Challenge; actual challenge deals 6 to Hook, receives 9 and banishes Maui, with matching opponent logs. Simulator types zero errors and one existing warning. Proof: /tmp/hyperia-flash-blocked-after-return.png; /tmp/hyperia-flash-grant-after-return.png; /tmp/hyperia-flash-opponent-rush-log.png; /tmp/hyperia-flash-resist-effect.png; /tmp/hyperia-flash-printed-rush-blocked.png; /tmp/hyperia-flash-printed-rush-restored.png; /tmp/hyperia-flash-resist-rush-opponent.png. Remaining browser multiple copies, grant expiry, zero/lethal Resist boundaries, normal play/quest/noninkable, and broader grant ownership cases. Unit review complete after full test inspection. Added unpaid one-ink play rejection preserving hand and bank with no ability effects. A prior this-turn Rush grant expires while Flash suppresses it; opposing removal on the next turn does not restore the expired grant. Existing printed Rush restoration, blocked new grants, multiple Flash copies, both-owner suppression, damage boundaries and normal actions remain covered. Multiple Flash copies and both-owner suppression now browser-verified. One Flash on each side removes printed Rush from both fresh Maui copies. First Mother Knows Best pays three and returns opposing Flash; both Maui copies still lack Rush because friendly Flash remains. Second Mother pays the remaining three and returns last Flash; both owners Maui copies immediately regain Rush badges. Friendly fresh Maui menu now has enabled Challenge while Quest remains Fresh Ink disabled. Both public named return outcomes are present; bank six to three to zero of six. Proof: /tmp/hyperia-flash-one-copy-still-suppresses.png; /tmp/hyperia-flash-last-copy-restores-both.png; /tmp/hyperia-flash-pair-restored-challenge.png. Remaining browser: prior grant expiry, zero/lethal Resist boundaries, normal play/quest/noninkable and broader new-grant ownership. Simulator types pass with zero errors and one existing warning. Zero and lethal Resist effect boundaries now browser-verified with real cards. Quick Shot pays two from five, targets opposing undamaged Flash and one damage is fully prevented; Flash retains Resist +1 without damage marker and no positive damage outcome appears. Draw continuation still takes one card, own deck six to five and hand stays two after play/draw. Named public log reports no damage with one prevented; owner sees exact drawn Fru Fru and opponent sees only draw count. Smash pays remaining three, targets Flash and deals reduced two reaching willpower two; Flash is banished into own discard and opposing Maui immediately regains Rush. Public log names Smash dealt two and Flash banishment in both views. Proof: /tmp/hyperia-flash-zero-damage-quick-shot.png; /tmp/hyperia-flash-lethal-smash.png; /tmp/hyperia-flash-damage-public-opponent.png. Remaining browser: prior temporary grant expiry, normal play/quest/noninkable and broader new-grant ownership. Simulator types pass with zero errors and one existing warning. Normal play, noninkable menu and next-turn quest now browser-verified. Hand Flash menu offers paid Play but no Ink action. Paying two empties hand and bank two to zero of two; source shows Resist +1 immediately. Quest for two lore and Challenge are Fresh Ink disabled with explicit explanation. Public pass through opposing turn returns to owner turn with ready bank two of two and normal draw; quest now enabled, gains exactly two lore, exerts Flash and retains Resist +1. Named public quest log reports two lore. Proof: /tmp/hyperia-flash-noninkable-menu.png; /tmp/hyperia-flash-play-drying.png; /tmp/hyperia-flash-next-turn-quest.png. Remaining browser: prior temporary Rush grant expiry and broader new-grant ownership. Simulator types pass with zero errors and one existing warning. Prior temporary Rush expiry now browser-verified using real Rocket activation before Flash enters. Rocket pays two and banishes itself; chosen fresh Fru Fru gains Rush with named public grant log and visible badge. Playing Flash spends remaining two and suppresses Rush badge immediately. Public pass ends owner turn; opposing player then pays three for Mother Knows Best and returns Flash. Fru Fru remains in play with no Rush badge after suppressor leaves, proving the earlier this-turn grant expired instead of being restored. Public return log names Flash and bank changes only for acting player. Proof: /tmp/hyperia-flash-prior-rush-granted.png; /tmp/hyperia-flash-prior-rush-suppressed.png; /tmp/hyperia-flash-expired-rush-not-restored.png. Remaining browser: new Rush grant under Flash to an opposing owned character. Simulator types pass with zero errors and one existing warning. Opposing-character new Rush grant under Flash now browser-verified. Acting player activates Rocket for two and banishes it, explicitly selects opposing fresh Fru Fru; HITCH A RIDE resolves with named target but no gained Rush outcome or badge. Same-turn Mother Knows Best pays remaining three and returns Flash. Opposing Fru Fru still has no Rush badge after removal, proving prohibited grant was not saved and cannot reappear. Recipient-owner view also shows no Rush with matching public activation/resolution/return logs. This closes new-grant ownership alongside prior friendly blocked grant, previously valid grant expiry, printed Rush restoration, multiple-source global effects, Resist damage boundaries and normal play/quest/noninkable evidence. Proof: /tmp/hyperia-flash-opposing-rush-blocked.png; /tmp/hyperia-flash-opposing-blocked-after-return.png; /tmp/hyperia-flash-opposing-owner-no-rush.png. Simulator types pass with zero errors and one existing warning."
172,DrF,ci_DrF,Arthur,Merlin's Assistant,character,"[{""title"": ""Magical Travel"", ""description"": ""When you play this character, you may move him to a location for free.""}, {""title"": ""Arcane Deliveries"", ""description"": ""Once during your turn, whenever this character moves to a location, get 1 ink drop. (You may remove an ink drop to pay 1 {I}.)""}]",src/cards/014/characters/172-arthur-merlins-assistant.ts,src/cards/014/characters/172-arthur-merlins-assistant.test.ts,reviewed; 16 tests pass; 110 assertions,verified printed ability flows and reviewed boundaries,"Fixed Magical Travel location ownership from any to you under CR 4.7.1: opposing location selection was accepted before the fix; now it rejects without movement or drops and permits a valid friendly retry. Replaced weak later-turn test that declined the initial trigger and never used the once limit with a real reset test earning one drop before passing and another after next own turn. Verified free entry movement spends no extra bank ink, normal moves pay destination cost, second same-turn move adds no drop, declining does not consume the first movement drop, same-location rejection, separate Arthur copies independent once limits, and no-location entry can be declined to allow passing. Focused suite 8 pass / 49 assertions; card type check passes. Remaining opponent-turn effect movement, player-two ownership, duplicate locations and invalid zones, drop spending, normal quest/ink actions, and all browser prompts/logs. Browser set14-audit-arthur verified selector has exactly two friendly locations despite opposing duplicate House. Normal play pays three leaving 2/5; Magical Travel accepted to own House for free leaves 2/5, nests Arthur under House and generates one drop with named Magical Travel and Arcane Deliveries logs. Second move to Maui pays one (1/5) and no second drop. Both player views show correct public moves and owner of drop. Passing both turns and moving back to House pays two (3/5) and increments saved drops from one to two with a new Arcane Deliveries log. Simulator types zero errors, one existing warning. Proof /tmp/hyperia-arthur-friendly-selector.png; /tmp/hyperia-arthur-free-move.png; /tmp/hyperia-arthur-second-move.png; /tmp/hyperia-arthur-opponent-move-log.png; /tmp/hyperia-arthur-next-turn-drop.png. Remaining browser decline, no-location, duplicate Arthur, drop spending, normal quest/ink and player-two ability control. Added public-action controls: player-two free move is chooser-owned, earns only player-two drop; opponent-turn effect movement earns no drop and next own movement still earns one; earned drop pays one of two move ink with the last bank ink and no repeat drop; normal inking gives ready ink without drop; drying quest rejects then next-turn quest adds exactly one lore independently of location start lore; invalid nonlocation and hand location reject before exact duplicate-location retry. Suite 13 pass / 92 assertions; card type check passes. Earlier remaining unit ownership, drop spending, normal actions and duplicate-location clauses are now covered. Browser boundaries remain open. Browser decline verified: Skip resolves choosing no, Arthur stays outside locations, bank remains 2/5 and no drop is granted. First paid move to own House spends two bank ink and grants one drop. Proof /tmp/hyperia-arthur-declined.png; /tmp/hyperia-arthur-paid-after-decline.png. Found legal-action discovery defect: with zero bank ink and selected saved drop, Move to Location remained disabled despite public execution supporting drop payment. Fixed category discovery to recheck movement when drops are selected, and passed payment choice into both character and destination validation. Added regression proving no bank-only move, selected-drop character and location options, and return to no-selection behavior. Suite 14 pass / 97 assertions; full engine 1283 pass, 2 skip, 53 todo, zero failures; engine and card type checks pass. Repaired drop-only move needs fresh browser verification because HMR reset the fixture. Browser recheck: selected drop now enables Move to Location at bank 0/5, but clicking initially did not open destination selection. Traced second gap to simulator expansion dropping paymentOptions and dispatch excluding movement. Fixed derived-state destination query and executable movement params to retain inkDrops, added optional movement inkDrops contract, included movement in armed-payment dispatch, and used selected drops in direct movement legality for drag/drop. Focused derived-state 22 pass / 43 assertions; simulator types zero errors, one existing warning. Enabled-action proof /tmp/hyperia-arthur-drop-move-enabled.png; completed drop-funded browser execution remains pending after HMR reset. Completed repaired drop-funded browser flow: replayed play, decline and paid House move to reach bank 0/5 with one earned drop. Arming drop enables movement; destination selector contains only own Maui location (one matching card), excludes current and opposing House. Selecting Maui executes movement, consumes saved drop to zero, keeps bank 0/5 and produces no second Arcane Deliveries outcome. Arthur nests under Maui; both player views show the named move and the earlier one-drop gain only. Proof /tmp/hyperia-arthur-drop-target-fixed.png; /tmp/hyperia-arthur-drop-move-complete.png; /tmp/hyperia-arthur-drop-move-opponent.png. Earlier repaired drop-funded execution pending notes are resolved. Remaining browser no-location, duplicate Arthur, normal quest/ink and player-two ability control. Unit review complete after full test inspection. Added unpaid two-ink play rejection without entry prompt or payment. A failed paid location move leaves bank and drops unchanged and does not consume Arcane Deliveries; a subsequent free-cost normal move succeeds and earns exactly one drop. Earlier remaining unit ownership, opponent-turn movement, duplicate location, invalid zone, payment, quest and ink notes are resolved by the active tests. Browser boundaries remain as listed. No-location entry, normal quest and normal inking now browser-verified. Paid play spends three ink, hand one to zero and bank zero of three. Magical Travel offers Yes and No; accepting with no locations resolves with a named no-valid-targets log, no picker or movement and no ink drop; Pass Turn remains available. Fresh Ink disables quest and challenge and movement is disabled for no legal locations. Public passes through opposing turn restore own bank three of three and quest becomes enabled; quest gains exactly one lore, exerts Arthur and named log reports one lore without Arcane Deliveries or drop. Reset and normal Ink moves Arthur into inkwell, bank three to four of four, hand one to zero, deck unchanged and no ability or drop. Proof: /tmp/hyperia-arthur-no-location-entry.png; /tmp/hyperia-arthur-next-turn-quest.png; /tmp/hyperia-arthur-normal-ink.png. Remaining browser: duplicate Arthur independent limits and player-two ability control. Simulator types pass with zero errors and one existing warning. Player-two duplicate Arthur ownership and independent limits now browser-verified. Each hand copy pays three from bank eight; own Magical Travel selectors each list exactly two owned duplicate Labs and exclude the opposing Lab. Selecting separate owned locations moves each for free without extra bank cost; each exact Arthur resolves Arcane Deliveries independently and owner drops zero to one to two. Bank remains two of eight after both plays. A later paid movement of one copy offers only the other own Lab and costs one, leaves bank one of eight and saved drops two, with no third Arcane Deliveries outcome. Other-seat public log assigns both one-drop gains to opponent and shows all three moves; player-one bank remains zero of zero. This closes duplicate-copy and player-two control alongside earlier free/paid/drop-funded movement, once-per-turn/reset, decline, no-location and normal quest/ink evidence. Proof: /tmp/hyperia-arthur-player-two-pair-first-drops.png; /tmp/hyperia-arthur-player-two-pair-repeat-move.png; /tmp/hyperia-arthur-player-two-pair-public.png. Simulator types pass with zero errors and one existing warning."
173,S04,ci_S04,Edgar Balthazar,Long-Suffering Butler,character,"[{""title"": ""Trusty Umbrella"", ""description"": ""While this character has no damage, he gains Resist +2.""}]",src/cards/014/characters/173-edgar-balthazar-long-suffering-butler.ts,src/cards/014/characters/173-edgar-balthazar-long-suffering-butler.test.ts,reviewed; 14 tests pass; 70 assertions,verified printed ability flows and reviewed boundaries,"Reviewed both printed clauses and original challenge coverage. Added effect damage 1 and 2 to zero with Resist retained, 3 to one with Resist lost, and 8 to lethal six. Damaged Edgar takes full subsequent damage. Partial healing leaves Resist off; complete healing restores Resist +2 and next two damage is reduced to zero. Put damage bypasses Resist and turns the condition off (CR 8.8.3). Exact opposing instance takes one then three damage while friendly undamaged Edgar retains Resist +2. Normal play pays five and grants conditional Resist; drying quest rejects, next own turn quest gains two; normal inking yields one ready ink. Focused suite 10 pass / 47 assertions; card type checks pass. No authoring defect found in these flows. Remaining moved damage, multiple damaged same-owner copies, extra Resist stacking and all browser condition badge damage healing prompts and public logs. Browser fixture set14-audit-edgar verified undamaged own Edgar starts with Resist +2 while opposing damaged copy has none. Fire the Cannons spends one and causes zero damage; no false positive damage outcome is logged and Resist remains. Smash spends three, deals reduced one, shows damage marker and removes Resist badge. Healing Glow spends one, removes the remaining one with a named outcome and immediately restores Resist +2; next Fire the Cannons causes zero again. Opposing copy with three damage heals by two to one and remains without Resist. Both player views show matching public damage and healing logs. Proof /tmp/hyperia-edgar-zero-damage.png; /tmp/hyperia-edgar-resist-lost.png; /tmp/hyperia-edgar-resist-restored.png; /tmp/hyperia-edgar-opponent-healing-log.png. Simulator types zero errors, one existing warning. Remaining browser challenge, full damage while damaged, lethal damage, put/moved damage, normal play/quest/ink; remaining unit moved damage and extra Resist stacking. Added unit tests: additional temporary Resist +1 stacks with Umbrella to +3; four dealt damage becomes one and removes only the Umbrella bonus, leaving temporary Resist +1. Moving two damage from a friendly source to opposing undamaged Edgar bypasses Resist, clears source damage and turns off conditional Resist. Suite 12 pass / 56 assertions; card types pass. Browser challenge verified own undamaged dry Edgar challenges opposing exerted Edgar with three damage: attacker deals full four to already-damaged defender, defender deals reduced two to attacker; defender banished, attacker survives exerted with two damage and no Resist badge. Both public logs show four and two damage plus banishment. Proof /tmp/hyperia-edgar-challenge.png; /tmp/hyperia-edgar-challenge-opponent.png. Earlier unit moved-damage and stacking pending notes and browser challenge/full-damage/lethal boundaries now have evidence. Remaining browser put/moved damage, normal play/quest/ink and stacking; further same-owner duplicate damage boundary optional. Unit review complete after full test inspection. Added unpaid four-ink play rejection with hand and bank preserved. Two same-owner copies keep independent conditions: healing the damaged copy restores only its Resist; three dealt damage to the other becomes one and removes only that copy protection. Earlier unit moved-damage and stacking notes are resolved by active tests. Browser boundaries remain as listed. Normal play, drying, quest and inking now browser-verified. Paying five leaves bank zero of five and hand zero; played Edgar shows Resist +2 immediately. Menu has disabled Quest for two lore and Challenge with Fresh Ink explanation. Public passes through the opposing turn return to owner turn with bank five of five; quest is enabled, resolves with two lore, exerts Edgar and retains Resist +2. Named quest log reports two lore. Reset and normal inking removes hand Edgar and makes bank six of six without play-zone character or conditional Resist effect; deck remains six. Proof: /tmp/hyperia-edgar-play-drying.png; /tmp/hyperia-edgar-next-turn-quest.png; /tmp/hyperia-edgar-normal-ink.png. Remaining browser: put and moved damage plus extra Resist stacking. Simulator types pass with zero errors and one existing warning. Browser real-card stacking and put-damage condition verified: Mouse Armor activation selects opposing undamaged Edgar, public Protection log names Resist one gain and his badge becomes Resist +3 while friendly Edgar remains +2. Mosquito Bite pays one ink, targets that opposing Edgar and puts one damage through the stacked protection; badge becomes Resist +1 while friendly Edgar stays +2, preserving the separate Armor bonus. Event log currently reports Played Mosquito Bite but no named put-damage outcome; this presentation needs investigation before log validation is complete. Proof: /tmp/hyperia-edgar-resist-stacked.png; /tmp/hyperia-edgar-put-damage-stacked.png. Remaining browser: moved damage on undamaged Edgar and put-damage outcome log. Simulator types pass with zero errors and one existing warning. Confirmed missing put-damage public outcome was caused by move-outcome-accumulator dropping damageType put. Repaired engine preserves a distinct put kind and localized damagePut message rather than describing it as dealt damage; focused move-log factory twenty-four tests pass and full engine 1319 pass with zero failures (2 skip 52 todo), engine types pass. Browser repaired Mosquito Bite pays one and puts one on friendly Edgar through Resist +2; its badge disappears and named public log reports one counter placement. Opposing undamaged Edgar still has Resist +2. Mim Malice pays two and lets player select Goliath with two damage as source then opposing Edgar as destination. Confirm moves both counters, Goliath damage clears, opposing Edgar has two and loses Resist +2; named public outcome reports moved two from Goliath to Edgar. Both player views show the same public put and move outcomes and markers. Earlier put/move and stacking open boundaries now closed together with prior dealt damage, healing, challenge, lethal and normal action evidence. Proof: /tmp/hyperia-edgar-put-damage-log-fixed.png; /tmp/hyperia-edgar-moved-damage.png; /tmp/hyperia-edgar-damage-kinds-opponent.png. Simulator types pass with zero errors and one existing warning."
174,7EL,ci_7EL,Kit Cloudkicker,Unpredictable Courier,character,"""""",src/cards/014/characters/174-kit-cloudkicker-unpredictable-courier.ts,src/cards/014/characters/vanilla-model-properties.test.ts,reviewed; shared vanilla suite 108 pass; ink behavior added,not required; no printed abilities; basics excluded by revised scope,Ink action exposed an internal inkCard log ID mapping failure that blocked later moves. Adapter mapping fixed; 8 adapter tests pass. Browser recheck shows named ink log and successful turn pass with 2 ready ink. Opponent Kit quests for 1 lore; played Kit dries next own turn and has Quest and Challenge enabled. Challenge deals 2 each and banishes both; both player views show matching quest and damage logs. Proof /tmp/hyperia-kit-ink-pass-fixed.png and /tmp/hyperia-kit-challenge.png and /tmp/hyperia-kit-challenge-opponent.png. Scope review 2026-10-05: no printed abilities; no ability-flow validation required. Previous browser status: verified; paid play drying ink quest and simultaneous challenge damage; both public logs. Historical basic-action evidence retained; any pending basic-action checks are outside scope.
175,ruw,ci_ruw,Tick-Tock,Canal Croc,character,"""""",src/cards/014/characters/175-tick-tock-canal-croc.ts,src/cards/014/characters/vanilla-model-properties.test.ts,reviewed; shared vanilla suite 108 pass,not required; no printed abilities; basics excluded by revised scope,Fixture set14-audit-tick-tock added. Named public play log verified. Browser ink raises ready ink from 0 of 8 to 1 of 9; opposing quest gains 3 and exerts; played copy dries next own turn. Challenge deals 9 each and banishes both; both views show matching named ink quest challenge and banish logs. Proof /tmp/hyperia-ticktock-drying.png and /tmp/hyperia-ticktock-challenge.png and /tmp/hyperia-ticktock-challenge-opponent.png. Scope review 2026-10-05: no printed abilities; no ability-flow validation required. Previous browser status: verified; paid play drying ready ink three lore quest nine damage each; both public logs. Historical basic-action evidence retained; any pending basic-action checks are outside scope.
176,Imr,ci_Imr,Tiana,Restauranteur,character,"[{""title"": ""Handpicked"", ""description"": ""When you play this character, you may draw a card, then choose and discard a card.""}]",src/cards/014/characters/176-tiana-restauranteur.ts,src/cards/014/characters/176-tiana-restauranteur.test.ts,reviewed; 14 tests 129 assertions pass,verified; accept decline duplicate copies empty-deck player-two privacy and normal actions,"Replaced adaptive draw oracle with exact fixture top card. Added existing-hand discard choice and opponent choice rejection; strengthened decline state assertions. Required discard rejects no targets and two targets and opposing hand and play-zone card; rejection preserves choice and prevents passing until valid discard. Player-two controller draws and discards only their hand. Empty deck acceptance still discards existing hand card; decline keeps it without choice; both end in empty-deck loss at turn boundary. Duplicate copies resolve independently. Normal payment drying next-turn quest and ink actions covered; no Handpicked on quest or ink. Browser fixture set14-audit-tiana added; Browser acceptance pays 2 ink; named Handpicked draw precedes required discard; no skip offered; selected Tick-Tock discarded while drawn Kit retained. Owner log names Kit; opponent log only shows draw count and public Tick-Tock discard. Final discard log names Tiana without ability title. Second copy paid 2 ink and produced a separate choice. Decline retained Kit and deck count 1 and discard count 1; no pending prompt; both views show choosing no. Empty-deck acceptance verified: no draw outcome; existing Tick-Tock still required and discarded; prompt clears; pass ends game with post-game navigation. Player-two controller verified: only player two gets entry choice; own Kit draw kept after own Tick-Tock discard; player one sees count only and public discard. Normal-action browser verified: ink adds ready bank 4 to 5 without Handpicked; play spends 2; drying disables Quest and Challenge; next own turn quest gains 1 and exerts without draw or prompt; deck remains 1; both logs match. Final discard and decline logs still use generic card titles; printed title appears in start and prompts. Proof /tmp/hyperia-tiana-normal-actions.png and /tmp/hyperia-tiana-normal-actions-opponent.png and /tmp/hyperia-tiana-player-two-owner.png and /tmp/hyperia-tiana-player-two-opponent.png and /tmp/hyperia-tiana-empty-complete.png and /tmp/hyperia-tiana-accepted.png and /tmp/hyperia-tiana-opponent.png and /tmp/hyperia-tiana-declined.png and /tmp/hyperia-tiana-declined-opponent.png. Shared named optional-decline log repair browser recheck verified in both views. Tiana Handpicked decline after paid entry2 keeps deck2 hand2 discard0; no draw or discard. Proof /tmp/hyperia-tiana-named-decline-fixed.png and /tmp/hyperia-tiana-named-decline-opponent.png."
177,VHh,ci_VHh,Raya,Determined Explorer,character,"[{""title"": ""To the Ends of the Realm"", ""description"": ""This character gets +1 {L} for each location you have in play.""}]",src/cards/014/characters/177-raya-determined-explorer.ts,src/cards/014/characters/177-raya-determined-explorer.test.ts,reviewed; 9 tests 47 assertions pass,verified; location entry removal duplicate counts both controllers paid play drying quest and ink,"Added public quest results for zero one and two friendly locations; opposing locations excluded. Playing a location updates lore immediately; hand and discard locations excluded; duplicate locations counted without Raya occupying a location. Friendly location banishment immediately reduces lore and subsequent quest award. Both controllers tested with exact Raya instances; opposing counts excluded and quest delta separates start-turn location lore. Normal play cost drying next-turn quest and ready ink covered. Browser fixture set14-audit-raya added for friendly location entry and removal plus opposing counts; Browser verified initial lore 2 with one friendly and two opposing locations. Playing own Maui location raises lore to 3; banishing it lowers lore to 2 immediately; quest gains 2 and exerts. Owner ability panel shows printed title and Lore +1; both player logs show banish and quest outcomes. Player-two quest and duplicate locations verified: Lore +2 badge from two Belle House copies; Raya not at a location; quest adds 3 and exerts; both views log 3. Paid play and drying browser verified: second Raya spends 1 ink from 8 to 7 and gains Lore +1; Quest and Challenge disabled while drying. Next own turn both copies have 2 lore; newly played copy quests for 2 without extra trigger or stacking the other copy. Ink browser verified: one ready ink added from 8 to 9; no prompt; existing Raya lore stays 2. Proof /tmp/hyperia-raya-ink.png. Proof /tmp/hyperia-raya-paid-drying.png and /tmp/hyperia-raya-paid-next-turn.png and /tmp/hyperia-raya-player-two-quest.png and /tmp/hyperia-raya-player-two-quest-opponent.png and /tmp/hyperia-raya-location-changes.png and /tmp/hyperia-raya-location-changes-opponent.png."
178,iOz,ci_iOz,Woolter & Jesse,Bellwether's Henchmen,character,"[{""title"": ""Bodyguard""}, {""title"": ""Challenger +2""}]",src/cards/014/characters/178-woolter-jesse-bellwethers-henchmen.ts,src/cards/014/characters/178-woolter-jesse-bellwethers-henchmen.test.ts,reviewed; 10 tests 67 assertions pass,verified; Bodyguard entry choices; two guards; if-able limit; player-two Challenger; attacking-only strength; protection removal; both logs,"Paid entry ready and exerted choices cost 3; drying blocks quest until next own turn then gains 1. Challenger attack resets strength to 4; defense deals exactly 4 to surviving 7-willpower attacker. Card type check passes. Fixed false-positive Bodyguard test: protected ally now exerted and otherwise challengeable. Ready Bodyguard positive control allows ally challenge. Defense deals base 4 and takes 2. Challenger attack and entry choices tested; Multiple exerted Bodyguards each legal while plain ally remains protected; player-two Challenger attack verified; unpaid play and non-inkable normal ink attempts reject without payment or movement. Browser fixture set14-audit-woolter verifies Play Ready and Play Exerted choices; two paid entries consume 6 ink; exerted copy and ready copy both show Fresh Ink and named public play logs. Proof /tmp/hyperia-woolter-entry.png. Browser defense verified: protected exerted Kit selection does not execute challenge; legal Bodyguard selection executes; Tick-Tock takes base 4 damage and deals 9 banishing Woolter. Both player views show named damage and banishment log; Kit remains untouched. Proof /tmp/hyperia-woolter-defense-opponent.png and /tmp/hyperia-woolter-defense-owner.png. Browser Challenger attack verified against exerted Tiana: 6 outgoing and 1 incoming damage; Tiana banished; surviving Woolter exerted with strength restored to 4 and actions disabled. Both public views show named 6-damage challenge log. Proof /tmp/hyperia-woolter-challenger-owner.png and /tmp/hyperia-woolter-challenger-opponent.png. Completed Player Two browser: Woolter deals six to Tiana and takes one. Two exerted Woolters each remain legal defenders while exerted Kit is protected; attempted Kit challenges leave attackers ready and damage unchanged. Each legal Tick-Tock challenge deals nine to the selected guard and receives base four, banishing only that guard. The remaining guard still blocks Kit; after both leave play Fru Fru can challenge Kit, dealing one and receiving two. Both player logs show the same named damage and banishment results, with no false challenge entry for blocked attempts. Added unit test for the Bodyguard if-able limit: ordinary attacker cannot challenge an Evasive guard but can challenge the other exerted ally. Strengthened atomic blocked challenge assertions and exact guard identity selection. Proof /tmp/hyperia-woolter-p2-challenger-owner-log.png; /tmp/hyperia-woolter-two-guards-blocked.png; /tmp/hyperia-woolter-one-guard-blocked.png; /tmp/hyperia-woolter-p2-owner-log.png; /tmp/hyperia-woolter-p2-public-log.png. No engine repair needed. Full Hyperia2831 tests/20517 assertions; card types pass. Simulator types 0 errors 1 existing warning."
179,t66,ci_t66,Napoleon,Patient Watchdog,character,"[{""title"": ""Alert"", ""description"": ""(This character can challenge as if they had Evasive.)""}]",src/cards/014/characters/179-napoleon-patient-watchdog.ts,src/cards/014/characters/179-napoleon-patient-watchdog.test.ts,reviewed; 8 tests 33 assertions pass,verified; Alert attack defense and normal actions,"Alert actual attack banishes 5-willpower Evasive target and takes 1 damage; ordinary ally cannot attack Evasive. Alert does not give defensive Evasive protection. Ready-target and drying-attacker challenges reject without damage or exertion. Paid play costs 3 and drying blocks quest until next own turn then gains 1. Card type checks pass. Unpaid play rejects; normal ink adds 1 ready ink without a bag trigger. Player-two Alert challenge deals printed damage and banishes Evasive target. Browser fixture set14-audit-napoleon uses Evasive Peter Pan Never Landing; browser verifies Kit Challenge disabled with no legal Evasive target while Napoleon Challenge is enabled and printed Alert text is shown. Actual Napoleon attack deals 5 and takes 3 against Evasive Peter Pan; both banish; both player logs name damage and both banishments. Proof /tmp/hyperia-napoleon-alert-owner.png and /tmp/hyperia-napoleon-alert-opponent.png. Browser normal ink increases ready ink 3 to 4; paid play spends 3 leaving 1; new copy shows Fresh Ink with Quest and Challenge disabled despite Alert. Named ink and play logs present. Proof /tmp/hyperia-napoleon-normal-actions.png. After both turns pass the paid copy loses Fresh Ink; Quest for 1 is enabled and gains exactly 1 lore exerting only that copy. Opponent log names Napoleon and 1 lore; initial duplicate remains ready. Proof /tmp/hyperia-napoleon-next-turn-quest.png and /tmp/hyperia-napoleon-next-turn-opponent.png. Defensive browser control verified: after Napoleon quests and passes the ordinary non-Evasive Kit can select and challenge Napoleon; 2 damage from Kit and 5 from Napoleon banish both. Proof /tmp/hyperia-napoleon-alert-defense.png. No authoring or engine defect found for this card. Simulator type check 0 errors 1 existing warning."
180,nR2,ci_nR2,Wildcat,Unconventional Mechanic,character,"[{""title"": ""Well, That's Broken"", ""description"": ""When you play this character, you may banish chosen item.""}]",src/cards/014/characters/180-wildcat-unconventional-mechanic.ts,src/cards/014/characters/180-wildcat-unconventional-mechanic.test.ts,reviewed; 10 tests 57 assertions pass,verified; entry choices and normal actions,"Accepted entry banishes chosen opposing or friendly item; decline preserves item. Character and item in hand targets reject; legal retry succeeds. Exact instance IDs distinguish same-definition cards across zones. Player-two controller owns choice and player one cannot resolve it. Card types pass. No items auto-finishes entry with no pending effect or bag and pass allowed. Duplicate entries independently decline then accept and banish target. Paid play spends 3; drying blocks quest until next own turn then gains 1 without entry retrigger. Unpaid play rejects and normal ink adds 1 ready ink without entry trigger. Browser fixture set14-audit-wildcat: paid entry spends 3 of 9; prompt names Well That Is Broken and printed item text with Skip; selecting opposing Jukebox banishes it while friendly Spyglass Hat remains. Public log names ability source target and banishment. Proof /tmp/hyperia-wildcat-banish-owner.png. Friendly-item browser selection banishes Spyglass Hat and preserves opposing Jukebox. Second paid copy gets independent optional choice; Skip leaves Jukebox intact and no prompt remains. Both player views show named ability-source-target banishment and generic Wildcat choosing-no log; decline log omits ability name. Proof /tmp/hyperia-wildcat-friendly-item.png and /tmp/hyperia-wildcat-decline.png and /tmp/hyperia-wildcat-friendly-decline-opponent.png. No-item browser fixture set14-audit-wildcat-empty verifies paid entry spends 3 and finishes without target prompt; Pass Turn available. Other copy normal-inks with named public log; played copy Fresh Ink Quest and Challenge disabled. Proof /tmp/hyperia-wildcat-no-item.png and /tmp/hyperia-wildcat-normal-ink-drying.png. Main fixture now supports player-two entry with hand Wildcat and 3 ink. Player-two browser entry spends 3 ink; controller chooses opposing Spyglass Hat and banishes it while own Jukebox remains. Both player logs name ability source target and banishment. Proof /tmp/hyperia-wildcat-player-two.png and /tmp/hyperia-wildcat-player-two-opponent.png. After both turns pass player-two Wildcat loses Fresh Ink and quests for 1 lore exerting the card without retriggering entry. Both player logs show named one-lore quest. Proof /tmp/hyperia-wildcat-next-turn-quest.png and /tmp/hyperia-wildcat-next-turn-opponent.png. No card or engine defect found in reviewed flows; generic decline ability-name omission remains recorded. Simulator types 0 errors 1 existing warning. Shared named optional-decline log repair browser recheck verified in both views. Wildcat Well Thats Broken decline after paid entry3 leaves friendly Spyglass Hat and opposing Jukebox in play with6of9 ready ink. Proof /tmp/hyperia-wildcat-named-decline-fixed.png and /tmp/hyperia-wildcat-named-decline-opponent.png.; Browser pending-song regression: paid Wildcat spends 3 ink and opens optional Jukebox banishment; One Jump Ahead Play and Sing both disabled with Resolve the pending effect first; decline preserves Jukebox and ready Koslov and restores Sing; Koslov then sings with deck six to five and ink zero of four; named decline and song logs verified; proofs hyperia-song-pending-choice-blocked.png and hyperia-song-pending-choice-recovery.png"
181,omF,ci_omF,Sir Kay,Determined to Win,character,"[{""title"": ""Competitive Edge"", ""description"": ""While you have an ink drop, this character gains Challenger +3. (They get +3 {S} while challenging.)""}]",src/cards/014/characters/181-sir-kay-determined-to-win.ts,src/cards/014/characters/181-sir-kay-determined-to-win.test.ts,reviewed; 12 tests 54 assertions pass,verified; conditional Challenger and normal actions,"Actual attack deals 4 without own ink drop and 7 with one or three; more drops do not stack; takes 1 return damage and strength resets to 4. Opposing ink drops do not count. Defense with own drop deals only 4. Existing public Arthur entry gains drop and enables Challenger keyword. Card type checks pass. Public movement spends one ink drop: last drop removes bonus immediately and attack deals 4; one of two spent leaves 1 and attack deals 7. Player-two own drop enables 7 damage. Paid play spends 5 without using drop; drying blocks quest until next own turn then gains 2 and strength remains 4. Unpaid play rejects and normal ink adds 1 ready ink without trigger. Browser fixture set14-audit-sir-kay: one own drop shows Challenger +3 badge with printed base strength 4; actual attack deals 7 to Tick-Tock and takes 9 banishing Sir Kay. Damage counter 7 and named public log verified. Proof /tmp/hyperia-sir-kay-seven-damage.png. Simulator types 0 errors 1 existing warning. Browser last-drop spending verified: arm drop payment then move Sir Kay to Belle House for 2 total; own drop disappears and bank 5 to 4; Challenger badge immediately disappears. Actual attack then deals base 4 to Tick-Tock and takes 9; public logs name move and challenge damage. Proof /tmp/hyperia-sir-kay-spent-drop.png. Opposing browser view shows same named movement and 4-damage challenge and banishment log. Proof /tmp/hyperia-sir-kay-spent-drop-opponent.png. Normal ink increases ready bank 5 to 6; paid play spends 5 leaving 1 and preserves own drop; new copy shows Fresh Ink plus Challenger3 with Quest2 and Challenge disabled. Proof /tmp/hyperia-sir-kay-normal-actions.png. After both turns pass the paid copy loses Fresh Ink; preview strength 4 and Quest2 enabled; quest gains exactly 2 and exerts only paid copy while original stays ready. Both player logs show named 2-lore quest. Proof /tmp/hyperia-sir-kay-next-turn-quest.png and /tmp/hyperia-sir-kay-next-turn-opponent.png. Player-two own ink drop browser check verified: after P1 Sir Kay quests the P2 Sir Kay can challenge; 7 attack damage banishes P1 defender while defense returns base 4 despite its own drop. P2 survives with damage4. Same-name copies use identical log labels but board distinguishes controller outcome. Proof /tmp/hyperia-sir-kay-player-two-defense.png. No card or engine defect found in reviewed flows."
182,yL5,ci_yL5,Toulouse,Rough and Tumble,character,"[{""title"": ""UNBECOMING BEHAVIOR"", ""description"": ""When you play this character, opponents can't play actions until the start of your next turn.""}]",src/cards/014/characters/182-toulouse-rough-and-tumble.ts,src/cards/014/characters/182-toulouse-rough-and-tumble.test.ts,reviewed; 8 tests 57 assertions pass,verified; entry restriction and expiry,"Entry restriction resolves automatically with bag0; opponent paid song and ordinary action play reject; singing rejects without exertion or ink payment and cards remain in hand. Restriction expires after next controller turn starts. Own actions and opposing character item location plays succeed. Card types pass. Restriction survives own source banishment until next controller turn; player-two own entry restricts P1 and expires correctly. Two paid entries spend 4 and both restrictions expire at next own turn; drying quest rejects then next-turn quest gains 1 without renewing restriction. Unpaid play rejects; inking adds 1 ready ink and opposing song remains playable. Browser fixture set14-audit-toulouse verifies paid entry2 and named Unbecoming Behavior resolution log; P2 Smash and paid One Jump Ahead Play disabled by game effect. Sing disabled incorrectly reported no ready singer despite ready cost3 Wildcat. Engine reason repair now prioritizes authoritative PLAYER_PLAY_RESTRICTED result over missing singer; regression covers restriction expiry and successful singing after expiry. Play-card suite45 tests85 assertions and engine types pass. Browser revalidation confirms Play and Sing both show the active game-effect restriction. After expiry both controls enable; Wildcat sings One Jump Ahead successfully without ink payment and becomes exerted. Inkwell increases from9 to10 with available ink remaining9. Both player logs name song and singer; only owner log reveals the new facedown card name. Proof /tmp/hyperia-toulouse-sing-reason-fixed.png and /tmp/hyperia-toulouse-expired-song.png and /tmp/hyperia-toulouse-expired-song-opponent.png. Proof /tmp/hyperia-toulouse-blocked-song.png. Browser own Dragon Fire pays5 and banishes Toulouse; opponent song Play and Sing remain blocked with the repaired game-effect reason. Opponent Kit costs1 Jukebox costs2 and Belle House costs1 all play successfully under restriction leaving5of9 ink and named public logs in both views. On next controller turn the restriction ends despite source banishment; next opponent turn Play2 and Sing are enabled. Proof /tmp/hyperia-toulouse-source-banished-restriction.png and /tmp/hyperia-toulouse-non-actions-allowed.png and /tmp/hyperia-toulouse-non-actions-opponent.png and /tmp/hyperia-toulouse-banished-source-expiry.png. Player-two Toulouse entry and duplicate-entry and normal Toulouse action browser boundaries remain pending. Simulator types 0 errors 1 existing warning.; Browser singer eligibility regression: on natural Player Two turn Toulouse restriction blocks Play while Sing says no ready singer for item plus location plus cost-one Fru Fru; with ready Koslov Sing instead reports action restriction; at next controller turn restriction disappears; natural Player Two turn four Koslov sings One Jump Ahead and becomes exerted with deck four to three and ink zero of one; named song and singer log states facedown exerted ink; proofs hyperia-song-invalid-singers.png and hyperia-song-eligible-restricted.png and hyperia-song-singer-recovery.png"
183,SUz,ci_SUz,Chief Bogo,Police Commissioner,character,"[{""title"": ""I Know These Streets"", ""description"": ""Whenever this character quests, you may move him to a Hyperia City location for free.""}, {""title"": ""Stop Right There"", ""description"": ""6 {I} — Chosen opposing character can't challenge until the start of your next turn.""}]",src/cards/014/characters/183-chief-bogo-police-commissioner.ts,src/cards/014/characters/183-chief-bogo-police-commissioner.test.ts,reviewed; 13 tests 90 assertions pass,verified; movement restriction and normal actions,"New invalid-location tests reproduce opposing Hyperia City movement accepted before correction. Authoring owner any changed to you per CR4.7.1; opposing and non-Hyperia locations reject and friendly retry succeeds. Quest gains3 and free movement preserves2 ready ink. Stop Right There spends6 per activation without exerting Bogo; two uses consume12 and third insufficient-ink attempt rejects. Existing decline and challenge-restriction expiry tests pass. LocationFilter now includes HasClassificationFilter and Bogo unsafe never cast removed. Card and types checks pass. Friendly and hand character targets reject without ink payment and legal opposing retry works. Ability can activate while Bogo is drying or exerted because cost has no exert symbol. No eligible friendly Hyperia location quest gains3 with no unresolved choice. P2 free movement uses own hub and triggers Port Authority arrival lore1 and drop1. P2 restriction remains through P1 turn blocks challenge without exertion permits quest and expires at next P2 start. Paid entry7 dries then next-turn quest3; unpaid6 preserves hand and ink then inking adds1 ready ink. Card types pass. Browser fixture set14-audit-chief-bogo quest3 exposes sole friendly Hyperia destination excluding opposing hub and non-Hyperia Belle House. Free move preserves13 ink; owner hub arrival grants each player lore1 and drop1 with named ability logs. Exerted Bogo activates Stop Right There paying6 to7of13; Kit gains visible Cant Challenge badge and source duration effect. P2 Kit Challenge disabled but Quest1 succeeds; unaffected Wildcat Challenge remains enabled. Disabled Kit reason initially misleadingly said no legal challenge targets despite exerted Bogo target. Presenter now uses active projected cant-challenge restriction and localized restriction message before no-target fallback. Regression covers restriction reason and restored challenge after expiry. Browser reproduces repaired message with Quest1 still enabled and active source duration badge. Declining movement after quest preserves Bogo outside all locations. Presenter and sidebar suites77 tests300 assertions pass. Proof /tmp/hyperia-chief-bogo-restriction-reason-fixed.png; activated resolution log initially omitted ability name although activation log named it. Engine now emits named target-selection resolution projection and preserves ability name in public move-log reconstruction. Deferred-choice regression uses a source with a preceding triggered ability to verify printed activated index. Both browser views show Resolved Stop Right There from Chief Bogo targeting Kit. Focused log suites15 tests30 assertions and engine types pass. Proof /tmp/hyperia-chief-bogo-named-resolution.png and /tmp/hyperia-chief-bogo-named-resolution-opponent.png. Browser restriction badge disappears at next P1 controller turn. P1 quests Bogo again and declines movement; on next P2 turn Kit Challenge enables and executes against exerted Bogo dealing2 taking6 and being banished. Named combat log confirms damage and banishment. Proof /tmp/hyperia-chief-bogo-expired-challenge.png. Decline log repaired in both pending-effect and direct triggered-bag paths. Named optional accepted and rejected log projections preserve source and ability name during public reconstruction. Browser decline now reads Resolved I Know These Streets with Chief Bogo by choosing no; quest3 retained with no movement or ink spend. Proof /tmp/hyperia-chief-bogo-named-decline-fixed.png. Focused log suites20 tests48 assertions; full engine1288 pass2 skip53 todo0 fail and3631 assertions; engine types pass. Browser normal actions verified: ink hand Bogo13to14 ready ink then play other copy7to7of14; Fresh Ink blocks Quest and Challenge but activated ink-only ability remains enabled. Fresh Bogo activates Stop Right There spending6to1of14 without exertion with named target restriction logs in both views. After both passes paid copy quests3 and declines movement with named log; initial copy remains ready. Proof /tmp/hyperia-chief-bogo-normal-entry.png and /tmp/hyperia-chief-bogo-drying-activation.png and /tmp/hyperia-chief-bogo-normal-actions-opponent.png and /tmp/hyperia-chief-bogo-paid-next-turn-quest.png. P2 Bogo controller browser verified: quest3 plus own hub start2 and arrival1 totals6; sole friendly Hyperia target moves free with6 ink unchanged and named arrival rewards for both players. Exerted P2 Bogo activation spends6 and restricts P1 Bogo. Restriction persists at P1 next start with corrected disabled Challenge and enabled Quest; expires at next P2 start with badge and active effect removed. Proof /tmp/hyperia-chief-bogo-player-two-movement.png and /tmp/hyperia-chief-bogo-player-two-restriction.png and /tmp/hyperia-chief-bogo-player-two-expiry.png. Simulator types0 errors1 existing warning. Proof /tmp/hyperia-chief-bogo-free-movement.png and /tmp/hyperia-chief-bogo-challenge-restriction.png. Simulator types0 errors1 existing warning."
184,JzV,ci_JzV,Sir Pellinore,Tougher Than He Looks,character,"[{""title"": ""Challenger +2""}, {""title"": ""SPOILS OF VICTORY"", ""description"": ""During your turn, whenever this character banishes another character in a challenge, get 1 ink drop. (You may remove an ink drop to pay 1 {I}.)""}]",src/cards/014/characters/184-sir-pellinore-tougher-than-he-looks.ts,src/cards/014/characters/184-sir-pellinore-tougher-than-he-looks.test.ts,reviewed; 13 tests 75 assertions pass,verified; Challenger; repeated and mutual victories; controller and exact source; no-reward negatives; drop payment; both logs,"Original attack test simplified to an undamaged3-willpower victim and dry Pellinore; surviving4-willpower target explicitly takes3 Challenger damage while Pellinore takes2 and resets strength1. Character victory gains1 drop even on mutual banishment; defending on opposing turn gains none. Banishing location and another friendly attacker victory gain none. P2 own attack gains only P2 drop. Ready target and drying attacks reject without drop; paid play3 then next-turn quest1 gains no drop. Unpaid2 preserves hand and ink then normal inking adds1 ready ink without drop. Fan the Flames enables second same-turn victory granting second drop with bag0; ability is not once per turn. Card definition matches tested behavior and card types pass. Browser fixture set14-audit-sir-pellinore: first fresh Wildcat challenge deals3 and receives4; victim banishes while Pellinore survives damaged4 and gains1 drop. Preview resets strength1. Fan the Flames pays1 ink from7 to6 without spending drop and readies Pellinore with damage4; second Wildcat challenge deals3 and receives4 with mutual banishment and gains second drop. Both player views show named SPOILS OF VICTORY and complete combat logs with correct YOU or OPPONENT attribution. Proofs /tmp/hyperia-sir-pellinore-first-victory.png; /tmp/hyperia-sir-pellinore-second-mutual-victory.png; /tmp/hyperia-sir-pellinore-second-mutual-opponent.png. Normal browser actions verified: ink one hand copy adds1 ready ink from6of7 to7of8; play other copy pays3 to4of8 and keeps2 ink drops. Fresh Ink disables both quest and challenge with correct explanation. After passing both turns the copy quests for1 lore at base strength1 with drops still2 and ink8of8. Proofs /tmp/hyperia-sir-pellinore-normal-play.png and /tmp/hyperia-sir-pellinore-next-turn-quest.png. Completed Player Two browser: opposing-turn defense deals base one and banishes wounded Fru without a reward. Smash banishment and friendly Tick-Tock victory give no drop. Exact Pellinore challenge deals three to surviving Carl, takes five and dies with no reward. Another Pellinore banishes damaged Belle's House with no reward. Fan the Flames spends final ready ink and readies that exact source. First Wildcat victory mutually banishes damaged Pellinore and Wildcat, grants exactly one controller drop despite other Pellinore copies. Second exact source victory grants the second drop and leaves source with four damage. At zero available ink, explicit drop payment plays Fru and leaves one drop. Both player logs show only two named SPOILS OF VICTORY entries, actual reciprocal damage, banishment and drop payment with correct ownership; private turn draw remains hidden from opponent. Added unit tests for exact-source independence and Player Two gained-drop payment plus nonchallenge action-damage banishment negative. Replaced raw reward state assertion with semantic query. Proof /tmp/hyperia-pellinore-opposing-turn.png; /tmp/hyperia-pellinore-p2-survivor-no-reward.png; /tmp/hyperia-pellinore-p2-location-no-reward.png; /tmp/hyperia-pellinore-p2-mutual-reward.png; /tmp/hyperia-pellinore-p2-two-rewards.png; /tmp/hyperia-pellinore-p2-drop-payment.png; /tmp/hyperia-pellinore-p2-negative-log.png; /tmp/hyperia-pellinore-p2-owner-log.png; /tmp/hyperia-pellinore-p2-public-log.png. No new runtime repair needed; card types pass; simulator types zero errors and one existing warning. Full Hyperia2833 tests/20533 assertions."
185,ctj,ci_ctj,Arthur,Novice Blacksmith,character,"[{""title"": ""CAREFUL CRAFTING"", ""description"": ""When you play this character, you may pay 1 {I} to get 1 ink drop. (You may remove an ink drop to pay 1 {I}.)""}]",src/cards/014/characters/185-arthur-novice-blacksmith.ts,src/cards/014/characters/185-arthur-novice-blacksmith.test.ts,reviewed; 7 tests 52 assertions pass,verified; crafting payment and controller,Payment and decline now assert ready ink and completed bag; paid optional consumes remaining1 ready ink and grants1 drop; decline preserves1 ink and grants0. Exact-cost play leaves0 ink and completes automatically with0 drop and bag0. Unpaid play preserves hand and ink then normal inking adds1 ready ink without reward. Each of two played copies pays3 total and grants its own drop. P2 pays and receives only P2 reward; P1 cannot resolve P2 choice. Fresh quest rejects then after both turn passes quests1 without drop or bag. Card types pass. Browser fixture set14-audit-arthur-novice: play pays2 from8 to6; Yes optional pays1 to5 and gains1 drop with completed prompt and named CAREFUL CRAFTING event log. Proof /tmp/hyperia-arthur-novice-paid-crafting.png. Simulator types zero errors and one existing warning. Browser decline preserves6of8 ink and grants0 drops with named choosing-no log. Later two copies each pay3 total and gain independent drops to2 with0of8 ready ink. P2 entry and Yes pay2 plus1 from3 to0 and grant only P2 drop1; P1 drops remain2 and both views correctly attribute YOU or OPPONENT rewards. Exact-cost fixture set14-audit-arthur-novice-no-ink pays2 to0; crafting auto-completes without prompt or reward and named choosing-no log permits Pass Turn. Proofs /tmp/hyperia-arthur-novice-declined-crafting.png; /tmp/hyperia-arthur-novice-repeat-crafting.png; /tmp/hyperia-arthur-novice-player-two-crafting.png; /tmp/hyperia-arthur-novice-player-two-opponent.png; /tmp/hyperia-arthur-novice-cannot-pay.png. Normal browser checks complete: inking Arthur adds1 ready ink from2of2 to3of3 without crafting or drop; exact-cost play then both turn passes dries Arthur and quest grants1 lore without crafting reward. Proofs /tmp/hyperia-arthur-novice-normal-ink.png and /tmp/hyperia-arthur-novice-normal-quest.png.
186,4NQ,ci_4NQ,Berlioz,Tiny Rascal,character,"[{""title"": ""SHARP LITTLE CLAWS"", ""description"": ""When you play this character, you may deal 1 damage to chosen character.""}]",src/cards/014/characters/186-berlioz-tiny-rascal.ts,src/cards/014/characters/186-berlioz-tiny-rascal.test.ts,reviewed; 11 tests 57 assertions pass,verified; entry damage targets and normal actions,"Added friendly target damage1 and completed bag; self-target lethal banishes Berlioz; damaged3 of4 target receives lethal1 and banishes. Location target rejects without damage then legal character retry succeeds. P2 controls choice and P1 cannot resolve it. Opposing Ward rejects and friendly Ward accepts damage1. Resist1 target stays legal but receives0 damage and survives. Paid1 entry declines; fresh quest rejects then next-turn quest1 does not repeat entry damage. Unpaid0 preserves hand then normal inking adds1 ready ink and no damage or bag. Card types pass. Browser fixture set14-audit-berlioz added; Browser paid1 from5to4; target choice selected P2 Wildcat with2damage of3willpower;1damage banishes victim and completes prompt. Named SHARP LITTLE CLAWS log names source and target and reports banishment plus damage1. Proof /tmp/hyperia-berlioz-lethal-entry.png. Simulator types pass with zero errors and one existing warning. Target picker includes own Wildcat and sole source Berlioz plus opposing Wildcat and excludes Belle House. Friendly Wildcat receives1 damage with named target-resolution log. Second copy Skip effect keeps damage unchanged and emits named choosing-no log. Fresh fixture source self-target deals1 and banishes Berlioz with discard1 and named source-to-self damage and banishment log; prompt completes. Proofs /tmp/hyperia-berlioz-friendly-damage.png; /tmp/hyperia-berlioz-declined.png; /tmp/hyperia-berlioz-self-banish.png. Opponent view confirms same self-banishment damage log. P2 paid1 from2to1 and targeted P1 Wildcat for1 damage; both views show named source target and damage log with correct marker. P1 normal inking adds1 ready ink from5of5 to6of6 and no new entry damage. P2 next-turn quest grants1 lore and target damage stays1 with no extra claw resolution. Proofs /tmp/hyperia-berlioz-self-opponent.png; /tmp/hyperia-berlioz-player-two-damage.png; /tmp/hyperia-berlioz-player-two-opponent.png; /tmp/hyperia-berlioz-normal-ink.png; /tmp/hyperia-berlioz-normal-quest.png. Ward Resist fixture set14-audit-berlioz-keywords target picker lists3 legal cards: Eeyore Resist1 plus source Berlioz and friendly Aladdin Ward; opposing Aladdin Ward and Belle House absent. Selecting Eeyore resolves with no damage marker and full5 willpower confirmed in preview; named log reports target without falsely claiming damage. Second entry selects friendly Ward Aladdin and deals1 with marker and named log. Proofs /tmp/hyperia-berlioz-ward-target-picker.png; /tmp/hyperia-berlioz-resist-prevention.png; /tmp/hyperia-berlioz-friendly-ward.png. Simulator types pass0 errors1 existing warning."
187,B3j,ci_B3j,Marie,Caught in the Act,character,"[{""title"": ""A LITTLE TREAT"", ""description"": ""Whenever this character quests, if an opposing character took damage this turn, get 1 ink drop. (You may remove an ink drop to pay 1 {I}.)""}]",src/cards/014/characters/187-marie-caught-in-the-act.ts,src/cards/014/characters/187-marie-caught-in-the-act.test.ts,reviewed; 12 tests 74 assertions pass,verified; damage history quest rewards and normal actions,"Replaced positive Ink Explosion action with Fire the Cannons so Marie reward is isolated1 drop and quest1 lore with victim damage2. No fresh damage yields0. Old marked damage2 does not qualify. Friendly-only fresh damage2 does not qualify. Lethal damage that banishes opposing victim still qualifies and quest gains1 drop. Turn reset test gains1 first quest and no additional drop next turn despite remaining damage2; lore2. Resist2 fully prevents Fire the Cannons damage2 and quest gains0. Damage2 then Healing Glow removes all marks but same-turn quest still gains1. P2 damage and quest gain only P2 drop1 and lore1 with P1drop0. Two dry Marie copies quest separately after same opposing damage and gain2 total drops and2 lore with bag0. Paid entry1 blocks fresh quest then next-turn quest1 grants0 drop absent new damage. Unpaid0 preserves hand then inking adds1 ready ink without drop or bag. Card types pass. Browser fixture set14-audit-marie includes two dry own copies and old damaged opponent Wildcat plus Fire the Cannons and Healing Glow; Browser first dry Marie quests1 with old Wildcat damage1 and gains0 drop. Fire the Cannons pays1 from5to4 and deals2 banishing Wildcat; second dry Marie quests1 and gains1 drop despite victim absence. Lore2 and ink4of5; named A LITTLE TREAT logs reward with YOU versus OPPONENT in both player views. Proofs /tmp/hyperia-marie-old-damage-no-reward.png; /tmp/hyperia-marie-lethal-damage-reward.png; /tmp/hyperia-marie-reward-opponent.png. P2 Fire the Cannons pays1 and banishes opposing Marie; P2 Marie quests1 and receives only own drop1 while P1drop stays1. Both views distinguish YOU and OPPONENT named reward. Next P1 turn surviving Marie quests1 for total lore3 with drop still1 and no new A LITTLE TREAT log proving turn history reset. Proofs /tmp/hyperia-marie-player-two-reward.png; /tmp/hyperia-marie-turn-reset-no-reward.png. Healing fixture set14-audit-marie-healing Fire the Cannons deals2 to opposing Wildcat then Healing Glow removes2 leaving no damage markers; both dry Marie copies quest and each gains1 drop with named logs for total2 lore2 drops and0of2 ready ink. Proof /tmp/hyperia-marie-healed-damage-two-rewards.png. Simulator types pass0errors1existingwarning. Fresh healing-fixture reset Fire the Cannons targets own Marie for2 and banishes her; surviving own Marie quests1 with no drop or A LITTLE TREAT log. Proof /tmp/hyperia-marie-friendly-damage-no-reward.png. Prevention fixture set14-audit-marie-prevented Berlioz damage1 into Eeyore Resist1 resolves with no damage marker; Marie quests1 with no drop or A LITTLE TREAT log. Proof /tmp/hyperia-marie-prevented-no-reward.png. Simulator types pass0errors1existingwarning. Normal browser inking adds1 ready ink from5of5to6of6 without drop; other hand copy pays1 to5of6 and has disabled Quest and Challenge Fresh Ink controls. After both passes paid copy dries and quests1 without drop or A LITTLE TREAT log at6of6 ink. Proofs /tmp/hyperia-marie-normal-ink.png; /tmp/hyperia-marie-normal-play-fresh.png; /tmp/hyperia-marie-paid-next-turn-quest.png."
188,EmK,ci_EmK,Baloo,Delivery Pilot,character,"[{""title"": ""Payment Up Front"", ""description"": ""This character can't quest or challenge unless you got an ink drop this turn.""}]",src/cards/014/characters/188-baloo-delivery-pilot.ts,src/cards/014/characters/188-baloo-delivery-pilot.test.ts,reviewed; 9 tests 56 assertions pass,verified; drop permission and normal actions,Original no-drop quest test falsely overlapped Fresh Ink; now dry fixture quest rejects without exert or lore. Dry challenge rejects without damage. Arthur paid crafting gains current-turn drop then challenge succeeds and banishes2will victim while Baloo takes1. Spending earned drop on Fire the Cannons leaves0 drops but Baloo still quests2. Saved drop1 remains next turn yet quest rejects and lore stays2. Card types pass. P2 own current-turn drop enables quest2 and grants only P2drop1. Gained drop does not bypass fresh Baloo Quest or Challenge; paid2 entry leaves0 ink and no exert on rejected acts. Unpaid1 preserves hand then inking adds1 ready ink without drop. Card types pass. Added set14-audit-baloo fixture for dry quest and challenge permission plus earned drop and turn reset; Browser dry Baloo cannot Quest or Challenge before any earned drop. Found wrong challenge explanation claiming no legal targets despite opposing exerted Wildcat. Added engine-derived hasChallengeRestriction through runtime public board card-view and simulator mappings; presenter uses it for existing localized cannot-challenge tooltip. Public card regression confirms active flag true. Browser now displays This character cannot challenge right now. Proof /tmp/hyperia-baloo-restriction-reason-fixed.png. Presenter23tests48assertions and fullengine1288pass2skip53todo0fail; engine types pass. Browser Arthur play2 plus crafting1 from5to2 gains1 drop and immediately enables dry Baloo Quest and Challenge with restriction badge cleared. First Baloo challenges Wildcat for4 damage and receives4; both banish with exact public combat log. Second dry Baloo quests2 lore while saved drop stays1 and ink stays2of5. Proofs /tmp/hyperia-baloo-earned-drop-enabled.png; /tmp/hyperia-baloo-earned-drop-challenge.png; /tmp/hyperia-baloo-earned-drop-quest.png. P2 dry Baloo blocked Quest and Challenge before P2 own drop; paid Arthur2 plus crafting1 reduces3inkto0 and gains P2drop1 then Baloo quests2 lore. Next P1 turn saved P1drop1 remains yet ready Baloo Quest and Challenge both disabled with correct restriction reasons. Proofs /tmp/hyperia-baloo-player-two-blocked.png; /tmp/hyperia-baloo-player-two-quest.png; /tmp/hyperia-baloo-saved-drop-turn-reset.png. Browser normal inking increases5to6 ready ink without drop. Arthur play2 plus crafting1 earns1 drop; enabled drop payment plays fresh Baloo using1 drop plus1 ready ink leaving2of6 ink and0 drops. Named play log reports removed1 drop. Fresh Baloo Quest and Challenge stay disabled with Fresh Ink reasons. Dry Baloo still has enabled Quest and Challenge at0 drops then quests2 lore without spending ink. Proofs /tmp/hyperia-baloo-spent-drop-fresh-ink.png; /tmp/hyperia-baloo-spent-drop-quest.png.
189,pP7,ci_pP7,Koslov,Imposing Enforcer,character,"""""",src/cards/014/characters/189-koslov-imposing-enforcer.ts,src/cards/014/characters/vanilla-model-properties.test.ts,reviewed; 6 shared cases pass,not required; no printed abilities; basics excluded by revised scope,Shared vanilla tests now inspect willpower and lore from the actual paid card in the public player projection instead of a separate legacy fixture. Covers paid4 entry with4 strength4 willpower2 lore; quest2; challenge4; normal ink; unpaid3 rejection; Fresh Ink rejection followed by next-turn quest2. Shared suite108tests612assertions passes and card types pass. Added set14-audit-koslov browser fixture. Preview shows4 strength4 willpower2 lore and no ability. Paid4 leaves0of4 ink; Fresh Ink Quest and Challenge disabled with correct reasons. Dry copy quests2 lore. Second dry copy challenges opposing exerted Koslov for4 damage each way and both banish; named public log reports both damage values and both banishments. Proofs /tmp/hyperia-koslov-paid-fresh.png; /tmp/hyperia-koslov-quest-challenge.png. Simulator types0errors1existingwarning. Browser normal ink increases4to5 ready ink with no ability or drop; remaining copy paid4 leaves1of5 ink and no prompt. Both passes ready the newly played copy; that exact third play-zone copy quests2 lore with5of5 ink unchanged and named quest log. Separate reset paid4 leaves0of4 ink then remaining hand copy Play disabled with Needs4ink0available reason while Ink remains enabled. Proofs /tmp/hyperia-koslov-next-turn-quest.png; /tmp/hyperia-koslov-insufficient-ink.png.; Browser shared aura regression: Jafar disables Koslov Challenge with cannot-challenge reason despite exerted Fru Fru defender; Dragon Fire pays 5 and banishes Jafar with named log; Challenge becomes available and deals 4 to Fru Fru with 1 return damage and named banishment log; proof hyperia-challenge-aura-blocked.png and hyperia-challenge-aura-restored.png and hyperia-challenge-aura-combat.png Scope review 2026-10-05: no printed abilities; no ability-flow validation required. Previous browser status: verified; vanilla actions and logs. Historical basic-action evidence retained; any pending basic-action checks are outside scope.
190,LCo,ci_LCo,Sir Ector,Blustery Knight,character,"[{""title"": ""Well Deserved"", ""description"": ""During your turn, whenever this character banishes another character in a challenge, draw a card.""}]",src/cards/014/characters/190-sir-ector-blustery-knight.ts,src/cards/014/characters/190-sir-ector-blustery-knight.test.ts,reviewed; 11 tests 76 assertions pass,verified; victory draw boundaries and normal actions,Added mutual banishment reward and surviving defender no reward with exact hand and deck counts; another friendly attacker victory gives no draw; P2 own-turn victory gives only P2 ability draw beyond turn draw. Original own-turn and opponent-turn tests pass. Card types pass. Two victories with paid Fan the Flames ready effect each draw1 and consume2 deck cards. Dragon Fire banishment and quest2 draw nothing. Unpaid4 preserves hand and ready ink; normal ink adds1 without draw. Paid5 entry draws nothing and rejects Fresh Ink Quest and Challenge without exert; both passes then quest2 with only normal turn draw. Card types pass. Empty deck victory resolves without hand card bag or pending effect and game stays active until pass then P2 wins; CR1.8.1.2. Card types pass. Added set14-audit-sir-ector fixture with two dry Ectors two Wildcat targets opposing Ector and paid ready action. Simulator types0errors1existingwarning. Browser dry Ector challenges opposing Ector for6 each; both banish yet active player draws1 with hand3to4 deck6to5. Opponent hand0deck6 unchanged. Owner log names Well Deserved source and drawn Fru Fru; opponent log names ability source and draw1 but hides drawn identity. Proofs /tmp/hyperia-sir-ector-mutual-draw.png; /tmp/hyperia-sir-ector-opponent-draw-log.png. Replaced two Wildcat fixture targets with Fru Fru so repeated challenges can preserve Ector for the ready action. Browser same dry Ector banishes first Fru Fru dealing6 receiving1 and draws1 hand3to4 deck6to5. Fan the Flames paid1 ink6to5 readies same Ector and correctly blocks Quest but enables Challenge. Second Fru Fru challenge deals6 receives1 and draws1 again with deck5to4 and hand3to4 after action payment. Ector remains in play damaged2; opponent discard2; named logs show both Well Deserved draws and ready effect. Proof /tmp/hyperia-sir-ector-repeat-draw.png. Browser hand Ector ink increases5of6to6of7 and reduceshand4to3 with deck4 unchanged. Paid other Ector5 leaves1of7 hand2deck4 no draw or prompt; Fresh Ink Quest and Challenge disabled correctly. P2 own turn draws normal1 deck6to5 then Ector challenges damaged exerted P1Ector for6each mutual banishment; only P2 rewards draw1 deck5to4 hand1to2 while P1hand2deck4 unchanged. P2 owner reward log names drawn Fru Fru and previous P1draw identities remain hidden. Proofs /tmp/hyperia-sir-ector-paid-fresh-ink.png; /tmp/hyperia-sir-ector-player-two-draw.png. Next P1turn normal draw leaveshand3deck3 readyink7of7; exact newly played second remaining Ector quests2 lore with hand3deck3ink7unchanged and named quest log no Well Deserved reward. Proof /tmp/hyperia-sir-ector-next-turn-quest.png. Added negative fixture for surviving Yax another Koslov attacker and Dragon Fire plus empty-deck fixture. Browser negative fixture Ector deals6 to9will Yax receives7 and banishes while Yax survives6damage; hand1deck6 unchanged. Koslov banishes Fru Fru for4 and takes1 while other dry Ector remains; no reward hand1deck6. Dragon Fire paid5 banishes remaining Fru Fru leaveshand0deck6 and ink0 with named action banishment log no Well Deserved reward. Proof /tmp/hyperia-sir-ector-no-reward.png. Browser empty deck Ector banishes Fru Fru deals6 takes1; Well Deserved resolves naming source without falsely claiming a draw; hand0deck0 no pending prompt Pass available. Pass ends game with debug winnerplayer_two and reasonplayer_one ended turn with no cards in deck. Separate base paid5from6 leaves1 ready ink and remaining Ector Play disabled Needs5ink1available while Ink enabled. Proofs /tmp/hyperia-sir-ector-empty-reward.png; /tmp/hyperia-sir-ector-empty-loss-debug.png; /tmp/hyperia-sir-ector-insufficient-ink.png.
191,mVf,ci_mVf,Baloo,Freight Pilot,character,"""Resist +1""",src/cards/014/characters/191-baloo-freight-pilot.ts,src/cards/014/characters/191-baloo-freight-pilot.test.ts,reviewed; 8 tests 39 assertions pass,verified; Resist damage logs and normal actions,Added full prevention of Berlioz1damage; repeated Fire the Cannons2each adds1 each preserving preexisting1damage to3. Attacking Baloo takes3 from4strength enemy and dealsfull5. Damage3 plus reduced1 banishes at4. Original defensive3to2 and4to3 survival pass. Unpaid3 preserves hand and ink; normal inkadds1 no bag. Paid4entry no bag blocks fresh Quest and Challenge then both passes allow quest1. Card types pass. Added set14-audit-baloo-freight fixture; simulator types0errors1existingwarning. Browser Berlioz1 damage fully prevented Baloo no marker full4willpower; named SHARP LITTLE CLAWS source target log contains no false damage claim. Two separate Fire the Cannons2 events each deal1 displayed named log and accumulated damage2marker; paid three actions leaves4of7 ink. Proofs /tmp/hyperia-baloo-freight-prevented.png; /tmp/hyperia-baloo-freight-repeated-damage.png. Browser reset first dry Baloo challenges4strength4will Koslov; outgoing5 banishes Koslov while incoming4 becomes3 and Baloo survives damage3. Exact named combat log reports5 and3; ink7unchanged. Normal ink hand Baloo adds1 ready ink7to8 then paid other Baloo4 leaves4of8 ink with no effect prompt. Fresh entry preview5strength4will1lore and Resist1 badge; Quest and Challenge disabled with Fresh Ink reasons. Proofs /tmp/hyperia-baloo-freight-challenge.png; /tmp/hyperia-baloo-freight-paid-fresh.png. P2 Fire the Cannons paid1 targets wounded Baloo with3damage; Resist reduces2to1 and Baloo banishes at4 total. Named opponent action log reports actual1damage plus banishment. Next P1turn exact newly played remaining second Baloo is dry and quests1 lore with8of8 ink unchanged and named log. Proofs /tmp/hyperia-baloo-freight-lethal-resist.png; /tmp/hyperia-baloo-freight-next-turn-quest.png. Separate reset paid hand Baloo4from7 leaves3ink and other hand copy Play disabled Needs4ink3available while Ink enabled. Dry Baloo quests1 then P2Koslov challenges exerted Baloo; incoming4 becomes3 and defending Baloo deals5 banishing Koslov while Baloo survives damage3marker. Named public combat log shows3 and5 with correct victim banishment. Proofs /tmp/hyperia-baloo-freight-insufficient-ink.png; /tmp/hyperia-baloo-freight-defense.png.
192,zac,ci_zac,Kit Cloudkicker,Sure Shot,character,"[{""title"": ""Shift 3 {I}""}, {""title"": ""AERIAL ACROBATICS"", ""description"": ""Whenever this character quests, choose one:""}, {""title"": ""• Get 1 ink drop. (You may remove an ink drop to pay 1 {I}.)""}, {""title"": ""• Deal 1 damage to chosen character.""}]",src/cards/014/characters/192-kit-cloudkicker-sure-shot.ts,src/cards/014/characters/192-kit-cloudkicker-sure-shot.test.ts,reviewed; 16 tests 111 assertions pass,verified; quest modes Shift and normal actions,Removed as-never cast in Shift test; uses real dry Unpredictable Courier and proves Shift3 exact payment then immediate quest drop mode without waiting. Added drying and exerted base inheritance quest rejection without lore or drops. Unpaid Shift2 preserves hand ink and damaged base then normal inking adds1 ink no drop. Original two quest modes pass. Card types pass. Damage mode covers friendly self lethal opposing1will and Resist1fullprevention; allquest2 exert and no drop. P2quest choice rejects P1 then P2 gainsown1drop only. Successful Shift3 preservesdamage1 drybase and immediate damage-mode quest deals1 no drop. Card types pass. Opposing Ward target rejects without damage then friendly Ward succeeds on same pending damage choice. Location target rejects then valid character succeeds. Wrong-name own base and opposing Kit reject Shift without spending3ink or movinghand. Normal paid5entry costsallink no bag no drop or lore and rejects Fresh Ink Quest and Challenge without exert. Card types pass. Added set14-audit-kit-sure-shot fixture; simulator types0errors1existingwarning. Browser first dryKit quests2 selectsdrop gains1 with named AERIAL ACROBATICS log; second dryKit quests2 selectdamage targets Wildcat deals1 actual log and marker with savedDrop1 unchanged readyink8of8 lore4. Found choice dialog source subtitle incorrectly Shift3I instead of AERIAL ACROBATICS. Proofs /tmp/hyperia-kit-sure-shot-wrong-choice-title.png; /tmp/hyperia-kit-sure-shot-both-modes.png. Fixed choice dialog first-entry fallback by passing active abilityIndex from resolution session through choice state and TabletopBoard to overlay; uses abilityTextEntries mapping or indexed text entry and only single-entry fallback. Regression mixed Shift plus named choice asserts AERIAL ACROBATICS and excludes Shift. Overlay2tests13assertions pass; simulator types0errors1existingwarning. Browser repaired dialog shows AERIAL ACROBATICS and both correct options. Proof /tmp/hyperia-kit-sure-shot-choice-title-fixed.png. Browser Shift picker offered only three own matching-name Kits including Courier and excluded opposing Kit and other names. Shift onto dry Courier paid3 from8 leaving5 ink; new Sure Shot retains1 damage with3 remaining willpower and one card under. Immediate Quest enabled and gained2 lore; correct AERIAL ACROBATICS choice gains1 drop with named source and reward log while5of8 ink stays unchanged. Proof /tmp/hyperia-kit-sure-shot-shift-immediate-quest.png. Browser remaining hand Kit paid5 normal cost from5of8 to0of8 and enters Fresh Ink with4strength4willpower2lore. Saved1drop not spent and no entry reward; Quest and Challenge disabled with correct Fresh Ink reason. P2 turn own dryKit quests2 and gainsown1drop with3of3 readyink unchanged; named reward log identifies YOU for P2 and prior P1 reward as OPPONENT. Proofs /tmp/hyperia-kit-sure-shot-paid-fresh.png; /tmp/hyperia-kit-sure-shot-player-two-reward.png. Browser exact normally paid Kit becomes dry after both passes and quests2 on next own turn; choosesdrop and ownDrop1to2 with readyink8of8 unchanged and named AERIAL ACROBATICS reward log. Reload initial fixture then normal ink handKit moves to inkwell increasing8to9 readyink and hand2to1 with lore0 no drop no effects. Named inkwell log shows exact Kit. Proofs /tmp/hyperia-kit-sure-shot-next-turn-quest.png; /tmp/hyperia-kit-sure-shot-normal-ink.png.
193,GHQ,ci_GHQ,Arthur,Jousting Knight,character,"[{""title"": ""Shift 4 {I}""}, {""title"": ""Challenger +2""}, {""title"": ""VICTORY PURSE"", ""description"": ""During your turn, whenever this character banishes another character in a challenge, draw a card and get 1 ink drop. (You may remove an ink drop to pay 1 {I}.)""}]",src/cards/014/characters/193-arthur-jousting-knight.ts,src/cards/014/characters/193-arthur-jousting-knight.test.ts,reviewed; 18 tests 123 assertions pass,verified; challenge rewards Shift and normal actions,Removed Shift cast and made base explicitly dry. Challenger5 attack tested against5will mutual banishment gives draw1 drop1; surviving6will defender takes5 and gives no reward. Opponent-turn defensive victory gives no draw or drop. Card types pass. P2 own-turn victory draws1 beyond turn draw and gainsown1drop only. Two victories with paid Fan the Flames each draw1 and gain1drop. Empty-deck draw still gains1drop and leaves no bag or pending effect. Shift inherits drying or exerted state and damage1 using real Novice Blacksmith base; unpaid3 Shift preserves hand ink and damaged base. Normalpaid6 entry gives no reward and rejects Fresh Ink quest/challenge then next-turn quest2 gives no ability reward. Unpaid5 normal play preserves resources and normal inking adds1 without reward. Card types pass. Different friendly attacker victory and Dragon Fire banishment give no draw or drop. Defending deals printed3 damage to4will attacker and does not gain Challenger2. Wrong-name friendly and opposing Arthur Shift targets reject without payment or hand movement. Successful Shift now uses real Novice Blacksmith base and proves paid4 plus inheriteddamage1 then immediatequest2. Card types pass. Added set14-audit-arthur-jousting fixture with dry Arthurs damageddrybase paidreadyaction and victory or nonvictory targets. Simulator types0errors1existingwarning. Browser preview3strength6willpower2lore Challenger2. Arthur challenges SirEctor deals5 takes6 bothbanish; named VICTORY PURSE stilldraws1 and gains1drop; hand3to4 deck6to5 bank8of8unchanged. No opponent Well Deserved reward. Proof /tmp/hyperia-arthur-jousting-mutual-reward.png. Browser same dryArthur challengesFruFru for5out1in then paidFanFlames1readiesit; Questblocked with action source and Challengeenabled. SameArthur winssecondFruFru for5out1in and eachvictory draws1 gains1drop. Deck6to4 hand3to4 afterpaidaction bank8to7 Drop0to2 Arthurdamage2. Both named VICTORY PURSE logs show exactdraw and reward. Proof /tmp/hyperia-arthur-jousting-repeat-rewards.png. Browser Shiftpicker contains3ownArthur bases and excludes opposingArthur and other names. Shift onto damageddryNoviceBlacksmith paid4 bank7to3of8 hand4to3 and retaineddamage1 with5remainingwillpower; shiftedbadge onecardunder noFreshInk and Quest/Challengeenabled. Immediatequest2 givesnoVictoryPurse reward deck4 hand3 Drop2unchanged with namedShift and questlogs. Proof /tmp/hyperia-arthur-jousting-shift-quest.png. Browser reload normalinkhandArthur increasesreadyink8to9 hand3to2 noDrop noDraw lore0 namedinkwelllog. RemainingArthur normalpaid6 leaves3of9ink hand1 deck6 noDrop norewardprompt. ExactnewArthur preview3strength6willpower2lore FreshInk withQuestandChallengedisabled correctreasons. Proof /tmp/hyperia-arthur-jousting-paid-fresh.png. Browser exact normallypaidArthur becomesdry afterbothpasses and quests2 onnextownturn with9of9ink unchanged deck5 hand2 andnoDrop noVictoryPurse. P1Novicequests1 thenP2turn ownArthur challengesit for5out2in banishesNovice; named VICTORY PURSE draws1 gainsownDrop1 readyink3of3 unchanged. P2deck4to3 hand2to3 beyondnormalturn draws; P1deck5hand2 unchanged. Proofs /tmp/hyperia-arthur-jousting-next-turn-quest.png; /tmp/hyperia-arthur-jousting-player-two-reward.png. Browser reset Arthur challengesYax deals5takes7; ArthurbanishesYaxsurvivesdamage5 and noVictoryPurse. Ownhand3deck6readyink8 noDropunchanged. RemainingArthurquests2 thenP2Arthurattacksit deals5takesprinted3; bothsurvivewithmarkers5and3 noVictoryPurse eitherplayer. P1hand3deck6ink8 andP2hand1deck5ink3unchanged afterchallenge. Confirms Challenger attackonly and no survivingdefender reward. Proofs /tmp/hyperia-arthur-jousting-no-victory.png; /tmp/hyperia-arthur-jousting-defense.png. Action banishment differentattacker invalidShift targets and emptydeck continuation covered by unit tests only.
194,PXK,ci_PXK,Mr. Big,Distribution Magnate,character,"[{""title"": ""Ice Out"", ""description"": ""At the end of your turn, if all cards in your inkwell are exerted, chosen opposing character can't challenge until the start of your next turn.""}]",src/cards/014/characters/194-mr-big-distribution-magnate.ts,src/cards/014/characters/194-mr-big-distribution-magnate.test.ts,reviewed; 13 tests 79 assertions pass,verified; endturn restriction expiry and normal actions,Original allinkexerted endturn target restriction and nextownturn expiry pass; readyink1 prevents trigger. Added chosencharacter canquest; P2controller restrictsP1 chosenattacker only with legalexerteddefender; friendlytargetreject preservespendingchoice then opposingtarget succeeds. Card types pass. OpposingWard and location reject without losingpendingchoice thenvalidcharacterrestricted. Unpaid1normalplay preserveshandink then normalink adds1noBagnoDrop. Paid2from3 leaves1readyink noentrybag FreshQuest/Challengereject noexert; bothpasses nextturnquest1 noDrop. Card types pass. Noopposingcharacter onlyWard or onlylocation completesendturn withnoBag nopendingeffect andopponentcanpass. Opponentendturn givesnoextraIceOuttrigger. Card types pass. Added set14-audit-mr-big browserfixture withpaidentry2 dryattackers friendlyexerteddefender opposingWardandlocation. Simulator types0errors1existingwarning. Browser paid2 leaves0of2ink noentryprompt; Passendturn opens namedIceOuttargetguidance. Picker lists2opposingKits only excludesWard location andfriendlycards. ChoosefirstKit appliesCantChallengebadge andnamedsource targetresolvedlog thenP2priority. Proof /tmp/hyperia-mr-big-ice-out-target.png. Browser P2chosenKit preview hasCantChallengebadge namedMrBigactiveeffect expirytext anddisabledChallenge withrestrictionreason whileQuestandMoveenabled. RestrictedKitquests2 andresolvesownAERIALdrop1; unchosensecondKitChallengeenabledagainstlegalKoslov. Proof /tmp/hyperia-mr-big-challenge-blocked.png. Browser P2pass returnsP1turn andformerlyrestrictedKit losesCantChallengebadge andnamedactiveeffect immediately. PaidMrBig nowdryquests1 noextraIceOut; Koslovquests2 thenP1passeswith2of2readyink noIceOutprompt. NextP2 samefirstKitChallengeenabled andsuccessfullychallengesKoslov4eachbothbanish namedlog. Proofs /tmp/hyperia-mr-big-expired-effect.png; /tmp/hyperia-mr-big-expired-challenge.png. Browser P2normalpaidMrBig2leaves0of2ink thenownendturnIceOutpicker containsonlyP1MrBig excludesowncharacters. TargetP1MrBig receivesCantChallenge whilebeingreadiedforownturn; effectpersists throughP1start becauseexpirybelongsP2source. P1previewQuest1enabled Challengeblocked withcorrectreason andnamedMrBigactiveeffect. NamedIceOutsource targetlog includesactualnextturnready. Proof /tmp/hyperia-mr-big-player-two-controller.png. Browser P1normalinksremainingMrBig readyink2to3 withnamedinkwelllog noeffect orDrop. P1passeswithreadyink andP2start removesCantChallenge fromP1MrBig provingP2sourceexpiry. Resetpaid2entry preview0strength2willpower1lore FreshInk Quest/Challengedisabledcorrectreasons. RemaininghandcopyPlaydisabled Needs2ink0available whileInk enabled. Proofs /tmp/hyperia-mr-big-player-two-expiry-ink.png; /tmp/hyperia-mr-big-paid-fresh.png; /tmp/hyperia-mr-big-insufficient-ink.png. Noeligible-target andinvalidexplicit-target flows covered by unit tests only.
195,lux,ci_lux,Shere Khan,Khan Industries CEO,character,"[{""title"": ""NEW INCENTIVE"", ""description"": ""When you play this character, chosen character can challenge ready characters this turn.""}, {""title"": ""CORNER THE MARKET"", ""description"": ""Once during your turn, whenever one of your other characters banishes another character in a challenge, get 1 ink drop. (You may remove an ink drop to pay 1 {I}.)""}]",src/cards/014/characters/195-shere-khan-khan-industries-ceo.ts,src/cards/014/characters/195-shere-khan-khan-industries-ceo.test.ts,reviewed; 21 tests 119 assertions pass,verified; mandatory chooser; ready challenge; Ward self opposing grants; expiry; per-copy reward limits; player-two reset; negative victories; drop payment; both logs,"Original chosenfriendlyreadychallenge andotherfriendlyvictoryreward pass. Removedoptionalchoiceargs frommandatoryNewIncentivetarget. Addedtwootherallyvictories sameownturndrop1only; selfvictorydrop0; selfNewIncentivegrantcannotoverrideFreshInk andfailedchallengeleavesunexerted. Card types pass. Addedgrantduration nextownturn readyenemychallenge rejects withoutdamageorexert. Rewardresetsnextownturn secondvictory gainssecondDrop. P2ownothervictory gainsP2Drop1only. Opponentturndefensivevictory givesnoDrop. Card types pass. TwoKhan copies queue2Victorytriggers; publicresolveorder givesDrop2. Nonlethal4damage to5will givesnoDrop. OpposingWardandlocationgranttargetsreject thenvalidfriendlytargetcanattackreadyenemy. FriendlyWardtargetgrant succeeds. OpposingnonWardgranttarget accepted butexpiresbeforeopponentturn readydefenderchallenge rejects. Noninkableinkaction andunpaid3play reject preservinghandink noBag noDrop. Paid4entry leaves0ink mandatoryselfgrant thenFreshQuest/Challengereject; bothpasses nextownquest1 noDrop withonlynormalturndraw. DragonFirebanishment givesnoDrop. Card types pass. Added distinct set14-audit-shere-khan-ceo fixture preservingolderTycoonroute. CEOhand2 bank4 ownKoslov2 andfriendlyWard; opposingreadyWildcat exertedFruWardlocation. Simulator types0errors1existingwarning andbrowserfixtureloads correctCEOcards. Proof /tmp/hyperia-shere-khan-ceo-fixture.png. Browser paid4leaves0ink mandatoryNEW INCENTIVEpicker lists6legalchars includesownWard self andopponentnonWard excludesopposingWard location. GrantKoslov thenchosenKoslovchallengesreadyWildcat4eachbothbanish; CORNER THE MARKETgainsownDrop1 namedsourceandactualdamage/banishmentlogs. Proof /tmp/hyperia-shere-khan-ready-victory.png. Foundactiveeffecttitle raw can-challenge-ready insteadofplayerfriendlylabel. Proof /tmp/hyperia-shere-khan-raw-grant-label.png. Repaired grantlabel with localized Can challenge ready characters in5locales preserving namedability/textpriority. Effectvisibility2tests4assertions pass; simulatorsveltecheck0errors1existingwarning. BrowsergrantedKoslov activeeffectshows readablelabel sourceCEO andThisturn; namedNEW INCENTIVEtargetlog correct. Proof /tmp/hyperia-shere-khan-grant-label-fixed.png. Browser granttoKoslov thenPassConfirm reachesopponentturn withKoslov activeeffectremoved; opponentdrawonly deck6to5 hand0to1 andDrop0both. Proof /tmp/hyperia-shere-khan-grant-expired.png. Browser sameownturn grantedKoslovmutualWildcatbanishment givesDrop1 andsingleCORNER THE MARKETnamedlog; secondKoslovbanishesexertedFru4out1in survivesdamage1 withDropstill1 nosecondrewardlog hand1deck6ink0 unchanged. Proof /tmp/hyperia-shere-khan-once-per-turn.png. Completed Player Two browser: opposing-turn friendly defense, sole CEO own victory, nonlethal challenge, location victory and Dragon Fire give no reward and leave later reward available. Second CEO entry mandatory picker belongs only to Player Two, includes own Ward and opposing non-Ward characters, excludes opposing Ward and locations. Exact selected Koslov challenges ready Wildcat; two CEO sources queue two named rewards and grant exactly two controller drops. Second ally victory same turn grants no extra. One drop pays Fru at zero ready ink, leaving one. After both passes, surviving Koslov defeats re-exerted Fru and both limits reset, granting two more to total three. Separate grant fixture accepts self, friendly Ward Aladdin and opposing Koslov: self retains Fresh Ink with both actions disabled despite readable ready-challenge effect; Ward Aladdin actually challenges ready wounded Fru for two outgoing and one incoming damage; opposing Koslov has readable this-turn source grant which expires on pass, and ready-CEO challenge attempt leaves attacker ready with no damage or false challenge log. Both player logs agree on named targets, four reward entries across two own turns, actual damage, drop payment and ownership, without opponent private draw identities. Added unit mandatory missing/multiple/wrong-player atomic rejection and retry, another CEO counting as an other character without consuming winner limit, drop payment, and location victory not consuming reward. No new runtime repair needed. Proof /tmp/hyperia-ceo-opposing-turn-no-reward.png; /tmp/hyperia-ceo-p2-self-no-reward.png; /tmp/hyperia-ceo-p2-survivor-no-reward.png; /tmp/hyperia-ceo-p2-location-no-reward.png; /tmp/hyperia-ceo-p2-action-no-reward.png; /tmp/hyperia-ceo-p2-wrong-chooser.png; /tmp/hyperia-ceo-p2-target-picker.png; /tmp/hyperia-ceo-p2-two-rewards.png; /tmp/hyperia-ceo-p2-once-per-copy.png; /tmp/hyperia-ceo-p2-next-turn-reset.png; /tmp/hyperia-ceo-p2-owner-log.png; /tmp/hyperia-ceo-p2-public-log.png; /tmp/hyperia-ceo-self-grant-fresh-ink.png; /tmp/hyperia-ceo-friendly-ward-ready-victory.png; /tmp/hyperia-ceo-opposing-grant.png; /tmp/hyperia-ceo-opposing-grant-expired-blocked.png; /tmp/hyperia-ceo-grants-owner-log.png; /tmp/hyperia-ceo-grants-public-log.png. Card types pass; simulator types zero errors/one existing warning; full Hyperia2836 tests/20561 assertions."
196,j6f,ci_j6f,Tiana,Party Hostess,character,"[{""title"": ""Shift 5 {I}""}, {""title"": ""IDEAL VENUE"", ""description"": ""When you play this character, you may draw 2 cards, then choose and discard a card. If you discarded a location card this way, you may play it from your discard for free.""}]",src/cards/014/characters/196-tiana-party-hostess.ts,src/cards/014/characters/196-tiana-party-hostess.test.ts,clause review complete,verified primary play and Shift flows,Reviewed3existingtests outerdecline nonlocationdiscard locationfreeplay. Added innerfreeplaydecline keepslocationdiscard bothdrawncardshand deck0 bank0 Bag0; drawnnonlocationdiscard accepted originalhandcardretained deck0 bank0 Bag0. Focused5tests37assertions pass cardtypespass. Added active regression witholderCentralStationdiscard and newlydiscardedPortAuthority. Confirmedfailure: freeplay acceptsolderCentralStation contraryto it reference. Fixed typed inEventSnapshotDiscardedCards filter inselectioncontext targetanalysis targetresolver andplayresolver; Tianafreeplay limitsdiscardedIDs fromabilitysnapshot. Regressionrejectsolderlocation thenplaysnewlydiscardedlocationfree. Focused6tests46assertions cardtypespass; fullengine1288pass2skip53todo0fail3631assertions engine typespass. Added realRestauranteur drydamage1 Shiftbase paid5bank0 retainsdamage1 outerdecline noDraw thenimmediatequest2. Unpaid4Shift rejects preserveshandsbaseDamagebank noBag. Focused8tests60assertions cardtypespass. Added dryingandexertedShiftbases bothretain damage1 andquestreject afterpaid5 outerdecline. WrongnameShiftreject preserveshandbasebank5 noBag. Emptydeckaccepted draw0 stilldiscardslocation andfreeplaysit hand0deck0bank0Bag0. Focused12tests86assertions cardtypespass. P2paid7 draw2/discard/freeplay affectsonlyP2 whileP1zonesunchanged. OpposingTianaShiftrejectpreservesbank5handbase noBag. Normalpaid7 freshquestreject outerdecline thenbothpasses nextownquest2 onlynormaldraw. Unpaid6playreject thennormalink6to7 noability noDraw. Focused16tests123assertions cardtypespass. Initialclausereviewcomplete. Added set14-audit-tiana-hostess fixture bothseatsTiana handlocation andolderCentralStationdiscard; P1dryRestauranteurdamage1 bank7 hand4 deck6. Simulatorcheck0errors1existingwarning. Browserfixtureloadedcorrectcardszonesbank proof /tmp/hyperia-tiana-hostess-fixture.png. Browserpaid7bank0 hand4to3 acceptedouterIDEALVENUE drew2deck6to4 hand3to5 namedDrawlog. Discardpicker5includesbothdrawnFru andoriginalhand; chosePortAuthority hand5to4 discard1to2 separateoptionalIDEALVENUE. AcceptedinnerYes autojustdiscardedPortAuthorityplaysfree bank0 discardback1 olderCentralStationstaysdiscard. Proof /tmp/hyperia-tiana-free-location.png. FinalyeslognamesIDEALVENUE butdoesnotstatePortAuthorityfreeplay; intermediateDiscardlogomitabilityname. Fixedoptionalwrappedplay-card logtargetlookup toreadactualchosenCardId. Mockengineoptionalfreeplaylogregression5tests21assertions engine typespass fullengine1289pass2skip53todo0fail3635assertions. Browserrepeat finalnamedIDEALVENUEYeslog nowtargetsPortAuthority; olderCentralStationremainsdiscard freeentrybank0 unchanged. Proof /tmp/hyperia-tiana-free-location-log-target-fixed.png. BrowserouterNo afterpaid7 leaveshand3deck6discard1bank0 unchanged nofurtherchoices; namedIDEALVENUEchoosingNo log. FreshTiana previewprinted4/5/2 QuestandChallengedisabledFreshInk explanation. Proof /tmp/hyperia-tiana-decline-paid-fresh.png. BrowserShiftpickeronly1ownRestauranteur excludesopposingTiana; Shift5bank7to2 preservesdamage1remainingwill4 and1cardunder noFreshInk. NamedShiftlogcorrect; declineIDEALVENUE hand3deck6 unchanged thenimmediatequest2 namedquestlog bank2same. Proof /tmp/hyperia-tiana-shift-quest.png. Repaired nameddiscardlog andsuccessfuloptionalFreePlaylog6locales. Enginefocused6tests25assertions full1290pass2skip53todo0fail3639assertions typespass. Browserrepeat IDEALVENUE nameddiscardPortAuthority thenfinalIDEALVENUEfromTiana playingPortAuthorityforfree bothcorrect; olderCentralStationdiscard bank0. Proof /tmp/hyperia-tiana-discard-freeplay-logs-fixed.png. Browserpaid7outerNo thenremainingTiana Playneeds7andShiftneeds5disabled0available whileInkallowed. InkTiana hand3to2 bank0of7to1of8 deck6discard1Lore0 unchanged noIDEALVENUEprompt; namedinklog. Proof /tmp/hyperia-tiana-unpaid-controls.png and /tmp/hyperia-tiana-normal-ink.png. BrowserP2turnnormaldraw hand2to3deck6to5 thenpaid7hand3to2bank0; acceptedIDEALVENUEdraw2 hand2to4deck5to3. P2discardpicker4cards onlyownhand Fru3PortAuthority; discardedFru hand4to3discard1to2 nofreeplayoptional noeligiblelocationplayed. NamedIDEALVENUEdiscardlogcorrect P1hand2deck6bank1of8unchanged. Proof /tmp/hyperia-tiana-player-two-nonlocation.png. BrowserP2passed thenP1normalturn draw hand2to3deck6to5 bank8of8. NormallyplayedTiana noFreshInk Questenabled; questLore0to2 exertsTiana withnamedquestlog noIDEALVENUEprompt hand3deck5bank8 unchanged. Proof /tmp/hyperia-tiana-next-turn-quest.png. BrowserinnerfreeplayNo afterdraw2andPortAuthoritydiscard closesallchoices namedIDEALVENUEchoosingNo log; hand4deck4bank0 unchanged discard2 containsPortAuthorityandolderCentralStation noLocationinplay. Proof /tmp/hyperia-tiana-inner-freeplay-decline.png. BrowserP2paid7bank0 acceptedIDEALVENUEdraw2 hand2to4deck5to3 thenown4carddiscardpicker chosePortAuthority hand4to3discard1to2. AcceptedinnerYes PortAuthorityentersP2playfreebank0 discardback1olderCentralStationretained. Nameddiscardandexplicitfreeplaylogscorrect P1hand4deck4discard2bank0 unchanged. Proof /tmp/hyperia-tiana-player-two-freeplay.png. Primarybrowserbranchescomplete; emptydeck andinvalidtargetboundaries unitverified.
197,iRc,ci_iRc,Jousting Match,,action,"""Deal 2 damage to chosen character. If you removed an ink drop to play this action, deal 5 damage instead.""",src/cards/014/actions/197-jousting-match.ts,src/cards/014/actions/197-jousting-match.test.ts,clause review complete,verified primary payment and damage flows, Browser paid 3 drops with 20 ready ink; dealt 5 damage and banished Archimedes. Reviewed2existingdamagebranches. Replacedrawinkdropstatewithpublicquery. Added unusedhelddropsdoNotBoost damage2drops2retainedbank0 actiondiscard; all3dropPayment damage5not7drops4to1bank0; unavailableclaimedDroprejectdespiteready3ink preservesdamage0hand1discard0bank3drops0. Focused5tests23assertions pass cardtypespass. AddedfriendlyWardlegal2damagebanishesAladdin; opposingWardrejectpreservesbank2drop1hand1discard0damage0. Resistordinary2reduces1withprior1total2survives; boosted5reduces4banishesBaloo. Ordinary2reachesremaining2willpowerbanishes12willtargetwithprior10damage. Focused10tests44assertions pass cardtypespass. Addedlocationtargetrejectpreservesbank2drop1hand1locationplay; insufficientcombined1ink1droprejectpreservesdamage0hand1bank1drop1. Normalink movesactiontoinkwellbank2to3drops1unchanged damage0Bag0. P2paid2ink1drop damage5toP1target bank0drop0actiondiscardBag0 whileP1bank4drops2 unchanged. Focused14tests69assertions pass cardtypespass. Unitclausereviewcomplete; focusedbrowserbranchespending. Addedset14-audit-jousting-match fixture P1hand4actionsbank9drops3friendlyWardKoslov; P2hand2actionsbank3drop1ResistBalooYaxFruWardAladdinlocation. Browserloadedcorrectcardscountsresources. Simulatorcheck0errors1existingwarning. Proof /tmp/hyperia-jousting-match-fixture.png. Browserordinarypayment bank9to6drops3retained hand4to3actiondiscard1Yaxdamage2 namedactiondamage2targetlog. Targetpicker5includesfriendlyWardKoslovoppBalooYaxFru excludesoppWardandlocation. Proof /tmp/hyperia-jousting-match-ordinary-ink.png. Browserdropmode3dropPayment bank6unchangeddrops3to0hand3to2actiondiscard2 boosted5reducedbyResist1to4banishesBaloodiscard1. NamedlogshowsBaloo banish damage4 and3dropsremoved. Proof /tmp/hyperia-jousting-match-drop-resist.png. BrowserfriendlyWardselectedownAladdinlegal paid3bank6to3hand2to1discard2to4 actionandAladdinbanished; named2damageAladdinbanishlog. Proof /tmp/hyperia-jousting-match-friendly-ward.png. Browserinklastactionhand1to0bank3of9to4of10discard4unchanged Yaxdamage2unchanged nochoiceordamage logonlynamedink. Proof /tmp/hyperia-jousting-match-normal-ink.png. BrowserP2normaldraw hand2to3deck6to5 thenmixedpayment1drop2readyink bank3to1drop1to0hand3to2actiondiscard1to2; chosenopposingKoslov5damagebanishedP1discard4to5 P1bank4of10unchanged. NamedlogKoslovbanish5damage1dropremovedcorrect. Proof /tmp/hyperia-jousting-match-player-two-mixed.png. Browserordinaryink3bank9to6drops3retainedhand4to3actiondiscard1 BalooResist1reduces2to1 surviveswithdamage1oppdiscard0. NamedlogJoustingMatchdealt1toBaloo correct. Proof /tmp/hyperia-jousting-match-ordinary-resist.png. Primarybrowserbranchescomplete; invalidpayments unitverified.
198,Ati,ci_Ati,Ink Explosion,,action,"""Deal 4 damage to chosen character. Get 1 ink drop. (You may remove an ink drop to pay 1 {I}.)""",src/cards/014/actions/198-ink-explosion.ts,src/cards/014/actions/198-ink-explosion.test.ts,clause review complete,verified primary payment and damage flows, Reviewedexisting4damagegain1test replacedrawdropstatewithpublicquery. AddedexistingdropPayment3ink1drop spendsbeforegain finaldrop1damage4bank0actiondiscard; futureDropcannotpay3ink0drop rejectsdamage0handbank3unchanged; friendlyWardlethal stillgainsdrop2to3bank0bothcardsdiscard; opposingWardreject noDropgainhandbank4drop2unchanged; Resist4reduces3BaloosurvivesstillDrop1; P2paid4damage4gain1onlyP2drop1to2P1drop2bank3unchanged. Focused7tests34assertions pass cardtypespass. AddedResist4fullyprevents4damage stillDrop1actiondiscardtargetplay; locationrejectbank4drop0handactionunchanged; all4dropPayment0ink drop4to1damage4actiondiscard; noninkableinkrejectpreserveshandbank4drops2damage0Bag0. Focused11tests55assertions pass cardtypespass. Unitclausereviewcomplete browserpending. Addedset14-audit-ink-explosion fixture P1hand3bank8drop1friendlyWardYax; P2hand1bank4drop1BalooResistKoslovWardlocation. Browserloadedexpectedcardsresources. Simulatorcheck0errors1existingwarning. Proof /tmp/hyperia-ink-explosion-fixture.png. BrowsernoninkablepreviewPlay4onlynoInk. Picker4ownWardYaxoppKoslovBaloo excludesoppWardlocation. Ordinarypaid4bank8to4drop1to2hand3to2actiondiscard1 BalooResist1damage3survives named3damagegain1droplog. Proof /tmp/hyperia-ink-explosion-resist-gain.png. Mixed2drops2inkbank4to2drop2to1hand2to1actiondiscard2 chosenKoslov4damagebanishedoppdiscard1; namedlog4damagebanishremove2gain1correct. Proof /tmp/hyperia-ink-explosion-mixed-lethal.png. BrowserremainingP1action disabledNeeds4ink2available with2ink1drop noInkcontrol handbankdropdamageunchanged. Proof /tmp/hyperia-ink-explosion-insufficient.png. P2normaldrawhand1to2deck6to5 thenpaid4readyinkbank4to0drop1to2hand2to1discard1to3actionandownWardAladdinbanished4damage. OwnWardlegalpicker3ownBalooAladdinoppYax excludesoppWardlocation. NamedlogAladdinbanish4damagegain1correct; P1hand1bank2drop1unchanged. Proof /tmp/hyperia-ink-explosion-player-two-ward.png. Primarybrowserbranchescomplete; fullprevention andallDropPayment unitverified.
199,PuN,ci_PuN,Khan Transport Delivery,,action,"""Draw a card. Get 1 ink drop. (You may remove an ink drop to pay 1 {I}.)""",src/cards/014/actions/199-khan-transport-delivery.ts,src/cards/014/actions/199-khan-transport-delivery.test.ts,clause review complete,verified primary draw and payment flows, Reviewedexistingdraw1gain1test. Addedexactdeckcardhandactiondiscardpaid2helddrops2to3Bag0; mixed1ink1dropspendsbeforegainfinaldrop1bank0deck0; all2drops0inkfinaldrop1exactdraw; insufficient1inkfutureDroprejectpreserveshanddeckbankdrops; noninkableinkrejectnodrawgainbankchange; P2normalturnDrawthenactionDraw affectsP2onlybank0drop1to2hand2deck0 P1bank3drop2deck3unchanged. Focused7tests42assertions pass cardtypespass. Addedemptydeckdraw0stillgainDrop1paid2actiondiscardhand0bank0gamecontinuesuntilPassTurnthenP2winner. UnavailableclaimedDrop1held0rejectdespiteready2ink preserveshanddeckbank2drop0discard0. Focused9tests58assertions pass cardtypespass. Unitclausereviewcomplete browserpending. Addedset14-audit-khan-delivery fixture P1hand3actionsbank2drop1deck1Fru; P2hand2actionsbank2drop1deck6. Browserloadedcorrectcountsresources. Simulatorcheck0errors1existingwarning. Proof /tmp/hyperia-khan-delivery-fixture.png. BrowsernoninkablepreviewPlay2noInk. Ordinarypaid2bank2to0drop1to2 deck1to0 drewFruhand3same actiondiscard1 nameddraw1Fruandgain1log. Proof /tmp/hyperia-khan-delivery-draw-gain.png. Secondcopyall2dropPaymentbank0unchangeddrop2to1hand3to2discard1to2emptydeckdraw0 noFalseDrawlog onlyremoved2gain1gamecontinues. Proof /tmp/hyperia-khan-delivery-empty-drop-payment.png. BrowserremainingactionPlaydisabledNeeds2ink0available whilehelddrop1cannotcover2 noInk noeffectsresourcesunchanged. Proof /tmp/hyperia-khan-delivery-insufficient.png. Passedemptydeckturn gameended postgamenavigationappears; visibledebugwinnerP2reasonP1endedturnwithnocardsindeck correct. Proof /tmp/hyperia-khan-delivery-empty-terminal.png and /tmp/hyperia-khan-delivery-terminal-reason.png. ConfirmedpresentationgapmainviewpostgameonlynavigationnoWinnerorReasonmessage eventlogonlyPassedturn. Fixedsidebarterminalresultfromfinishedboardsummary independentofsavedgameID. Existinglocalizedresultlabels reused; fixtureplayerIDs becomePlayerOne/Two labels. BrowserrepeatdeliverylastdrawthenPassshowsDefeatandPlayerOneendedturnwithnocardsindeck mainviewcorrect. Simulatorcheck0errors1existingwarning. Proof /tmp/hyperia-khan-delivery-terminal-display-fixed.png. BrowserP2normaldraw hand2to3deck6to5 thenmixed1ink1drop bank2to1drop1unchangedspentandregained hand3samedeck5to4actiondiscard1drewFru. Namedlogdraw1remove1gain1Fru correct. P1hand3deck1bank2drop1unchanged. Proof /tmp/hyperia-khan-delivery-player-two-mixed.png. Primarybrowserbranchescomplete.
200,cie,ci_cie,People Gonna Come Here,,action,"""Play a location from your hand or discard for free. If a character sang this song, you may move them to that location for free.""",src/cards/014/actions/200-people-gonna-come-here.ts,src/cards/014/actions/200-people-gonna-come-here.test.ts,reviewed; 10 tests 76 assertions pass,verified; hand discard free play; paid branch; mandatory owner-only chooser; exact duplicate location and singer; optional move decline; no location; both logs,"Move binds to newly played location; rejects explicit older destination; hand and discard movement plus decline verified in units; Browser hand song plays and moves singer only to new location; bank unchanged; free-play log names location; Move log now names singer and destination; discard free play and movement verified in browser with bank unchanged; Decline verified: singer remains outside location and no move log; paid 7-ink play verified with no singer move and existing location preserved; Player Two discard free play and singer movement verified; both banks remain 7 and Player One board unchanged; named movement log attributed to Player Two; Additional ownership test rejects opposing discarded location and wrong-player choice without consuming free play; owner subsequently plays own location and moves singer at zero ink. Singing fixtures now explicitly dry. Browser coverage of printed hand and discard and paid and decline branches already recorded.; No-location browser verified in set14-audit-people-no-location: Maui sings at zero ink while only older Central Station is in play and opposing Belle House is discarded; accept optional decision completes song to discard; Maui remains exerted outside station with zero occupants; no free-play or movement outcome log; Pass Turn returns. Prompt still offers Yes and No for a move with no destination and remains a presentation review item. Proof /tmp/hyperia-people-no-location.png. Simulator types zero errors and one existing warning.; Fixed unnecessary optional move by requiring prior free location play to succeed via if-you-do plus sung condition; strengthened no-location unit to require immediate zero pending choices. Nine tests and 59 assertions pass including normal hand and discard and decline branches. Browser retest finishes immediately after Maui sings with song in discard and no Yes or No prompt; old Central Station remains empty; no movement or choosing-yes log. Proof /tmp/hyperia-people-no-location-prompt-fixed.png supersedes prior optional-prompt finding. Historical card type gate failures outside this card have cleared; current card types pass. Completed exact Player Two browser: two own hand Ports and two own discarded Belle Houses are the only mandatory free-play candidates, with no Skip, character, old-location or opposing-discard target. Player One view cannot resolve the choice and sees private hand cards face down. Second visible discarded Belle is played at zero ink; accepting moves only the second Maui singer to that new copy, leaving original Belle empty and first Maui outside. The second song, sung by first Maui, plays one hand Port free; decline leaves that singer outside while prior Maui remains at the prior new Belle. Both logs agree on two sung plays, exact named free locations, one named movement and choosing no. Rechecked no-location fixture: immediate song discard, zero pending choice, old Central Station empty, exerted singer outside, pass available and no false move or choosing-yes entry in either log. Added exact-ID unit regression for two discarded copies, two singers, mandatory empty/multiple rejection and wrong old destination retry. No new runtime repair needed. Proof /tmp/hyperia-people-p2-location-picker.png; /tmp/hyperia-people-p2-wrong-chooser.png; /tmp/hyperia-people-p2-exact-discard-destination.png; /tmp/hyperia-people-p2-hand-decline.png; /tmp/hyperia-people-p2-owner-log.png; /tmp/hyperia-people-p2-public-log.png; /tmp/hyperia-people-no-location-final.png; /tmp/hyperia-people-no-location-owner-log.png; /tmp/hyperia-people-no-location-public-log.png. Full Hyperia2837 tests/20578 assertions; card types pass; simulator types zero errors/one existing warning."
201,lTH,ci_lTH,Hyperia City Express,,item,"[{""title"": ""EASY COMMUTE"", ""description"": ""{E} — Move a character of yours to a location for free.""}, {""title"": ""STYLISH CONVENIENCE"", ""description"": ""Your Hyperia City locations get +2 {W}.""}]",src/cards/014/items/201-hyperia-city-express.ts,src/cards/014/items/201-hyperia-city-express.test.ts,16 tests / 72 assertions pass; text-box ability review complete,verified text-box abilities in both player views,"Free movement includes drying characters and non-Hyperia locations; opponent character and location rejected without exert cost; immediate activation after play and repeat rejection; own Hyperia bonus stacks and excludes opponent locations; Browser free movement of drying Koslov to non-Hyperia location verified; bank 1 unchanged; item exerted and character remains Fresh Ink; named move and activation logs shown; Port Authority shows 10 willpower; Browser stacked bonus verified: own Port Authority 12 versus opponent 10; newly played item activates immediately at zero available ink and moves drying character; named logs correct; Player Two free movement at zero ink verified with named logs and item exertion; character remains ready to quest; Player One board and 12 willpower unchanged while Player Two location stays 10; Required movement prompt repaired and browser verified: no optional label or Skip; engine rejects empty movement and retains choice; copy regressions 25 tests / 53 assertions pass; Added public-action source banishment tests: own Port Authority loses willpower ten to eight while non-Hyperia location remains five; nine-damage Port Authority survives with Express then is banished when source removal makes damage lethal. Source-removal browser verified in set14-audit-express-removal: own Port Authority initially shows willpower ten and damage nine; Break spends two ink to zero and banishes Express then Port Authority; exact names appear in public log; discard count three includes Break and both banished cards; own Belle House and opposing Port Authority remain in play. Proof /tmp/hyperia-express-source-removal.png. Simulator types zero errors and one existing warning. Player Two exact-copy browser: mandatory picker offers only own characters and locations; selected fresh Koslov moves to the second Belle House for free at bank4, remains Ready Drying, and only the second Express exerts. Two Express give own Port Authority12 at damage9; Break removes unused first source for bank2 and Port10 survives, then removes remaining exerted source for bank0 and Port8 is banished. Both non-Hyperia Belle copies and opposing Port remain unchanged. Both player logs show named EASY COMMUTE activation, exact movement, each Express banishment and final Port banishment. Added public-action tests for exact exerted duplicate movement, newly played location static bonus and separate lethal source removal. No new runtime repair needed. Proof /tmp/hyperia-express-p2-mandatory-picker.png; /tmp/hyperia-express-p2-exact-movement.png; /tmp/hyperia-express-p2-one-source.png; /tmp/hyperia-express-p2-final-banishment.png; /tmp/hyperia-express-p2-owner-log.png; /tmp/hyperia-express-p2-public-log.png. Full Hyperia2840 tests/20609 assertions; card types pass; simulator types zero errors/one existing warning."
202,osH,ci_osH,Pirate Plane,,item,"[{""title"": ""Dodge This!"", ""description"": ""When you play this item, you may deal 1 damage to chosen character.""}, {""title"": ""Barrel Roll"", ""description"": ""{E}, 1 {I} — Chosen character gains Alert this turn. (They can challenge as if they had Evasive.)""}]",src/cards/014/items/202-pirate-plane.ts,src/cards/014/items/202-pirate-plane.test.ts,18 tests / 108 assertions pass; text-box ability review complete,verified text-box abilities in both player views,"Damage respects opposing Ward and Resist; friendly Ward eligible; activated cost and exertion verified; Alert expires immediately at turn end in live game and does not grant Evasive or allow ready defender challenge; Opposing non-Ward Alert target and drop payment verified; opposing Ward rejected without cost; lethal damage banishes; browser fixture set14-audit-pirate-plane added; Browser paid play 3 ink; damage picker includes friendly Ward excludes opposing Ward; Resist prevents damage and log does not claim damage; Barrel Roll spends 1 ink exerts item grants visible Alert This turn; Alert enables real Evasive challenge with correct damage and banishment logs; Alert absent from character preview immediately after turn end; Player Two paid 3 ink and declined damage with choosing no log and no damage outcome; Player Two Barrel Roll paid with 1 drop leaves bank 1 unchanged; own Koslov shows Alert This turn; item exerted; named payment and keyword logs; picker includes friendly Ward excludes opposing Ward; Replaced expiry-test server manual exertion with public opponent quest before turn pass; next-turn Evasive challenge remains illegal specifically because Alert expired while defender is exerted. Added drying-character boundary: paid Barrel Roll grants Alert and exerts only item but grants no Rush; challenge of exerted Evasive defender is rejected with attacker ready and defender undamaged. Drying Alert browser verified in set14-audit-plane-drying: Barrel Roll spends one ink to zero and exerts Plane; drying Koslov remains ready with Fresh Ink and visible Alert from Pirate Plane This turn; both Quest and Challenge disabled with explicit Fresh Ink reason despite opposing exerted Evasive Peter Pan; no damage or challenge log. Named activation and resolved target and gained Alert source logs correct. Proof /tmp/hyperia-plane-alert-drying.png. Simulator type check zero errors and one existing warning. Added exact-copy Player Two damage and separate activation tests, invalid multiple-target atomic retry, opposing grant expiry and no-legal-target/normal-ink negatives. Player Two browser plays two Planes: optional damage choice selects exact second visible Koslov candidate, only that copy takes1; next entry declines without more damage. Alert picker includes own Ward and opposing non-Ward, excludes opposing Ward and location, has no Skip. Newly played second Plane pays1 and exerts alone, chosen damaged Koslov alone shows Alert This turn; first Plane then independently pays last1 and grants opposing Pan Alert. Both grants absent immediately after turn pass; damage retained. No-target play with only opposing Ward completes by automatic decline at bank0 with no stuck choice or damage; other Plane normal ink gives bank1of4 without entry trigger. Both logs agree on damage, decline, targets and exertions; private opposing draw identity hidden. Existing actual Evasive challenge, Resist, friendly Ward, drying Alert, expiry and drop payment proofs retained. No new runtime repair needed. Proof /tmp/hyperia-plane-p2-damage-picker.png; /tmp/hyperia-plane-p2-alert-picker.png; /tmp/hyperia-plane-p2-exact-alert.png; /tmp/hyperia-plane-p2-opposing-grant.png; /tmp/hyperia-plane-opposing-grant-expired.png; /tmp/hyperia-plane-own-grant-expired.png; /tmp/hyperia-plane-p2-owner-log.png; /tmp/hyperia-plane-p2-public-log.png; /tmp/hyperia-plane-no-target-complete.png; /tmp/hyperia-plane-no-target-owner-log.png; /tmp/hyperia-plane-no-target-public-log.png. Full Hyperia2845 tests/20662 assertions; card types pass; simulator types zero errors/one existing warning."
203,AUI,ci_AUI,Central Station,Transportation Hub,location,"[{""title"": ""Free Souvenir"", ""description"": ""Once during your turn, whenever a character moves here, get 1 ink drop. (You may remove an ink drop to pay 1 {I}.)""}]",src/cards/014/locations/203-central-station-transportation-hub.ts,src/cards/014/locations/203-central-station-transportation-hub.test.ts,10 tests / 64 assertions pass; text-box ability review complete,verified text-box abilities and off-turn boundary,"Free movement including drying character rewards; no reward for location play or different destination; second traveler and same-character leave-return respect once-per-turn; controller next-turn reset and Player Two ownership verified; Browser free arrival of drying Koslov grants 1 drop with bank 3 unchanged and named reward log; second paid Yax arrival spends 1 ink but grants no second drop or reward log; Browser Player Two natural turn paid Koslov arrival spends 1 ink and grants only Player Two 1 drop with named movement and Free Souvenir YOU reward log; Browser same Koslov leaves for Belle House without reward then returns on natural Player Two turn 4 gaining a fresh drop from 1 to 2 while paying 1 ink from 3 to 2; named movement and fresh Free Souvenir reward logs verified; Added public-action effect-driven off-turn arrival: PlayerTwo action moves PlayerOne traveler to PlayerOne station with no ink drops for either seat and no bag trigger; normal pass then own second traveler arrival grants one drop only to station controller.  Browser synthetic Audit Station Transport on Player One turn moves Player Two Koslov to Player Two Station with no drop for either player, no reward log and no pending choice. Next natural Player Two turn paid Yax7 at bank8to1 then arrival pays1to0 and gets exactly1drop; off-turn arrival did not consume own reward. Explicit drop payment plays Fru at zero ready ink and removes drop. Both logs show actual movement, one named Free Souvenir reward and correct gained/removed owner; no false off-turn reward. New exact-two-Station public-action test confirms separate once limits and return suppression. No new runtime repair needed. Proof /tmp/hyperia-station-off-turn-log.png; /tmp/hyperia-station-next-own-reward.png; /tmp/hyperia-station-drop-payment.png; /tmp/hyperia-station-owner-log.png; /tmp/hyperia-station-public-log.png. Full Hyperia2841 tests/20620 assertions; card types pass; simulator types zero errors/one existing warning."
204,RAI,ci_RAI,Khan Industries,Greenway Landmark,location,"[{""title"": ""High Security"", ""description"": ""Characters can't be challenged while here.""}]",src/cards/014/locations/204-khan-industries-greenway-landmark.ts,src/cards/014/locations/204-khan-industries-greenway-landmark.test.ts,reviewed; 12 tests / 84 assertions pass,verified printed flows and reviewed boundaries,Protection after paid movement rejects challenge without exertion or damage; departure and location banishment restore challengeability; protected character can attack; location itself remains challengeable and takes 2 damage; Browser protected exerted Koslov cannot be selected and leaves attacker ready with no log; legal location challenge deals 4 damage only to Khan Industries with named log; unprotected Yax challenge deals 7 damage each with named log; Browser exerted Player One Koslov moves here paying 2 ink and remains exerted with named movement log; on natural Player Two turn this newly protected enemy cannot be targeted; Player Two protected Koslov legally attacks unprotected damaged Yax with named 4 and 7 damage and both banishments; Browser Player One Koslov quests then leaves for Belle House paying 2 ink; natural Player Two turn 4 Yax legally challenges former protected Koslov with named 7 and 4 damage and both banishments; Browser two Koslov challenges deal 4 plus 4 and banish Khan Industries; formerly protected exerted Koslov detaches and Yax legally challenges it for 7 damage taking 4 in return; named location banishment and character challenge logs verified; Added unpaid movement rejection preserving ink exertion and outside position followed by legal challenge. Player two pays its own two-ink movement cost and protects its quested character on the next opposing turn. Normal play pays five with no entry lore; four-ink play rejected with resources unchanged; two successive own turns each gain two lore. Browser four-ink Play disabled with exact payment reason; normal inking of first copy raises available ink to five; second copy paid five enters play with hand zero and no entry lore. Public turn cycle gives player two two lore then player one four from two Khan copies; second cycle repeats to opponent four and owner eight with both logs showing exact totals. Proof /tmp/hyperia-khan-paid-recurring-lore.png. Browser failed movement verified: two own Koslov moves spend four ink; outside Yax movement is disabled with no legal location at zero available ink and no movement log. Yax quests while outside; protected opposing Koslov legally challenges it for four damage and takes seven then banishes. Player-two Yax quests and pays two ink to enter own Khan; retains exertion and named public movement log. Natural player-one turn newly protected Yax cannot be selected for challenge; attacker stays ready with no damage and no challenge log. Proofs /tmp/hyperia-khan-unpaid-movement.png; /tmp/hyperia-khan-player-two-paid-movement.png; /tmp/hyperia-khan-player-two-protected.png. Final unit review checks both formerly unchecked pass commands and uses six-card decks to keep timing tests live. Normal inking proves Khan stays in ink with no location lore on the next own turn and does not protect an outside exerted character from a legal challenge. Twelve tests pass with eighty-four assertions and card types pass. Existing direct browser evidence above covers all printed protection scopes and lifetime branches plus paid movement payment and recurring own-turn lore.
241,EDT,ci_vC5,Mickey Mouse,Best in Town,character,"[{""title"": ""Adventurous"", ""description"": ""(This character can't challenge and must quest each turn if able.)""}, {""title"": ""HOT DOG!"", ""description"": ""At the end of your turn, if this character is exerted, each player gets 1 ink drop. (Each ink drop may be removed to pay 1 {I}.)""}]",src/cards/014/characters/241-mickey-mouse-best-in-town-iconic.ts,src/cards/014/characters/241-mickey-mouse-best-in-town-iconic.test.ts,reviewed; 12 tests / 96 assertions pass,verified printed flows and reviewed boundaries,Shares Adventurous static sequence repair with base Mickey; direct iconic challenge rejection and must-quest pass restriction verified with no damage or premature reward; quest then pass grants both players one drop; explicit six-card decks keep the multi-turn test live; public ink-drop getter replaces raw-state casts; Player Two quest and end-turn timing verified; no drops during quest or opponent end turn; Browser Adventurous disables Challenge despite exerted enemy and hides Pass Turn until quest; quest adds 2 lore without drops then end-turn HOT DOG names Mickey and logs YOU plus OPPONENT each gaining 1 drop; Player One drop control shows 1 and bank remains 1; Browser Player Two paid play spends 1 ink leaving 0 while preserving drop 1 and new Mickey Fresh Ink; older Mickey quests then natural end turn grants exactly one drop each with balance 2 and named HOT DOG log; ready drying second Mickey grants no additional reward; end-turn resolution log grouping subsequently verified below; Added exact iconic two-copy reward test: both exerted copies grant two drops each and opposing player spends one gained drop on a one-cost play without ink or changing owner drops. Fresh paid entry cannot quest and does not block pass; next own turn must quest for two. Zero-ink play fails and creates no reward. Public lore getter replaces raw server lore. Browser two-copy and spendable-drop checks verified: player one pays one for second iconic Mickey then only older copy quests; fresh ready copy gives no extra end-turn reward. Player two pays one ink for its Mickey leaving zero ready ink and one gained drop; selects drop payment and plays Fru Fru using that drop. Exact public log records one drop removed and owner balance stays unchanged. After turn cycle both player-one Mickey copies quest for four additional lore; end turn exposes EFFECTS 2 with two named HOT DOG entries. Resolving drains both and each player gains two drops; player one balance two to four and player two one to three. Both views show separate named reward logs with correct owner labels. Proofs /tmp/hyperia-iconic-mickey-drop-payment.png; /tmp/hyperia-iconic-mickey-two-copy-reward.png; /tmp/hyperia-iconic-mickey-two-copy-opponent.png. Browser failed-payment branch verified in fixture set14-audit-iconic-mickey-payment: zero ink disables Play with Needs one ink zero available; hand two bank zero and no moves or reward. Normal inking one copy raises bank one of one without HOT DOG; paid play consumes that ink and fresh ready Mickey cannot join Quest All. Older copy quests for two then end turn grants exactly one drop each with one named HOT DOG log under Turn One YOU; new fresh ready copy grants no extra reward. Opponent priority and normal draw occur after reward; bank remains zero of one and hand zero. Proofs /tmp/hyperia-iconic-mickey-unpaid.png; /tmp/hyperia-iconic-mickey-payment-end-log.png. Simulator types zero errors and one existing warning. Browser grouping verified with existing iconic-Mickey fixture and exerted opposing Koslov: owner quest yields two lore; own end HOT DOG gives each player one drop under Turn One YOU. Koslov becomes ready and its named readiness log appears separately under Turn Two OPPONENT. No reward or readiness message is assigned to the wrong player or turn. Proof /tmp/hyperia-iconic-mickey-ready-turn-group.png. Unit review adds normal inking with no HOT DOG reward and wrong-seat quest rejection preserving readiness and both lore totals; Player Two still must quest its own Mickey then gains each-player drops only on its own end turn. All twelve tests pass with ninety-six assertions and card types pass.
242,QzF,ci_aqW,Cinderella,Unintentional Icon,character,"[{""title"": ""Shift 5 {I}""}, {""title"": ""BESPOKE DESIGN"", ""description"": ""At the end of your turn, you may look at the top 2 cards of your deck. Put one on either the top or the bottom of your deck and the other into your inkwell facedown and exerted.""}]",src/cards/014/characters/242-cinderella-unintentional-icon-iconic.ts,src/cards/014/characters/242-cinderella-unintentional-icon-iconic.test.ts,reviewed; 21 tests / 171 assertions pass,verified printed flows and reviewed boundaries,"Fixed Iconic definition drift from base Cinderella by requiring two looked cards before mandatory ink destination; direct top and bottom placement preserve deck order and ink other card facedown exerted without increasing available ink; one-card deck can retain its only card with no forced ink; decline preserves deck and ink; Shift 5 preserves damage and permits immediate quest on a ready base; direct Player Two unit test rejects the same valid placement from Player One without changing deck or ink and preserves the pending choice; owner resolution verifies exact ink instance facedown and exerted and changes only owner deck and ink; Browser one-card Bespoke Design accepts top placement with inkwell 0/0; completed deck stays 1 and bank 2/2; owner log names Rivera Family Photo while opponent log omits identity; Browser two-card top split puts Photo on top and Jukebox into facedown exerted ink with bank 2/3 and deck 7; owner log names both destinations while opponent log hides both names and states facedown exerted ink; Browser natural Player Two turn bottom placement keeps Jukebox below deck and puts Fru Fru into facedown exerted ink with bank 2/3 and deck 6; owner log names bottom and ink destinations; Player One bank correctly readies from 2/3 to 3/3 during normal next turn; Browser natural Player One turn 3 declines Bespoke Design with named choosing-no log and no placement dialog; owner deck remains 6 and bank 3/3 with no extra ink; Browser Shift pays 5 from bank 7 to 2 onto ready Homespun Dressmaker; retains 1 damage and one card under; immediate quest grants 3 lore with named Shift target and quest logs; Browser normal entry pays all 7 ink leaving 0/7 and leaves Homespun separate; new Iconic Cinderella has no inherited damage and Fresh Ink disables Quest and Challenge with visible reason; primary printed ability browser branches verified.; Added mandatory one-ink split validation after two cards looked at: invalid no-ink split rejected preserving exact deck and ink IDs; valid retry inks noninkable card facedown exerted and next own turn readies it while preserving privacy. Both positive top and bottom unit branches now use noninkable inked cards. Added normal inking no trigger and six-ink failed normal play. Card types pass; simulator types zero errors one existing warning. Browser noninkable A Dark Age No More dragged into ink destination and Photo kept on top; Confirm disabled until both cards assigned. Completion deck eight to seven and ready ink two of two to two of three with three backs. Owner log names both cards; opponent log hides both and records generic facedown exerted placement. Player two declines its own effect with no new ink; next player-one turn readies three of three and normal draw takes kept Photo while ink remains facedown. Proofs /tmp/hyperia-iconic-cinderella-noninkable-owner.png; /tmp/hyperia-iconic-cinderella-noninkable-private.png; /tmp/hyperia-iconic-cinderella-next-turn-ready.png. Added all four Shift drying/exertion combinations with real Knight in Training base and damage one; quest allowed only dry ready combination. Four-ink Shift preserves damaged exerted base and hand; own wrong-name and opposing Cinderella targets reject before payment. Replaced positive mock identity base with real Cinderella. Card types pass. New browser inherited-state fixture uses real Homespun bases. Target dialog shows exactly two own Cinderella bases and excludes own Fru Fru and opposing Cinderella. First Shift pays five from ten and retains damage one exertion and one under-card; both actions disabled with exerted reason. Remaining normal Play disabled at five available ink for seven cost. Second Shift pays remaining five onto drying base and retains damage one and Fresh Ink with one under-card; Quest and Challenge disabled with drying reason. Named Shift logs verified. Proofs /tmp/hyperia-iconic-cinderella-shift-exerted.png; /tmp/hyperia-iconic-cinderella-shift-drying.png. Simulator types zero errors one existing warning. Browser remaining listed Shift boundaries verified: at four available ink both normal Play and Shift are disabled with exact costs and base remains damaged drying exerted. Normal inking of one iconic copy raises available ink to five with no Bespoke Design. Shift remaining copy onto the combined-state base pays five leaving zero of five; retains damage one drying exertion and one under-card. Quest and Challenge remain disabled with Fresh Ink reason and named Shift log is correct. Proofs /tmp/hyperia-iconic-cinderella-shift-unpaid.png; /tmp/hyperia-iconic-cinderella-shift-combined.png. Simulator type check zero errors one existing warning. Historical empty-deck no-choice regression was incorrect and is superseded by the corrected end-turn-order check below; unseen third card selection rejection preserving deck ink and pending choice with valid retry; duplicate same-name deck instances stay separate and assigning one ID twice rejects before movement then exact valid retry inks only chosen ID facedown exerted. Unit review now covers printed Shift and Bespoke Design clauses with payment ownership timing optionality short deck invalid split and authoritative hidden-zone assertions. Historical empty-deck no-choice browser proof /tmp/hyperia-iconic-cinderella-empty-end-turn.png exposed an engine-order defect and is superseded below. Card types pass; simulator types zero errors one existing warning. Browser duplicate-instance split verified: second Photo t000002 dragged into ink and first Photo kept on top; Confirm enabled only after both destinations assigned; deck two to one and bank two of two to two of three with hand zero. Owner log names Photo in both destinations; opponent log omits both identities and shows generic facedown exerted placement. Next owner turn draws retained Photo with deck zero and hand one; bank readies three of three and all ink remains facedown. Proofs /tmp/hyperia-iconic-cinderella-duplicates-owner.png; /tmp/hyperia-iconic-cinderella-duplicates-private.png; /tmp/hyperia-iconic-cinderella-duplicates-next-turn.png. Corrected empty-deck acceptance test: end-turn ability queues before loss; accepting with zero looked cards completes without adding ink then owner loses. Browser repeat shows Accept/Decline Bespoke Design before the game ends; both choices retain deck zero and ink two of two, leave no pending effect/bag, and finish with Player Two winner without drawing their deck. Both public logs correctly show resolved Bespoke Design or choosing no with no invented look/ink identities. Proofs /tmp/hyperia-iconic-cinderella-empty-choice-fixed.png; /tmp/hyperia-iconic-cinderella-empty-accepted-owner.png; /tmp/hyperia-iconic-cinderella-empty-accepted-public.png; /tmp/hyperia-iconic-cinderella-empty-declined-owner.png; /tmp/hyperia-iconic-cinderella-empty-declined-public.png. Earlier primary Shift and scry proofs retained."
