"printing_id","short_id","canonical_id","set_code","collector_number","card_type","name_en","version_en","rules_text_en","flavor_text_en_reference","i18n_file_to_update","spanish_status"
"set1-001","WeA","ci_WeA","set1","1","character","Ariel","On Human Legs","VOICELESS This character can't {E} to sing songs.","...","src/cards/001/characters/001-ariel-on-human-legs.i18n.ts","translated"
"set1-002","Z4N","ci_Z4N","set1","2","character","Ariel","Spectacular Singer","Singer 5
MUSICAL DEBUT When you play this character, look at the top 4 cards of your deck. You may reveal a song card and put it into your hand. Put the rest on the bottom of your deck in any order.","","src/cards/001/characters/002-ariel-spectacular-singer.i18n.ts","translated"
"set1-003","jZv","ci_Rrb","set1","3","character","Cinderella","Gentle and Kind","Singer 5
A WONDERFUL DREAM {E} — Remove up to 3 damage from chosen Princess character.","","src/cards/001/characters/003-cinderella-gentle-and-kind.i18n.ts","translated"
"set1-004","BTg","ci_BTg","set1","4","character","Goofy","Musketeer","Bodyguard
AND TWO FOR TEA! When you play this character, you may remove up to 2 damage from each of your Musketeer characters.","En gawrsh!","src/cards/001/characters/004-goofy-musketeer.i18n.ts","translated"
"set1-005","qBw","ci_pZ2","set1","5","character","Hades","King of Olympus","Shift 6
SINISTER PLOT This character gets +1 {L} for each other Villain character you have in play.","Oh hey, I’m gonna need new business cards.","src/cards/001/characters/005-hades-king-of-olympus.i18n.ts","translated"
"set1-006","gvD","ci_gvD","set1","6","character","Hades","Lord of the Underworld","WELL OF SOULS When you play this character, return a character card from your discard to your hand.","Production is up, costs are down, the rivers are full. Time to talk expansion.","src/cards/001/characters/006-hades-lord-of-the-underworld.i18n.ts","translated"
"set1-007","fZh","ci_Tbp","set1","7","character","HeiHei","Boat Snack","Support","Sometimes, our strengths lie beneath the surface. Far beneath, in some cases.. . . —Moana","src/cards/001/characters/007-heihei-boat-snack.i18n.ts","translated"
"set1-008","irS","ci_irS","set1","8","character","LeFou","Bumbler","LOYAL If you have a character named Gaston in play, you pay 1 {I} less to play this character.","You need a good toady to be a proper bad guy.","src/cards/001/characters/008-lefou-bumbler.i18n.ts","translated"
"set1-009","Svq","ci_Svq","set1","9","character","Lilo","Making a Wish","undefined","A falling star. . . I have to make a wish!","src/cards/001/characters/009-lilo-making-a-wish.i18n.ts","translated"
"set1-010","A1E","ci_A1E","set1","10","character","Maximus","Palace Horse","Bodyguard
Support","","src/cards/001/characters/010-maximus-palace-horse.i18n.ts","translated"
"set1-011","bqd","ci_bqd","set1","11","character","Maximus","Relentless Pursuer","HORSE KICK When you play this character, chosen character gets -2 {S} this turn.","He pursues his quarry with courage, discipline, and a touch of class.","src/cards/001/characters/011-maximus-relentless-pursuer.i18n.ts","translated"
"set1-012","xhF","ci_mvj","set1","12","character","Mickey Mouse","True Friend","undefined","As long as he’s around, newcomers to the Great Illuminary will always get a warm welcome.","src/cards/001/characters/012-mickey-mouse-true-friend.i18n.ts","translated"
"set1-013","c9i","ci_c9i","set1","13","character","Minnie Mouse","Beloved Princess","undefined","Wherever the princess goes, her musketeers are. . . well, they’re around somewhere, probably.","src/cards/001/characters/013-minnie-mouse-beloved-princess.i18n.ts","translated"
"set1-014","u8U","ci_Pdi","set1","14","character","Moana","Of Motunui","WE CAN FIX IT Whenever this character quests, you may ready your other Princess characters. They can't quest for the rest of this turn.","I am Moana of Motunui. You will board my boat, sail across the sea, and restore the heart of Te Fiti.","src/cards/001/characters/014-moana-of-motunui.i18n.ts","translated"
"set1-015","ExX","ci_ExX","set1","15","character","Mr. Smee","Loyal First Mate","undefined","Mr. Smee is a kind, gentle soul who lives to bring comfort and aid to a twisted old villain. Now, what good is kindness like that? —Peter Pan","src/cards/001/characters/015-mr-smee-loyal-first-mate.i18n.ts","translated"
"set1-016","0Xn","ci_0Xn","set1","16","character","Prince Phillip","Dragonslayer","HEROISM When this character challenges and is banished, you may banish the challenged character.","The road to true love may be barred by still many more dangers, which you alone will have to face. —Flora","src/cards/001/characters/016-prince-phillip-dragonslayer.i18n.ts","translated"
"set1-017","Itm","ci_Itm","set1","17","character","Pumbaa","Friendly Warthog","undefined","You gotta put your behind in your past.","src/cards/001/characters/017-pumbaa-friendly-warthog.i18n.ts","translated"
"set1-018","vmK","ci_mTY","set1","18","character","Rapunzel","Gifted with Healing","GLEAM AND GLOW When you play this character, remove up to 3 damage from one of your characters. Draw a card for each 1 damage removed this way.","","src/cards/001/characters/018-rapunzel-gifted-with-healing.i18n.ts","translated"
"set1-019","Xb7","ci_Xb7","set1","19","character","Sebastian","Court Composer","Singer 4","I should be writing symphonies, not tagging along after some headstrong teenager.","src/cards/001/characters/019-sebastian-court-composer.i18n.ts","translated"
"set1-020","ibT","ci_ibT","set1","20","character","Simba","Protective Cub","Bodyguard","Courage comes in all sizes.","src/cards/001/characters/020-simba-protective-cub.i18n.ts","translated"
"set1-021","VeF","ci_44h","set1","21","character","Stitch","Carefree Surfer","OHANA When you play this character, if you have 2 or more other characters in play, you may draw 2 cards.","So you’re from outer space, huh? I hear the surfing’s choice. —David","src/cards/001/characters/021-stitch-carefree-surfer.i18n.ts","translated"
"set1-022","Weh","ci_Weh","set1","22","character","Stitch","New Dog","undefined","Lilo: David! I got a new dog! David: Auwe!... You sure it’s a dog? Lilo: Uh-huh. He used to be a collie before he got ran over.","src/cards/001/characters/022-stitch-new-dog.i18n.ts","translated"
"set1-023","UIq","ci_x45","set1","23","character","Stitch","Rock Star","Shift 4
ADORING FANS Whenever you play a character with cost 2 or less, you may exert them to draw a card.","The best part about a beachside concert is that there’s always room for one more.","src/cards/001/characters/023-stitch-rock-star.i18n.ts","translated"
"set1-024","2d9","ci_2d9","set1","24","character","Timon","Grub Rustler","TASTES LIKE CHICKEN When you play this character, you may remove up to 1 damage from chosen character.","There’s all manner of tasty treats in the world—ya just gotta know where to look.","src/cards/001/characters/024-timon-grub-rustler.i18n.ts","translated"
"set1-025","nXA","ci_XYl","set1","25","action","Be Our Guest","","Look at the top 4 cards of your deck. You may reveal a character card and put it into your hand. Put the rest on the bottom of your deck in any order.","","src/cards/001/actions/025-be-our-guest.i18n.ts","translated"
"set1-026","PZv","ci_PZv","set1","26","action","Control Your Temper!","","Chosen character gets -2 {S} this turn.","","src/cards/001/actions/026-control-your-temper.i18n.ts","translated"
"set1-027","2U7","ci_2U7","set1","27","action","Hakuna Matata","","Remove up to 3 damage from each of your characters.","What a wonderful phrase!","src/cards/001/actions/027-hakuna-matata.i18n.ts","translated"
"set1-028","S50","ci_S50","set1","28","action","Healing Glow","","Remove up to 2 damage from chosen character.","Don’t freak out! —Rapunzel","src/cards/001/actions/028-healing-glow.i18n.ts","translated"
"set1-029","TAp","ci_TAp","set1","29","action","Just in Time","","You may play a character with cost 5 or less for free.","The best heroes always arrive at the perfect moment—whether they know it or not.","src/cards/001/actions/029-just-in-time.i18n.ts","translated"
"set1-030","Vba","ci_Vba","set1","30","action","Part of Your World","","Return a character card from your discard to your hand.","What would I give If I could live out of these waters?","src/cards/001/actions/030-part-of-your-world.i18n.ts","translated"
"set1-031","3p5","ci_3p5","set1","31","action","You Have Forgotten Me","","Each opponent chooses and discards 2 cards.","You are more than what you have become. —Mufasa","src/cards/001/actions/031-you-have-forgotten-me.i18n.ts","translated"
"set1-032","hoX","ci_hoX","set1","32","item","Dinglehopper","","STRAIGHTEN HAIR {E} — Remove up to 1 damage from chosen character.","Enjoy the finest of human hairstyles!","src/cards/001/items/032-dinglehopper.i18n.ts","translated"
"set1-033","Dig","ci_38Q","set1","33","item","Lantern","","BIRTHDAY LIGHTS {E} — You pay 1 {I} less for the next character you play this turn.","Lanterns fill the sky on one special night, beacons of hope and love.","src/cards/001/items/033-lantern.i18n.ts","translated"
"set1-034","0CY","ci_Ewu","set1","34","item","Ursula’s Shell Necklace","","\Now, Sing!\ Whenever you play a song, you may pay 1 {I} to draw a card.","Singing is a lovely pastime... if you’ve got the voice for it. —Ursula","src/cards/001/items/034-ursulas-shell-necklace.i18n.ts","translated"
"set1-035","PD8","ci_PD8","set1","35","character","Anna","Heir to Arendelle","LOVING HEART When you play this character, if you have a character named Elsa in play, choose an opposing character. The chosen character doesn't ready at the start of their next turn.","Two sisters, one mind.","src/cards/001/characters/035-anna-heir-to-arendelle.i18n.ts","translated"
"set1-036","mgF","ci_mgF","set1","36","character","Archimedes","Highly Educated Owl","undefined","Flying is not merely some crude, mechanical process. It is a delicate art. Purely aesthetic. Poetry of motion. And the best way to learn it is to do it!","src/cards/001/characters/036-archimedes-highly-educated-owl.i18n.ts","translated"
"set1-037","Af3","ci_Af3","set1","37","character","Dr. Facilier","Agent Provocateur","Shift 5 (You may pay 5 {I} to play this on top of one of your characters named Dr. Facilier.)
INTO THE SHADOWS Whenever one of your other characters is banished in a challenge, you may return that card to your hand.","","src/cards/001/characters/037-dr-facilier-agent-provocateur.i18n.ts","translated"
"set1-038","wGC","ci_wGC","set1","38","character","Dr. Facilier","Charlatan","Challenger +2","Enchantée. A tip of the hat from Dr. Facilier.","src/cards/001/characters/038-dr-facilier-charlatan.i18n.ts","translated"
"set1-039","BMe","ci_BMe","set1","39","character","Dr. Facilier","Remarkable Gentleman","DREAMS MADE REAL Whenever you play a song, you may look at the top 2 cards of your deck. Put one on the top of your deck and the other on the bottom.","","src/cards/001/characters/039-dr-facilier-remarkable-gentleman.i18n.ts","translated"
"set1-040","qQ5","ci_qQ5","set1","40","character","Elsa","Queen Regent","undefined","I never knew what I was capable of.","src/cards/001/characters/040-elsa-queen-regent.i18n.ts","translated"
"set1-041","b3D","ci_77P","set1","41","character","Elsa","Snow Queen","FREEZE {E} — Exert chosen opposing character.","Recreated by magical ink, Elsa found herself in an entirely new world. Fortunately, ice works the same way everywhere.","src/cards/001/characters/041-elsa-snow-queen.i18n.ts","translated"
"set1-042","1t0","ci_4Pf","set1","42","character","Elsa","Spirit of Winter","Shift 6
DEEP FREEZE When you play this character, exert up to 2 chosen characters. They can't ready at the start of their next turn.","Ice is stronger than you may think.","src/cards/001/characters/042-elsa-spirit-of-winter.i18n.ts","translated"
"set1-043","BDi","ci_BDi","set1","43","character","Flotsam","Ursula’s Spy","Rush

\Dexterous Lunge\ Your characters named Jetsam gain Rush.","We know someone who can help you. . . for a price.","src/cards/001/characters/043-flotsam-ursulas-spy.i18n.ts","translated"
"set1-044","vm4","ci_2bv","set1","44","character","Jafar","Keeper of Secrets","HIDDEN WONDERS This character gets +1 {S} for each card in your hand.","There's more than one way to bury secrets.","src/cards/001/characters/044-jafar-keeper-of-secrets.i18n.ts","translated"
"set1-045","APi","ci_APi","set1","45","character","Jafar","Wicked Sorcerer","Challenger +3","Enough skulking about. It's time to show that sniveling sultan what a sorcerer can do.","src/cards/001/characters/045-jafar-wicked-sorcerer.i18n.ts","translated"
"set1-046","0Bx","ci_0Bx","set1","46","character","Jetsam","Ursula’s Spy","Evasive

\Sinister Slither\ Your characters named Flotsam gain Evasive.","We can help you get anything you want.. . .","src/cards/001/characters/046-jetsam-ursulas-spy.i18n.ts","translated"
"set1-047","Ors","ci_Ors","set1","47","character","Magic Broom","Bucket Brigade","SWEEP When you play this character, you may shuffle a card from any discard into its player's deck.","In the immense story-forge known as the Great Illuminary, there is always work to be done.","src/cards/001/characters/047-magic-broom-bucket-brigade.i18n.ts","translated"
"set1-048","6FJ","ci_6FJ","set1","48","character","Maleficent","Biding Her Time","undefined","One mustn’t rush these things, or the greatest plan might come to nothing.","src/cards/001/characters/048-maleficent-biding-her-time.i18n.ts","translated"
"set1-049","H9N","ci_H9N","set1","49","character","Maleficent","Sorceress","CAST MY SPELL! When you play this character, you may draw a card.","You dare challenge <me>? Fool, my magic is more powerful than you could possibly imagine!","src/cards/001/characters/049-maleficent-sorceress.i18n.ts","translated"
"set1-050","vE2","ci_vE2","set1","50","character","Marshmallow","Persistent Guardian","DURABLE When this character is banished in a challenge, you may return this card to your hand.","Hey! We were just talking about you! All good things, all good things. —Olaf","src/cards/001/characters/050-marshmallow-persistent-guardian.i18n.ts","translated"
"set1-051","iGH","ci_cZb","set1","51","character","Mickey Mouse","Wayward Sorcerer","ANIMATE BROOM You pay 1 {I} less to play Broom characters.
CEASELESS WORKER Whenever one of your Broom characters is banished in a challenge, you may return that card to your hand.","He always goes for the clean sweep.","src/cards/001/characters/051-mickey-mouse-wayward-sorcerer.i18n.ts","translated"
"set1-052","ch3","ci_fZN","set1","52","character","Olaf","Friendly Snowman","undefined","I’m Olaf and I like warm hugs!","src/cards/001/characters/052-olaf-friendly-snowman.i18n.ts","translated"
"set1-053","81V","ci_81V","set1","53","character","Pascal","Rapunzel’s Companion","\Camouflage\ While you have another character in play, this character gains Evasive.","A true friend is always there for you, whether you can see them or not.","src/cards/001/characters/053-pascal-rapunzels-companion.i18n.ts","translated"
"set1-054","HXN","ci_HXN","set1","54","character","Rafiki","Mysterious Sage","Rush","The past can hurt. But the way I see it, you can either run from it or learn from it.","src/cards/001/characters/054-rafiki-mysterious-sage.i18n.ts","translated"
"set1-055","L7t","ci_Nok","set1","55","character","Sven","Official Ice Deliverer","undefined","Reindeer comin’ through! —Kristoff","src/cards/001/characters/055-sven-official-ice-deliverer.i18n.ts","translated"
"set1-056","KjI","ci_yYu","set1","56","character","The Queen","Wicked and Vain","I SUMMON THEE {E} — Draw a card.","Sublime beauty matched with peerless cunning. Is there any question who is fairest?","src/cards/001/characters/056-the-queen-wicked-and-vain.i18n.ts","translated"
"set1-057","FRs","ci_FRs","set1","57","character","The Wardrobe","Belle’s Confidant","undefined","When you simply must have the hautest couture.","src/cards/001/characters/057-the-wardrobe-belles-confidant.i18n.ts","translated"
"set1-058","52N","ci_52N","set1","58","character","Tinker Bell","Peter Pan’s Ally","Evasive

\Loyal and Devoted\ Your characters named Peter Pan gain Challenger +1. (They get +1 {S} while challenging.)","","src/cards/001/characters/058-tinker-bell-peter-pans-ally.i18n.ts","translated"
"set1-059","O7h","ci_O7h","set1","59","character","Ursula","Power Hungry","IT'S TOO EASY! When you play this character, each opponent loses 1 lore. You may draw a card for each 1 lore lost this way.","The first Rule of Villainy: If you’re going to be evil, you’ve got to have STYLE.","src/cards/001/characters/059-ursula-power-hungry.i18n.ts","translated"
"set1-060","t2a","ci_BVo","set1","60","character","Yzma","Alchemist","YOU'RE EXCUSED Whenever this character quests, look at the top card of your deck. Put it on either the top or the bottom of your deck.","When I want your opinion, I will give it to you!","src/cards/001/characters/060-yzma-alchemist.i18n.ts","translated"
"set1-061","oPz","ci_oPz","set1","61","character","Zeus","God of Lightning","Rush
Challenger +4","A little lightning solves a whole lot of problems.","src/cards/001/characters/061-zeus-god-of-lightning.i18n.ts","translated"
"set1-062","q0K","ci_q0K","set1","62","action","Befuddle","","Return a character or item with cost 2 or less to their player's hand.","Never be afraid to have your mind boggled now and then.","src/cards/001/actions/062-befuddle.i18n.ts","translated"
"set1-063","D1e","ci_D1e","set1","63","action","Freeze","","Exert chosen opposing character.","It's time for you to chill.","src/cards/001/actions/063-freeze.i18n.ts","translated"
"set1-064","9Kp","ci_3E2","set1","64","action","Friends on the Other Side","","Draw 2 cards.","The cards, the cards the cards will tell...","src/cards/001/actions/064-friends-on-the-other-side.i18n.ts","translated"
"set1-065","wVZ","ci_wVZ","set1","65","action","Reflection","","Look at the top 3 cards of your deck. Put them back on the top of your deck in any order.","When will my reflection show Who I am inside?","src/cards/001/actions/065-reflection.i18n.ts","translated"
"set1-066","7cO","ci_dDL","set1","66","item","Magic Mirror","","SPEAK! {E}, 4 {I} — Draw a card.","What wouldst thou know, my Queen?","src/cards/001/items/066-magic-mirror.i18n.ts","translated"
"set1-067","5L3","ci_5L3","set1","67","item","Ursula’s Cauldron","","\Peer Into the Depths\ {E} — Look at the top 2 cards of your deck. Put one on the top of your deck and the other on the bottom.","Perfect for mixing potions and stealing voices.","src/cards/001/items/067-ursulas-cauldron.i18n.ts","translated"
"set1-068","H4U","ci_lFD","set1","68","item","White Rabbit’s Pocket Watch","","\I'm Late!\ {E}, 1 {I} — Chosen character gains Rush this turn. (They can challenge the turn they're played.)","No wonder you’re late. Why, this watch is exactly two days slow. —The Mad Hatter","src/cards/001/items/068-white-rabbits-pocket-watch.i18n.ts","translated"
"set1-069","QEo","ci_D8z","set1","69","character","Aladdin","Prince Ali","Ward","Fabulously wealthy. Practically untouchable. Genuinely inauthentic.","src/cards/001/characters/069-aladdin-prince-ali.i18n.ts","translated"
"set1-070","bXY","ci_bXY","set1","70","character","Beast","Wolfsbane","Rush
ROAR When you play this character, exert all opposing damaged characters.","I’ll take on all of you if I have to!","src/cards/001/characters/070-beast-wolfsbane.i18n.ts","translated"
"set1-071","qpX","ci_qpX","set1","71","character","Cheshire Cat","Not All There","LOSE SOMETHING? When this character is challenged and banished, banish the challenging character.","You may have noticed that I'm not all there myself.","src/cards/001/characters/071-cheshire-cat-not-all-there.i18n.ts","translated"
"set1-072","UCh","ci_UCh","set1","72","character","Cruella De Vil","Miserable as Usual","YOU'LL BE SORRY! When this character is challenged and banished, you may return chosen character to their player's hand.","When she stops by, misery is company.","src/cards/001/characters/072-cruella-de-vil-miserable-as-usual.i18n.ts","translated"
"set1-073","vyg","ci_vyg","set1","73","character","Duke of Weselton","Opportunistic Official","undefined","Sorcery! I knew there was something dubious going on here.","src/cards/001/characters/073-duke-of-weselton-opportunistic-official.i18n.ts","translated"
"set1-074","a9K","ci_a9K","set1","74","character","Flynn Rider","Charming Rogue","HERE COMES THE SMOLDER Whenever this character is challenged, the challenging player chooses and discards a card.","I didn’t want to have to do this, but you leave me no choice.. . .","src/cards/001/characters/074-flynn-rider-charming-rogue.i18n.ts","translated"
"set1-075","O4w","ci_1oW","set1","75","character","Genie","On the Job","Evasive
DISAPPEAR When you play this character, you may return chosen character to their player's hand.","Can your friends go ‘Abracadabra, let ’er rip’ and then make the sucker disappear?","src/cards/001/characters/075-genie-on-the-job.i18n.ts","translated"
"set1-076","Mpt","ci_K4J","set1","76","character","Genie","Powers Unleashed","Shift 6
Evasive
PHENOMENAL COSMIC POWER! Whenever this character quests, you may play an action with cost 5 or less for free.","","src/cards/001/characters/076-genie-powers-unleashed.i18n.ts","translated"
"set1-077","5U3","ci_5U3","set1","77","character","Genie","The Ever Impressive","undefined","You can wish for nearly anything! Do you want the short version, or should I give you the whole song and dance?","src/cards/001/characters/077-genie-the-ever-impressive.i18n.ts","translated"
"set1-078","7lM","ci_7lM","set1","78","character","Hans","Scheming Prince","undefined","Rules are like older siblings. All they do is get in the way.","src/cards/001/characters/078-hans-scheming-prince.i18n.ts","translated"
"set1-079","dBe","ci_dBe","set1","79","character","Horace","No-Good Scoundrel","undefined","Well, they ain’t in here, Jasper.","src/cards/001/characters/079-horace-no-good-scoundrel.i18n.ts","translated"
"set1-080","4Om","ci_4Om","set1","80","character","Iago","Loud-Mouthed Parrot","YOU GOT A PROBLEM? {E} — Chosen character gains Reckless during their next turn. (They can't quest and must challenge if able.)","","src/cards/001/characters/080-iago-loud-mouthed-parrot.i18n.ts","translated"
"set1-081","gsE","ci_gsE","set1","81","character","Jasper","Common Crook","PUPPYNAPPING Whenever this character quests, chosen opposing character can't quest during their next turn.","Now, look here, Horace, I warned you about thinkin’.","src/cards/001/characters/081-jasper-common-crook.i18n.ts","translated"
"set1-082","n4l","ci_Jdb","set1","82","character","John Silver","Alien Pirate","PICK YOUR FIGHTS When you play this character and whenever he quests, chosen opposing character gains Reckless during their next turn. (They can't quest and must challenge if able.)","Don't be too put off by this. . . hunk of hardware.","src/cards/001/characters/082-john-silver-alien-pirate.i18n.ts","translated"
"set1-083","JMC","ci_JMC","set1","83","character","Jumba Jookiba","Renegade Scientist","undefined","Created something? Ha! But that would be irresponsible and unethical. I would never, ever. . . make more than one.","src/cards/001/characters/083-jumba-jookiba-renegade-scientist.i18n.ts","translated"
"set1-084","Jgm","ci_2TN","set1","84","character","Kuzco","Temperamental Emperor","Ward
NO TOUCHY! When this character is challenged and banished, you may banish the challenging character.","I asked for emerald and that is clearly jade! What is wrong with you people?","src/cards/001/characters/084-kuzco-temperamental-emperor.i18n.ts","translated"
"set1-085","L2F","ci_L2F","set1","85","character","Lady Tremaine","Wicked Stepmother","DO IT AGAIN! When you play this character, you may return an action card from your discard to your hand.","If your chores are done, then clearly you don’t have enough of them.","src/cards/001/characters/085-lady-tremaine-wicked-stepmother.i18n.ts","translated"
"set1-086","7zd","ci_7zd","set1","86","character","Mad Hatter","Gracious Host","TEA PARTY Whenever this character is challenged, you may draw a card.","Mad Hatter: Would you like a little more tea? Alice: I haven’t had any yet, so I can’t very well take more.","src/cards/001/characters/086-mad-hatter-gracious-host.i18n.ts","translated"
"set1-087","M9e","ci_QjA","set1","87","character","Megara","Pulling the Strings","WONDER BOY When you play this character, chosen character gets +2 {S} this turn.","A deal’s a deal. But falling in love was never supposed to be part of it.","src/cards/001/characters/087-megara-pulling-the-strings.i18n.ts","translated"
"set1-088","PiO","ci_8IO","set1","88","character","Mickey Mouse","Artful Rogue","Shift 5
MISDIRECTION Whenever you play an action, chosen opposing character can't quest during their next turn.","Quiet as a... well, you know.","src/cards/001/characters/088-mickey-mouse-artful-rogue.i18n.ts","translated"
"set1-089","haW","ci_5sX","set1","89","character","Mickey Mouse","Steamboat Pilot","undefined","On rivers throughout the Inklands, the little steamboat's whistle answers the cheery tunes of its pilot.","src/cards/001/characters/089-mickey-mouse-steamboat-pilot.i18n.ts","translated"
"set1-090","QPF","ci_QPF","set1","90","character","Mother Gothel","Selfish Manipulator","SKIP THE DRAMA, STAY WITH MAMA While this character is exerted, opposing characters can't quest.","Great. Now <I’m> the bad guy.","src/cards/001/characters/090-mother-gothel-selfish-manipulator.i18n.ts","translated"
"set1-091","k9e","ci_k9e","set1","91","character","Peter Pan","Never Landing","Evasive","What’s the matter, Hook? Can’t you fly?","src/cards/001/characters/091-peter-pan-never-landing.i18n.ts","translated"
"set1-092","q5S","ci_q5S","set1","92","character","Tamatoa","Drab Little Crab","undefined","Someday, I’ll grow up to be the most crabulous crustacean the world has ever seen!","src/cards/001/characters/092-tamatoa-drab-little-crab.i18n.ts","translated"
"set1-093","0Ez","ci_yDh","set1","93","character","Tinker Bell","Most Helpful","Evasive
PIXIE DUST When you play this character, chosen character gains Evasive this turn.","","src/cards/001/characters/093-tinker-bell-most-helpful.i18n.ts","translated"
"set1-094","27H","ci_27H","set1","94","action","Do It Again!","","Return an action card from your discard to your hand.","... Then scrub the terrace, sweep the halls and the stairs, clean the chimneys. And of course there's the mending, and the sewing, and the laundry. . . —Lady Tremaine","src/cards/001/actions/094-do-it-again.i18n.ts","translated"
"set1-095","VGx","ci_12N","set1","95","action","Mother Knows Best","","Return chosen character to their player's hand.","One way or another Something will go wrong, I swear","src/cards/001/actions/095-mother-knows-best.i18n.ts","translated"
"set1-096","0r9","ci_0r9","set1","96","action","Stampede","","Deal 2 damage to chosen damaged character.","A wildebeest stampede is like a raging river: best experienced from a distance.","src/cards/001/actions/096-stampede.i18n.ts","translated"
"set1-097","mkJ","ci_mkJ","set1","97","action","Steal from the Rich","","Whenever one of your characters quests this turn, each opponent loses 1 lore.","Wonder how much ol’ Prince John spent on all those fancy locks. —Little John","src/cards/001/actions/097-steal-from-the-rich.i18n.ts","translated"
"set1-098","DDi","ci_72X","set1","98","action","Sudden Chill","","Each opponent chooses and discards a card.","Cruella De Vil, Cruella De Vil If she doesn't scare you, no evil thing will","src/cards/001/actions/098-sudden-chill.i18n.ts","translated"
"set1-099","4uS","ci_4uS","set1","99","action","The Beast is Mine!","","Chosen character gains Reckless during their next turn. (They can't quest and must challenge if able.)","It's only fitting that the finest hunter gets the foulest beast! —Gaston","src/cards/001/actions/099-the-beast-is-mine.i18n.ts","translated"
"set1-100","sYQ","ci_sYQ","set1","100","action","Vicious Betrayal","","Chosen character gets +2 {S} this turn. If a Villain character is chosen, they get +3 {S} instead.","A true king takes matters into his own claws. —Scar","src/cards/001/actions/100-vicious-betrayal.i18n.ts","translated"
"set1-101","flR","ci_flR","set1","101","item","Dr. Facilier’s Cards","","\The Cards Will Tell\ {E} — You pay 1 {I} less for the next action you play this turn.","Take a little trip into your future with me! —Dr. Facilier","src/cards/001/items/101-dr-faciliers-cards.i18n.ts","translated"
"set1-102","EDv","ci_EDv","set1","102","item","Stolen Scimitar","","SLASH {E} — Chosen character gets +1 {S} this turn. If a character named Aladdin is chosen, he gets +2 {S} instead.","Sometimes you've got to take what you can get.","src/cards/001/items/102-stolen-scimitar.i18n.ts","translated"
"set1-103","Dba","ci_Dba","set1","103","character","Abu","Mischievous Monkey","undefined","Someday, Abu, things are gonna change. We'll be rich, live in a palace, and never have any problems at all. —Aladdin","src/cards/001/characters/103-abu-mischievous-monkey.i18n.ts","translated"
"set1-104","D7K","ci_wrC","set1","104","character","Aladdin","Heroic Outlaw","Shift 5
DARING EXPLOIT During your turn, whenever this character banishes another character in a challenge, you gain 2 lore and each opponent loses 2 lore.","","src/cards/001/characters/104-aladdin-heroic-outlaw.i18n.ts","translated"
"set1-105","ZTM","ci_ZTM","set1","105","character","Aladdin","Street Rat","IMPROVISE When you play this character, each opponent loses 1 lore.","It can be hard to tell the difference between a diamond in the rough and someone who’s just, well, rough.","src/cards/001/characters/105-aladdin-street-rat.i18n.ts","translated"
"set1-106","lk3","ci_lk3","set1","106","character","Captain","Colonel’s Lieutenant","undefined","Barking signal. It’s an alert. Report to the Colonel at once!","src/cards/001/characters/106-captain-colonels-lieutenant.i18n.ts","translated"
"set1-107","eM3","ci_eM3","set1","107","character","Captain Hook","Ruthless Pirate","Rush
YOU COWARD! While this character is exerted, opposing characters with Evasive gain Reckless. (They can't quest and must challenge if able.)","You wouldn’t dare fight old Hook man-to-man!","src/cards/001/characters/107-captain-hook-ruthless-pirate.i18n.ts","translated"
"set1-108","Blq","ci_Blq","set1","108","character","Donald Duck","Boisterous Fowl","undefined","Who you callin’ boisterous, buster?","src/cards/001/characters/108-donald-duck-boisterous-fowl.i18n.ts","translated"
"set1-109","zCK","ci_zCK","set1","109","character","Elsa","Ice Surfer","THAT'S NO BLIZZARD Whenever you play a character named Anna, ready this character. This character can't quest for the rest of this turn.","My sister has always been there for me. I need to be there for her.","src/cards/001/characters/109-elsa-ice-surfer.i18n.ts","translated"
"set1-110","sHc","ci_5JP","set1","110","character","Gaston","Arrogant Hunter","Reckless","It’s not arrogance when you really <are> the best.","src/cards/001/characters/110-gaston-arrogant-hunter.i18n.ts","translated"
"set1-111","nb3","ci_nb3","set1","111","character","Goofy","Daredevil","Evasive","Sometimes you gotta give it the ol’ jump and hyuck.","src/cards/001/characters/111-goofy-daredevil.i18n.ts","translated"
"set1-112","S44","ci_KDb","set1","112","character","LeFou","Instigator","FAN THE FLAMES When you play this character, ready chosen character. They can't quest for the rest of this turn.","All a mob needs is a push in the wrong direction.","src/cards/001/characters/112-lefou-instigator.i18n.ts","translated"
"set1-113","MEd","ci_C6t","set1","113","character","Maleficent","Monstrous Dragon","DRAGON FIRE When you play this character, you may banish chosen character.","The ninth Rule of Villainy: When all else fails, turn into a dragon.","src/cards/001/characters/113-maleficent-monstrous-dragon.i18n.ts","translated"
"set1-114","FqD","ci_g8i","set1","114","character","Maui","Hero to All","Rush
Reckless","What I believe you were trying to say is ‘Thank you.’","src/cards/001/characters/114-maui-hero-to-all.i18n.ts","translated"
"set1-115","vrS","ci_vrS","set1","115","character","Mickey Mouse","Brave Little Tailor","Evasive","When defeat looms and victory hangs by a thread, a hero bolts to the rescue, patching things up through shear determination.","src/cards/001/characters/115-mickey-mouse-brave-little-tailor.i18n.ts","translated"
"set1-116","YPs","ci_YPs","set1","116","character","Minnie Mouse","Always Classy","undefined","Her fashion sense is always spot on.","src/cards/001/characters/116-minnie-mouse-always-classy.i18n.ts","translated"
"set1-117","c4p","ci_c4p","set1","117","character","Moana","Chosen by the Ocean","THIS IS NOT WHO YOU ARE When you play this character, you may banish chosen character named Te Kā.","You know who you are.","src/cards/001/characters/117-moana-chosen-by-the-ocean.i18n.ts","translated"
"set1-118","4Na","ci_4Na","set1","118","character","Mulan","Imperial Soldier","LEAD BY EXAMPLE During your turn, whenever this character banishes another character in a challenge, your other characters get +1 {L} this turn.","","src/cards/001/characters/118-mulan-imperial-soldier.i18n.ts","translated"
"set1-119","1O4","ci_1O4","set1","119","character","Peter Pan","Fearless Fighter","Rush","Nobody calls Pan a coward and lives! I’ll fight you man-to-man, with one hand behind my back.","src/cards/001/characters/119-peter-pan-fearless-fighter.i18n.ts","translated"
"set1-120","Sa8","ci_Sa8","set1","120","character","Pongo","Ol’ Rascal","Evasive","At first I had no particular plan, just anything to attract attention. You know, stir things up a bit.","src/cards/001/characters/120-pongo-ol-rascal.i18n.ts","translated"
"set1-121","nSe","ci_Su6","set1","121","character","Rapunzel","Letting Down Her Hair","TANGLE When you play this character, each opponent loses 1 lore.","Who are you? And how did you find me?","src/cards/001/characters/121-rapunzel-letting-down-her-hair.i18n.ts","translated"
"set1-122","AoK","ci_AoK","set1","122","character","Scar","Fiery Usurper","undefined","Consumed by the flames of ambition.","src/cards/001/characters/122-scar-fiery-usurper.i18n.ts","translated"
"set1-123","pVG","ci_pVG","set1","123","character","Scar","Shameless Firebrand","Shift 6
ROUSING SPEECH When you play this character, ready your characters with cost 3 or less. They can't quest for the rest of this turn.","The time has come to take what is ours!","src/cards/001/characters/123-scar-shameless-firebrand.i18n.ts","translated"
"set1-124","Dn2","ci_VLR","set1","124","character","Sergeant Tibbs","Courageous Cat","undefined","Yes, sir. Righto, sir. Right away, sir!","src/cards/001/characters/124-sergeant-tibbs-courageous-cat.i18n.ts","translated"
"set1-125","LKL","ci_hJx","set1","125","character","Stitch","Abomination","undefined","His destructive programming is taking effect. He will be irresistibly drawn to large cities, where he will back up sewers, reverse street signs, and steal everyone's left shoe. —Jumba Jookiba","src/cards/001/characters/125-stitch-abomination.i18n.ts","translated"
"set1-126","Zd7","ci_Zd7","set1","126","character","Te Kā","The Burning One","Reckless","She burns for that which was stolen from her.","src/cards/001/characters/126-te-k-the-burning-one.i18n.ts","translated"
"set1-127","H06","ci_H06","set1","127","character","Tigger","Wonderful Thing","Evasive","I’m the bounciest bouncer that ever bounced!","src/cards/001/characters/127-tigger-wonderful-thing.i18n.ts","translated"
"set1-128","4Sx","ci_4Sx","set1","128","action","Be Prepared","","Banish all characters.","Our teeth and ambitions are bared!","src/cards/001/actions/128-be-prepared.i18n.ts","translated"
"set1-129","VLl","ci_VLl","set1","129","action","Cut to the Chase","","Chosen character gains Rush this turn. (They can challenge the turn they're played.)","Surprise!","src/cards/001/actions/129-cut-to-the-chase.i18n.ts","translated"
"set1-130","RUF","ci_fJr","set1","130","action","Dragon Fire","","Banish chosen character.","Rare is the hero who can withstand a dragon’s wrath.","src/cards/001/actions/130-dragon-fire.i18n.ts","translated"
"set1-131","iMK","ci_iMK","set1","131","action","Fan the Flames","","Ready chosen character. They can't quest for the rest of this turn.","Pretty words can move a crowd, but so can ugly ones.","src/cards/001/actions/131-fan-the-flames.i18n.ts","translated"
"set1-132","CpS","ci_CpS","set1","132","action","He's Got a Sword!","","Chosen character gets +2 {S} this turn.","We've <all> got swords! —Razoul","src/cards/001/actions/132-hes-got-a-sword.i18n.ts","translated"
"set1-133","X1Y","ci_X1Y","set1","133","action","Tangle","","Each opponent loses 1 lore.","Stay right there! I mean, you don’t have a choice, I guess. But still! Don’t move! —Rapunzel","src/cards/001/actions/133-tangle.i18n.ts","translated"
"set1-134","NVz","ci_NVz","set1","134","item","Poisoned Apple","","TAKE A BITE... 1 {I}, Banish this item — Exert chosen character. If a Princess character is chosen, banish her instead.","One taste of the poisoned apple, and the victim’s eyes will close forever.... —The Queen","src/cards/001/items/134-poisoned-apple.i18n.ts","translated"
"set1-135","lec","ci_lec","set1","135","item","Shield of Virtue","","FIREPROOF {E}, 3 {I} — Ready chosen character. They can't quest for the rest of this turn.","Arm thyself with this enchanted Shield of Virtue and this mighty Sword of Truth, for these weapons of righteousness will triumph over evil. —Flora","src/cards/001/items/135-shield-of-virtue.i18n.ts","translated"
"set1-136","4Du","ci_4Du","set1","136","item","Sword of Truth","","FINAL ENCHANTMENT Banish this item — Banish chosen Villain character.","Almost as powerful as True Love’s Kiss.","src/cards/001/items/136-sword-of-truth.i18n.ts","translated"
"set1-137","5XS","ci_5XS","set1","137","character","Ariel","Whoseit Collector","LOOK AT THIS STUFF Whenever you play an item, you may ready this character.","You want thingamabobs? I got twenty.","src/cards/001/characters/137-ariel-whoseit-collector.i18n.ts","translated"
"set1-138","HSP","ci_HSP","set1","138","character","Aurora","Briar Rose","DISARMING BEAUTY When you play this character, chosen character gets -2 {S} this turn.","There was something strange about that voice. Too beautiful to be real... —Prince Phillip","src/cards/001/characters/138-aurora-briar-rose.i18n.ts","translated"
"set1-139","F9x","ci_mSW","set1","139","character","Aurora","Dreaming Guardian","Shift 3
PROTECTIVE EMBRACE Your other characters gain Ward.","As the princess slumbered, her power awoke.","src/cards/001/characters/139-aurora-dreaming-guardian.i18n.ts","translated"
"set1-140","tuh","ci_LLH","set1","140","character","Aurora","Regal Princess","undefined","They say if you dream a thing more than once, it's sure to come true!","src/cards/001/characters/140-aurora-regal-princess.i18n.ts","translated"
"set1-141","O4F","ci_xtR","set1","141","character","Belle","Inventive Engineer","TINKER Whenever this character quests, you pay 1 {I} less for the next item you play this turn.","A little ingenuity and a lot of heart will take you far in this world.","src/cards/001/characters/141-belle-inventive-engineer.i18n.ts","translated"
"set1-142","vWb","ci_5l8","set1","142","character","Belle","Strange but Special","READ A BOOK During your turn, you may put an additional card from your hand into your inkwell facedown.
MY FAVORITE PART! While you have 10 or more cards in your inkwell, this character gets +4 {L}.","Far-off places, daring sword fights, magic spells, a prince in disguise...","src/cards/001/characters/142-belle-strange-but-special.i18n.ts","translated"
"set1-143","DmB","ci_DmB","set1","143","character","Chief Tui","Respected Leader","Support","You can always rely on the strength of those who love you.","src/cards/001/characters/143-chief-tui-respected-leader.i18n.ts","translated"
"set1-144","fpc","ci_fpc","set1","144","character","Donald Duck","Strutting His Stuff","Ward","Walk smarter, not harder.","src/cards/001/characters/144-donald-duck-strutting-his-stuff.i18n.ts","translated"
"set1-145","6YW","ci_nWw","set1","145","character","Flounder","Voice of Reason","undefined","Excitement. . . adventure. . . danger lurking around every cor— AAAAAGGH!","src/cards/001/characters/145-flounder-voice-of-reason.i18n.ts","translated"
"set1-146","ROE","ci_ROE","set1","146","character","Gramma Tala","Storyteller","I WILL BE WITH YOU When this character is banished, you may put this card into your inkwell facedown and exerted.","Moana: Is there something you want to tell me? Gramma Tala: Is there something you want to hear?","src/cards/001/characters/146-gramma-tala-storyteller.i18n.ts","translated"
"set1-147","iRC","ci_nzC","set1","147","character","Hades","Infernal Schemer","IS THERE A DOWNSIDE TO THIS? When you play this character, you may put chosen opposing character into their player's inkwell facedown.","He's gotta have a weakness, because everybody's got a weakness.","src/cards/001/characters/147-hades-infernal-schemer.i18n.ts","translated"
"set1-148","crg","ci_crg","set1","148","character","Jasmine","Disguised","undefined","Try to understand. I’ve never done a thing on my own. I’ve never had any real friends.. . . I’ve never even been outside the palace walls.","src/cards/001/characters/148-jasmine-disguised.i18n.ts","translated"
"set1-149","Abg","ci_Abg","set1","149","character","Jasmine","Queen of Agrabah","Shift 3
CARETAKER When you play this character and whenever she quests, you may remove up to 2 damage from each of your characters.","","src/cards/001/characters/149-jasmine-queen-of-agrabah.i18n.ts","translated"
"set1-150","LcD","ci_LcD","set1","150","character","Maleficent","Sinister Visitor","undefined","The princess shall indeed grow in grace and beauty, beloved by all who know her. But before the sun sets on her sixteenth birthday, she shall prick her finger on the spindle of a spinning wheel.. . .","src/cards/001/characters/150-maleficent-sinister-visitor.i18n.ts","translated"
"set1-151","GaM","ci_6sE","set1","151","character","Maleficent","Uninvited","undefined","She had no invitation—and needed no introduction.","src/cards/001/characters/151-maleficent-uninvited.i18n.ts","translated"
"set1-152","Yw4","ci_Yw4","set1","152","character","Maurice","World-Famous Inventor","GIVE IT A TRY Whenever this character quests, you pay 2 {I} less for the next item you play this turn.
IT WORKS! Whenever you play an item, you may draw a card.","","src/cards/001/characters/152-maurice-world-famous-inventor.i18n.ts","translated"
"set1-153","m4N","ci_m4N","set1","153","character","Merlin","Self-Appointed Mentor","Support","What a mess! What a medieval muddle! We’ll have to modernize it.","src/cards/001/characters/153-merlin-self-appointed-mentor.i18n.ts","translated"
"set1-154","9Tz","ci_Ff8","set1","154","character","Mickey Mouse","Detective","GET A CLUE When you play this character, you may put the top card of your deck into your inkwell facedown and exerted.","Wherever the seaweed had come from, Mickey was sure of one thing: something fishy was going on.","src/cards/001/characters/154-mickey-mouse-detective.i18n.ts","translated"
"set1-155","4nl","ci_FBP","set1","155","character","Mufasa","King of the Pride Lands","undefined","A king must care for all of the creatures in his kingdom, no matter their size.","src/cards/001/characters/155-mufasa-king-of-the-pride-lands.i18n.ts","translated"
"set1-156","BXf","ci_BXf","set1","156","character","Philoctetes","Trainer of Heroes","Support","Ya gotta be the best to train the best. And I train the best!","src/cards/001/characters/156-philoctetes-trainer-of-heroes.i18n.ts","translated"
"set1-157","P20","ci_h2F","set1","157","character","Robin Hood","Unrivaled Archer","FEED THE POOR When you play this character, if an opponent has more cards in their hand than you, draw a card.
GOOD SHOT During your turn, this character gains Evasive. (They can challenge characters with Evasive.)","We never rob. We just sort of borrow a bit from those who can afford it.","src/cards/001/characters/157-robin-hood-unrivaled-archer.i18n.ts","translated"
"set1-158","yBp","ci_yBp","set1","158","character","Scar","Mastermind","INSIDIOUS PLOT When you play this character, chosen opposing character gets -5 {S} this turn.","The best plans involve a little danger. Just not for me.","src/cards/001/characters/158-scar-mastermind.i18n.ts","translated"
"set1-159","Z2D","ci_Z2D","set1","159","character","Tamatoa","So Shiny!","WHAT HAVE WE HERE? When you play this character and whenever he quests, you may return an item card from your discard to your hand.
GLAM This character gets +1 {L} for each item you have in play.","Watch me dazzle like a diamond in the rough!","src/cards/001/characters/159-tamatoa-so-shiny.i18n.ts","translated"
"set1-160","0PV","ci_0PV","set1","160","character","Triton","The Sea King","undefined","Isn’t ‘Because I said so’ enough of a reason?","src/cards/001/characters/160-triton-the-sea-king.i18n.ts","translated"
"set1-161","GGr","ci_w1L","set1","161","action","Develop Your Brain","","Look at the top 2 cards of your deck. Put one into your hand and the other on the bottom of the deck.","Knowledge, wisdom—there’s the <real> power! —Merlin","src/cards/001/actions/161-develop-your-brain.i18n.ts","translated"
"set1-162","wfG","ci_wfG","set1","162","action","If it’s Not Baroque","","Return an item card from your discard to your hand.",". . . Don't fix it.","src/cards/001/actions/162-if-its-not-baroque.i18n.ts","translated"
"set1-163","yd6","ci_xdR","set1","163","action","Let It Go","","Put chosen character into their player's inkwell facedown and exerted.","It’s time to see what I can do To test the limits and break through","src/cards/001/actions/163-let-it-go.i18n.ts","translated"
"set1-164","2rr","ci_0Iz","set1","164","action","One Jump Ahead","","Put the top card of your deck into your inkwell facedown and exerted.","Gotta eat to live, gotta steal to eat— Tell you all about it when I got the time","src/cards/001/actions/164-one-jump-ahead.i18n.ts","translated"
"set1-165","6w7","ci_6w7","set1","165","action","Work Together","","Chosen character gains Support this turn. (Whenever they quest, you may add their {S} to another chosen character's {S} this turn.)","Pacha: Put your whole back into it! Kuzco: This <is> my whole back!","src/cards/001/actions/165-work-together.i18n.ts","translated"
"set1-166","dG9","ci_eG9","set1","166","item","Coconut Basket","","CONSIDER THE COCONUT Whenever you play a character, you may remove up to 2 damage from chosen character.","The coconut is a versatile gift from the gods, used to make nearly everything—including baskets to carry more coconuts.","src/cards/001/items/166-coconut-basket.i18n.ts","translated"
"set1-167","xSb","ci_xSb","set1","167","item","Eye of the Fates","","SEE THE FUTURE {E} — Chosen character gets +1 {L} this turn.","You can change the future once you know what you're looking at.","src/cards/001/items/167-eye-of-the-fates.i18n.ts","translated"
"set1-168","UUs","ci_UUs","set1","168","item","Fishbone Quill","","GO AHEAD AND SIGN {E} — Put any card from your hand into your inkwell facedown.","If you want to cross the bridge, my sweet, you've got to pay the toll. —Ursula","src/cards/001/items/168-fishbone-quill.i18n.ts","translated"
"set1-169","evQ","ci_evQ","set1","169","item","Magic Golden Flower","","HEALING POLLEN Banish this item — Remove up to 3 damage from chosen character.","Once upon a time, a single drop of sunlight fell from the heavens.. . . —Flynn Rider","src/cards/001/items/169-magic-golden-flower.i18n.ts","translated"
"set1-170","jt9","ci_jt9","set1","170","item","Scepter of Arendelle","","COMMAND {E} — Chosen character gains Support this turn. (Whenever they quest, you may add their {S} to another chosen character's {S} this turn.)","","src/cards/001/items/170-scepter-of-arendelle.i18n.ts","translated"
"set1-171","K3y","ci_K3y","set1","171","character","Aladdin","Cornered Swordsman","undefined","Oh ho! So the street rat found a sword <and> a backbone! —Razoul","src/cards/001/characters/171-aladdin-cornered-swordsman.i18n.ts","translated"
"set1-172","VIG","ci_VIG","set1","172","character","Beast","Hardheaded","BREAK When you play this character, you may banish chosen item.","She’ll never see me as anything. . . but a monster.","src/cards/001/characters/172-beast-hardheaded.i18n.ts","translated"
"set1-173","svs","ci_0AT","set1","173","character","Captain Hook","Captain of the Jolly Roger","DOUBLE THE POWDER! When you play this character, you may return an action card named Fire the Cannons! from your discard to your hand.","A pretty sight, Mr. Smee. We’ll pot ’em like sitting ducks.","src/cards/001/characters/173-captain-hook-captain-of-the-jolly-roger.i18n.ts","translated"
"set1-174","p7d","ci_ZXl","set1","174","character","Captain Hook","Forceful Duelist","Challenger +2","He loves to make light of a foe’s predicament.","src/cards/001/characters/174-captain-hook-forceful-duelist.i18n.ts","translated"
"set1-175","3Ri","ci_3Ri","set1","175","character","Captain Hook","Thinking a Happy Thought","Shift 3
Challenger +3
STOLEN DUST Characters with cost 3 or less can't challenge this character.","","src/cards/001/characters/175-captain-hook-thinking-a-happy-thought.i18n.ts","translated"
"set1-176","sNx","ci_sNx","set1","176","character","Cerberus","Three-Headed Dog","undefined","Always vigilant. Always fierce. Always fighting over the ball.","src/cards/001/characters/176-cerberus-three-headed-dog.i18n.ts","translated"
"set1-177","gYL","ci_DOw","set1","177","character","Donald Duck","Musketeer","Bodyguard
STAY ALERT! During your turn, your Musketeer characters gain Evasive. (They can challenge characters with Evasive.)","","src/cards/001/characters/177-donald-duck-musketeer.i18n.ts","translated"
"set1-178","A1d","ci_A1d","set1","178","character","Gantu","Galactic Federation Captain","UNDER ARREST Characters with cost 2 or less can't challenge your characters.","Relax, enjoy the trip. . . and don’t get any ideas!","src/cards/001/characters/178-gantu-galactic-federation-captain.i18n.ts","translated"
"set1-179","SVn","ci_SVn","set1","179","character","Goons","Maleficent’s Underlings","undefined","They may be useless, but they came with the castle.","src/cards/001/characters/179-goons-maleficents-underlings.i18n.ts","translated"
"set1-180","jUh","ci_jUh","set1","180","character","Hans","Thirteenth in Line","STAGE A LITTLE ACCIDENT Whenever this character quests, you may deal 1 damage to chosen character.","Tired of being last, he decided to cut the line.","src/cards/001/characters/180-hans-thirteenth-in-line.i18n.ts","translated"
"set1-181","Wrj","ci_0p0","set1","181","character","Hercules","True Hero","Bodyguard","You gotta admit, that was pretty heroic.","src/cards/001/characters/181-hercules-true-hero.i18n.ts","translated"
"set1-182","YXQ","ci_YXQ","set1","182","character","Kristoff","Official Ice Master","undefined","Kristoff: You want to talk about a supply and demand problem? I sell ice for a living. Anna: Ooh, that’s a rough business to be in right now. I mean, that is really—ah, mm. That’s unfortunate.","src/cards/001/characters/182-kristoff-official-ice-master.i18n.ts","translated"
"set1-183","pxO","ci_pxO","set1","183","character","Kronk","Right-Hand Man","undefined","Oh yeah. It’s all coming together!","src/cards/001/characters/183-kronk-right-hand-man.i18n.ts","translated"
"set1-184","NhZ","ci_NhZ","set1","184","character","Lilo","Galactic Hero","undefined","Space. That's where aliens come from. And also tourists!","src/cards/001/characters/184-lilo-galactic-hero.i18n.ts","translated"
"set1-185","nM3","ci_mg0","set1","185","character","Maui","Demigod","undefined","When the gods gift you a boat, you take it. The boat’s owner is optional.","src/cards/001/characters/185-maui-demigod.i18n.ts","translated"
"set1-186","0We","ci_4nt","set1","186","character","Mickey Mouse","Musketeer","Bodyguard
ALL FOR ONE Your other Musketeer characters get +1 {S}.","","src/cards/001/characters/186-mickey-mouse-musketeer.i18n.ts","translated"
"set1-187","yeQ","ci_Zf7","set1","187","character","Prince Eric","Dashing and Brave","Challenger +2","I lost her once! I'm not gonna lose her again!","src/cards/001/characters/187-prince-eric-dashing-and-brave.i18n.ts","translated"
"set1-188","dTm","ci_dTm","set1","188","character","Simba","Future King","GUESS WHAT? When you play this character, you may draw a card, then choose and discard a card.","I’m gonna be the best king the Pride Lands have ever seen!","src/cards/001/characters/188-simba-future-king.i18n.ts","translated"
"set1-189","rWf","ci_11m","set1","189","character","Simba","Returned King","Challenger +4
POUNCE During your turn, this character gains Evasive. (They can challenge characters with Evasive.)","I’ll do whatever it takes to save my kingdom.","src/cards/001/characters/189-simba-returned-king.i18n.ts","translated"
"set1-190","XnN","ci_XnN","set1","190","character","Simba","Rightful Heir","I KNOW WHAT I HAVE TO DO During your turn, whenever this character banishes another character in a challenge, you gain 1 lore.","I can’t hide anymore. It’s time to accept my destiny.","src/cards/001/characters/190-simba-rightful-heir.i18n.ts","translated"
"set1-191","lSG","ci_lSG","set1","191","character","Starkey","Hook’s Henchman","\Aye Aye, Captain\ While you have a Captain character in play, this character gets +1 {L}.","A pirate must be tough, loyal, and strong. Smart doesn't even make the list.","src/cards/001/characters/191-starkey-hooks-henchman.i18n.ts","translated"
"set1-192","KcY","ci_KcY","set1","192","character","Te Kā","Heartless","SEEK THE HEART During your turn, whenever this character banishes another character in a challenge, you gain 2 lore.","Maui: Ever defeat a lava monster? Moana: No. Have you?","src/cards/001/characters/192-te-k-heartless.i18n.ts","translated"
"set1-193","gVL","ci_6gQ","set1","193","character","Tinker Bell","Giant Fairy","Shift 4
ROCK THE BOAT When you play this character, deal 1 damage to each opposing character.
PUNY PIRATE! During your turn, whenever this character banishes another character in a challenge, you may deal 2 damage to chosen opposing character.","","src/cards/001/characters/193-tinker-bell-giant-fairy.i18n.ts","translated"
"set1-194","cY7","ci_Itn","set1","194","character","Tinker Bell","Tiny Tactician","BATTLE PLANS {E} — Draw a card, then choose and discard a card.","Sometimes all you need is a little tactical genius.","src/cards/001/characters/194-tinker-bell-tiny-tactician.i18n.ts","translated"
"set1-195","YDE","ci_YDE","set1","195","action","A Whole New World","","Each player discards their hand and draws 7 cards.","Shining, shimmering, splendid. . .","src/cards/001/actions/195-a-whole-new-world.i18n.ts","translated"
"set1-196","PsS","ci_PsS","set1","196","action","Break","","Banish chosen item.","No one throws a tantrum like a beast.","src/cards/001/actions/196-break.i18n.ts","translated"
"set1-197","BFV","ci_Ots","set1","197","action","Fire the Cannons!","","Deal 2 damage to chosen character.","Captain Hook: Double the powder and shorten the fuse! Mr. Smee: Shorten the powder and double the fuse!","src/cards/001/actions/197-fire-the-cannons.i18n.ts","translated"
"set1-198","Sc6","ci_Sc6","set1","198","action","Grab Your Sword","","Deal 2 damage to each opposing character.","We don’t like What we don’t understand In fact, it scares us","src/cards/001/actions/198-grab-your-sword.i18n.ts","translated"
"set1-199","sgV","ci_sgV","set1","199","action","Ransack","","Draw 2 cards, then choose and discard 2 cards.","Who has time to read labels?","src/cards/001/actions/199-ransack.i18n.ts","translated"
"set1-200","fcn","ci_0iV","set1","200","action","Smash","","Deal 3 damage to chosen character.","Go away!","src/cards/001/actions/200-smash.i18n.ts","translated"
"set1-201","g9u","ci_j5a","set1","201","item","Beast’s Mirror","","\Show Me\ {E}, 3 {I} — If you have no cards in your hand, draw a card.","Ashamed of his monstrous form, the Beast concealed himself inside his castle, with a magic mirror as his only window to the outside world.","src/cards/001/items/201-beasts-mirror.i18n.ts","translated"
"set1-202","HLs","ci_HLs","set1","202","item","Frying Pan","","CLANG! Banish this item — Chosen character can't challenge during their next turn.","It’s a fine piece of cookware, but as a weapon it’s truly stunning.","src/cards/001/items/202-frying-pan.i18n.ts","translated"
"set1-203","Srb","ci_Srb","set1","203","item","Musketeer Tabard","","ALL FOR ONE AND ONE FOR ALL Whenever one of your characters with Bodyguard is banished, you may draw a card.","There’s no such thing as a lone musketeer.","src/cards/001/items/203-musketeer-tabard.i18n.ts","translated"
"set1-204","zJQ","ci_zJQ","set1","204","item","Plasma Blaster","","QUICK SHOT {E}, 2 {I} — Deal 1 damage to chosen character.","You don't have to say ‘pew pew’ when you use it, but it doesn't hurt. —Lilo, galactic hero","src/cards/001/items/204-plasma-blaster.i18n.ts","translated"
"set1-205-enchanted","6dK","ci_pZ2","set1","205","character","Hades","King of Olympus","Shift 6
SINISTER PLOT This character gets +1 {L} for each other Villain character you have in play.","","src/cards/001/characters/205-hades-king-of-olympus-enchanted.i18n.ts","translated"
"set1-206-enchanted","MQ5","ci_44h","set1","206","character","Stitch","Carefree Surfer","OHANA When you play this character, if you have 2 or more other characters in play, you may draw 2 cards.","","src/cards/001/characters/206-stitch-carefree-surfer-enchanted.i18n.ts","translated"
"set1-207-enchanted","8yF","ci_4Pf","set1","207","character","Elsa","Spirit of Winter","Shift 6
DEEP FREEZE When you play this character, exert up to 2 chosen characters. They can't ready at the start of their next turn.","","src/cards/001/characters/207-elsa-spirit-of-winter-enchanted.i18n.ts","translated"
"set1-208-enchanted","iGy","ci_cZb","set1","208","character","Mickey Mouse","Wayward Sorcerer","ANIMATE BROOM You pay 1 {I} less to play Broom characters.
CEASELESS WORKER Whenever one of your Broom characters is banished in a challenge, you may return that card to your hand.","","src/cards/001/characters/208-mickey-mouse-wayward-sorcerer-enchanted.i18n.ts","translated"
"set1-209-enchanted","yvs","ci_1oW","set1","209","character","Genie","On the Job","Evasive
DISAPPEAR When you play this character, you may return chosen character to their player's hand.","","src/cards/001/characters/209-genie-on-the-job-enchanted.i18n.ts","translated"
"set1-210-enchanted","dbG","ci_8IO","set1","210","character","Mickey Mouse","Artful Rogue","Shift 5
MISDIRECTION Whenever you play an action, chosen opposing character can't quest during their next turn.","","src/cards/001/characters/210-mickey-mouse-artful-rogue-enchanted.i18n.ts","translated"
"set1-211-enchanted","wXz","ci_wrC","set1","211","character","Aladdin","Heroic Outlaw","Shift 5
DARING EXPLOIT During your turn, whenever this character banishes another character in a challenge, you gain 2 lore and each opponent loses 2 lore.","","src/cards/001/characters/211-aladdin-heroic-outlaw-enchanted.i18n.ts","translated"
"set1-212-enchanted","kGS","ci_g8i","set1","212","character","Maui","Hero to All","Rush
Reckless","","src/cards/001/characters/212-maui-hero-to-all-enchanted.i18n.ts","translated"
"set1-213-enchanted","349","ci_mSW","set1","213","character","Aurora","Dreaming Guardian","Shift 3
PROTECTIVE EMBRACE Your other characters gain Ward.","","src/cards/001/characters/213-aurora-dreaming-guardian-enchanted.i18n.ts","translated"
"set1-214-enchanted","ij3","ci_5l8","set1","214","character","Belle","Strange but Special","READ A BOOK During your turn, you may put an additional card from your hand into your inkwell facedown.
MY FAVORITE PART! While you have 10 or more cards in your inkwell, this character gets +4 {L}.","","src/cards/001/characters/214-belle-strange-but-special-enchanted.i18n.ts","translated"
"set1-215-enchanted","FjY","ci_11m","set1","215","character","Simba","Returned King","Challenger +4
POUNCE During your turn, this character gains Evasive. (They can challenge characters with Evasive.)","","src/cards/001/characters/215-simba-returned-king-enchanted.i18n.ts","translated"
"set1-216-enchanted","SMt","ci_6gQ","set1","216","character","Tinker Bell","Giant Fairy","Shift 4
ROCK THE BOAT When you play this character, deal 1 damage to each opposing character.
PUNY PIRATE! During your turn, whenever this character banishes another character in a challenge, you may deal 2 damage to chosen opposing character.","","src/cards/001/characters/216-tinker-bell-giant-fairy-enchanted.i18n.ts","translated"
"set1-c1-001-challenge","xXC","ci_fJr","set1-c1","1","action","Dragon Fire","","Banish chosen character.","","src/cards/001/actions/c1-001-dragon-fire-challenge.i18n.ts","translated"
"set1-c1-002-challenge","sDF","ci_xdR","set1-c1","2","action","Let It Go","","Put chosen character into their player's inkwell facedown and exerted.","","src/cards/001/actions/c1-002-let-it-go-challenge.i18n.ts","translated"
"set1-c1-004-challenge","iTw","ci_mTY","set1-c1","4","character","Rapunzel","Gifted with Healing","GLEAM AND GLOW When you play this character, remove up to 3 damage from one of your characters. Draw a card for each 1 damage removed this way.","","src/cards/001/characters/c1-004-rapunzel-gifted-with-healing-challenge.i18n.ts","translated"
"set1-c1-008-challenge","DLw","ci_2TN","set1-c1","8","character","Kuzco","Temperamental Emperor","Ward
NO TOUCHY! When this character is challenged and banished, you may banish the challenging character.","","src/cards/001/characters/c1-008-kuzco-temperamental-emperor-challenge.i18n.ts","translated"
"set1-c1-010-challenge","9WQ","ci_YDE","set1-c1","10","action","A Whole New World","","Each player discards their hand and draws 7 cards.","","src/cards/001/actions/c1-010-a-whole-new-world-challenge.i18n.ts","translated"
"set1-c2-009-challenge","Yxc","ci_fJr","set1-c2","9","action","Dragon Fire","","Banish chosen character.","","src/cards/001/actions/c2-009-dragon-fire-challenge.i18n.ts","translated"
"set1-c2-010-challenge","wci","ci_xdR","set1-c2","10","action","Let It Go","","Put chosen character into their player's inkwell facedown and exerted.","","src/cards/001/actions/c2-010-let-it-go-challenge.i18n.ts","translated"
"set1-d23-001","dXc","ci_vrS","set1-d23","1","character","Mickey Mouse","Brave Little Tailor","Evasive","","src/cards/001/characters/d23-001-mickey-mouse-brave-little-tailor.i18n.ts","translated"
"set1-p1-008-promo","hSI","ci_Ff8","set1-p1","8","character","Mickey Mouse","Detective","GET A CLUE When you play this character, you may put the top card of your deck into your inkwell facedown and exerted.","","src/cards/001/characters/p1-008-mickey-mouse-detective-promo.i18n.ts","translated"
"set1-p1-009-promo","PTP","ci_Tbp","set1-p1","9","character","HeiHei","Boat Snack","Support","","src/cards/001/characters/p1-009-heihei-boat-snack-promo.i18n.ts","translated"
"set1-p1-010-promo","Rm1","ci_BVo","set1-p1","10","character","Yzma","Alchemist","YOU'RE EXCUSED Whenever this character quests, look at the top card of your deck. Put it on either the top or the bottom of your deck.","","src/cards/001/characters/p1-010-yzma-alchemist-promo.i18n.ts","translated"
"set1-p1-011-promo","Un6","ci_4nt","set1-p1","11","character","Mickey Mouse","Musketeer","Bodyguard
ALL FOR ONE Your other Musketeer characters get +1 {S}.","","src/cards/001/characters/p1-011-mickey-mouse-musketeer-promo.i18n.ts","translated"
"set1-p1-012-promo","Ja1","ci_BTg","set1-p1","12","character","Goofy","Musketeer","Bodyguard
AND TWO FOR TEA! When you play this character, you may remove up to 2 damage from each of your Musketeer characters.","","src/cards/001/characters/p1-012-goofy-musketeer-promo.i18n.ts","translated"
"set1-p1-013-promo","bXy","ci_DOw","set1-p1","13","character","Donald Duck","Musketeer","Bodyguard
STAY ALERT! During your turn, your Musketeer characters gain Evasive. (They can challenge characters with Evasive.)","","src/cards/001/characters/p1-013-donald-duck-musketeer-promo.i18n.ts","translated"
"set1-p1-020","436","ci_K4J","set1-p1","20","character","Genie","Powers Unleashed","Shift 6
Evasive
\Phenomenal Cosmic Power!\ Whenever this character quests, you may play an action with cost 5 or less for free.","","src/cards/001/characters/p1-020-genie-powers-unleashed.i18n.ts","translated"
"set1-p1-021","zIV","ci_hJx","set1-p1","21","character","Stitch","Abomination","undefined","","src/cards/001/characters/p1-021-stitch-abomination.i18n.ts","translated"
"set1-p1-022","FIn","ci_6sE","set1-p1","22","character","Maleficent","Uninvited","undefined","","src/cards/001/characters/p1-022-maleficent-uninvited.i18n.ts","translated"
"set1-p1-023","3yS","ci_mg0","set1-p1","23","character","Maui","Demigod","undefined","","src/cards/001/characters/p1-023-maui-demigod.i18n.ts","translated"
"set1-p1-024-promo","nZP","ci_5JP","set1-p1","24","character","Gaston","Arrogant Hunter","Reckless","","src/cards/001/characters/p1-024-gaston-arrogant-hunter-promo.i18n.ts","translated"
"set1-p3-010-promo","kVQ","ci_mvj","set1-p3","10","character","Mickey Mouse","True Friend","undefined","","src/cards/001/characters/p3-010-mickey-mouse-true-friend-promo.i18n.ts","translated"
"set10-001","T1d","ci_T1d","set10","1","character","Baloo","Friend and Guardian","Bodyguard
Support","","src/cards/010/characters/001-baloo-friend-and-guardian.i18n.ts","translated"
"set10-002","Kjy","ci_JyZ","set10","2","character","Gaston","Frightful Bully","Boost 2 {I}
TOP THAT! Whenever this character quests, if there's a card under him, chosen opposing character can't challenge and must quest if able during their next turn.","","src/cards/010/characters/002-gaston-frightful-bully.i18n.ts","translated"
"set10-003","8hR","ci_8hR","set10","3","character","Rapunzel","Ready for Adventure","Support
ACT OF KINDNESS Whenever one of your characters is chosen for Support, until the start of your next turn, the next time they would be dealt damage they take no damage instead.","","src/cards/010/characters/003-rapunzel-ready-for-adventure.i18n.ts","translated"
"set10-004","foC","ci_foC","set10","4","character","Headless Manhorse","Manny","undefined","Manny was looking to get ahead, but he'd never considered that something in the Inkwell Caverns was looking for him.","src/cards/010/characters/004-headless-manhorse-manny.i18n.ts","translated"
"set10-005","6iI","ci_6iI","set10","5","character","Higgins","Undercover Officer","undefined","The paper trail led me to this bench, in this park. I'll have to keep an eye peeled for my quarry. The Littering Loiterer won't give me the slip this time!","src/cards/010/characters/005-higgins-undercover-officer.i18n.ts","translated"
"set10-006","vZ7","ci_hab","set10","6","character","Rajah","Devoted Protector","Bodyguard","He's determined to protect his friends, no matter what forms they take.","src/cards/010/characters/006-rajah-devoted-protector.i18n.ts","translated"
"set10-007","B00","ci_B00","set10","7","character","Eilonwy","Princess of Llyr","Support","If you want to come with me, you may.","src/cards/010/characters/007-eilonwy-princess-of-llyr.i18n.ts","translated"
"set10-008","NQo","ci_NQo","set10","8","character","Scrooge McDuck","On the Right Track","FABULOUS WEALTH When you play this character, chosen character with a card under them gets +1 {L} this turn.","Curse me kilts, have I missed trouble!","src/cards/010/characters/008-scrooge-mcduck-on-the-right-track.i18n.ts","translated"
"set10-009","uBf","ci_uBf","set10","9","character","Webby Vanderquack","Knowledge Seeker","I'VE READ ABOUT THIS While you have a character or location in play with a card under them, this character gets +1 {L}.","If I’m correct, and I know I am, these are the plants from chapter 6 of Hana’s Herborium.","src/cards/010/characters/009-webby-vanderquack-knowledge-seeker.i18n.ts","translated"
"set10-010","KY3","ci_KY3","set10","10","character","Gurgi","Apple Lover","HAPPY DAY When you play this character, you may remove up to 2 damage from chosen character.","In its reflection he could see the future: Moments from now, they'd be less hungry.","src/cards/010/characters/010-gurgi-apple-lover.i18n.ts","translated"
"set10-011","13A","ci_13A","set10","11","character","Mrs. Beakley","Former S.H.U.S.H. Agent","Bodyguard","Initiator of the STOP protocol: Strategic Termination of Progression.","src/cards/010/characters/011-mrs-beakley-former-shush-agent.i18n.ts","translated"
"set10-012","G0X","ci_G0X","set10","12","character","Bagheera","Cautious Explorer","undefined","He had seen many strange things in the Mysterious Ruins, but the glowing river was the most concerning. It looked and moved like water but somehow felt... different.","src/cards/010/characters/012-bagheera-cautious-explorer.i18n.ts","translated"
"set10-013","x4v","ci_x4v","set10","13","character","Shanti","Village Girl","Singer 5","Her song winds through the forest, the gentle melody soothing the hearts of all who hear it.","src/cards/010/characters/013-shanti-village-girl.i18n.ts","translated"
"set10-014","dQW","ci_dQW","set10","14","character","Flash","Records Specialist","HOLD... YOUR HORSES This character enters play exerted.
DEEP RESEARCH Whenever this character quests, you may give chosen Detective character +2 {S} this turn.","","src/cards/010/characters/014-flash-records-specialist.i18n.ts","translated"
"set10-015","JL3","ci_JL3","set10","15","character","Taran","Pig Keeper","Support
FOLLOW THE PIG Whenever this character quests, you may return a character card named Hen Wen from your discard to your hand.","","src/cards/010/characters/015-taran-pig-keeper.i18n.ts","translated"
"set10-016","g45","ci_g45","set10","16","character","Sebastian","Loyal Crab","undefined","A fine mess you've gotten yourself into this time, Sebastian. If the Sea King finds out something's wrong with Ariel before we find a way to fix it, you really <will> be in hot water!","src/cards/010/characters/016-sebastian-loyal-crab.i18n.ts","translated"
"set10-017","Mni","ci_izM","set10","17","character","Ariel","Ethereal Voice","Boost 1 {I}
COMMAND PERFORMANCE Once during your turn, whenever you play a song, if there's a card under this character, you may draw a card.","","src/cards/010/characters/017-ariel-ethereal-voice.i18n.ts","translated"
"set10-018","rwm","ci_rwm","set10","18","character","Scrooge McDuck","Cavern Prospector","Shift 4 {I}
SPECULATION Whenever you play a character or location with Boost, you may put the top card of your deck facedown under them.","","src/cards/010/characters/018-scrooge-mcduck-cavern-prospector.i18n.ts","translated"
"set10-019","65q","ci_65q","set10","19","character","Mowgli","Man Cub","HAVE A BETTER LOOK When you play this character, chosen opponent reveals their hand and discards a non-character card of their choice.","This place is just a different kind of jungle.","src/cards/010/characters/019-mowgli-man-cub.i18n.ts","translated"
"set10-020","shC","ci_IlR","set10","20","character","Simba","King in the Making","Boost 3 {I}
TIMELY ALLIANCE Whenever you put a card under this character, you may reveal the top card of your deck. If it's a character card, you may play that character for free and they enter play exerted. Otherwise, put it on the bottom of your deck.","","src/cards/010/characters/020-simba-king-in-the-making.i18n.ts","translated"
"set10-021","LuA","ci_A5H","set10","21","character","Goofy","Ghost Hunter","PERFECT TRAP When you play this character, chosen opposing character gets -1 {S} until the start of your next turn.","If you wanna beat a ghost, you gotta think like a ghost.","src/cards/010/characters/021-goofy-ghost-hunter.i18n.ts","translated"
"set10-022","p1c","ci_p1c","set10","22","character","Della Duck","Returning Mother","HERE TO HELP When you play this character, you may ready chosen character with Boost. If you do, they can't quest or challenge for the rest of this turn.","I promise I'm coming home, somehow. Nothing can stop Della Duck!","src/cards/010/characters/022-della-duck-returning-mother.i18n.ts","translated"
"set10-023","qnB","ci_qnB","set10","23","character","Mickey Mouse","Amber Champion","LEADING THE WAY Your other Amber characters get +2 {W}.
FRIENDLY CHORUS While you have 2 or more other Amber characters in play, this character gains Singer 8. (They count as cost 8 to sing songs.)","","src/cards/010/characters/023-mickey-mouse-amber-champion.i18n.ts","translated"
"set10-024","LYe","ci_zXO","set10","24","character","Goofy","Galumphing Gumshoe","Shift 5 {I}
HOT PURSUIT When you play this character and whenever he quests, each opposing character gets -1 {S} until the start of your next turn.","","src/cards/010/characters/024-goofy-galumphing-gumshoe.i18n.ts","translated"
"set10-025","OP1","ci_OP1","set10","25","character","Gazelle","Ballad Singer","Singer 7
CROWD FAVORITE When you play this character, you may put a song card from your discard on the top of your deck.","","src/cards/010/characters/025-gazelle-ballad-singer.i18n.ts","translated"
"set10-026","imz","ci_imz","set10","26","action","Search for Clues","","The player or players with the most cards in their hands choose and discard 2 cards. If you have a Detective character in play, gain 1 lore.","Judy: Wait, are these lorebook pages? Nick: Looks like it, Carrots. Maybe that’s where the whispers come from!","src/cards/010/actions/026-search-for-clues.i18n.ts","translated"
"set10-027","ZSz","ci_ZSz","set10","27","action","Or Rewrite History!","","Return a character card from your discard to your hand.","Every day they're out there makingDuckTales! Woo-oo!","src/cards/010/actions/027-or-rewrite-history.i18n.ts","translated"
"set10-028","VOg","ci_VOg","set10","28","action","Della's Moon Lullaby","","Chosen opposing character gets -2 {S} until the start of your next turn. Draw a card.","Life is strange and vast","src/cards/010/actions/028-dellas-moon-lullaby.i18n.ts","translated"
"set10-029","bIQ","ci_rO0","set10","29","action","The Horseman Strikes!","","Draw a card. You may banish chosen character with Evasive.","Just when you thought you'd escaped...","src/cards/010/actions/029-the-horseman-strikes.i18n.ts","translated"
"set10-030","3sY","ci_3sY","set10","30","item","Recovered Page","","WHAT IS TO COME When you play this item, look at the top 4 cards of your deck. You may reveal a character card and put it into your hand. Put the rest on the bottom of your deck in any order.
WHISPERED POWER 1 {I}, Banish this item — Put the top card of your deck facedown under one of your characters or locations with Boost.","","src/cards/010/items/030-recovered-page.i18n.ts","translated"
"set10-031","XSg","ci_XSg","set10","31","item","Webby's Diary","","LATEST ENTRY Whenever you put a card under one of your characters or locations, you may pay 1 {I} to draw a card.","A girl needs a place to put her innermost thoughts and feelings—not to mention trap designs! —Webby","src/cards/010/items/031-webbys-diary.i18n.ts","translated"
"set10-032","4V4","ci_uoZ","set10","32","item","The Black Cauldron","","THE CAULDRON CALLS {E}, 1 {I} — Put a character card from your discard under this item faceup.
RISE AND JOIN ME! {E}, 1 {I} — This turn, you may play characters from under this item.","","src/cards/010/items/032-the-black-cauldron.i18n.ts","translated"
"set10-033","iM5","ci_iM5","set10","33","item","Munchings and Crunchings","","WHAT A JUICY APPLE {E} — Remove up to 2 damage from chosen character.
COME ON OUT You pay 1 {I} less to play characters named Gurgi.","","src/cards/010/items/033-munchings-and-crunchings.i18n.ts","translated"
"set10-034","Skh","ci_Skh","set10","34","location","Duckburg","Funso’s Funzone","\Where Fun Is in the Zone\ Whenever a character quests while here, you pay 2 {I} less for the next character you play this turn.","","src/cards/010/locations/034-duckburg-funsos-funzone.i18n.ts","translated"
"set10-035","8af","ci_8af","set10","35","character","Minnie Mouse","Amethyst Champion","MYSTICAL BALANCE Whenever one of your other Amethyst characters is banished in a challenge, you may draw a card.","","src/cards/010/characters/035-minnie-mouse-amethyst-champion.i18n.ts","translated"
"set10-036","xFu","ci_yas","set10","36","character","The Horned King","Wicked Ruler","Shift 2 {I}
ARISE! Whenever one of your other characters is banished in a challenge, you may return that card to your hand, then choose and discard a card.","","src/cards/010/characters/036-the-horned-king-wicked-ruler.i18n.ts","translated"
"set10-037","t21","ci_t21","set10","37","character","Gwythaint","Savage Hunter","Evasive
SWOOPING STRIKE Whenever this character quests, each opponent chooses and exerts one of their ready characters.","","src/cards/010/characters/037-gwythaint-savage-hunter.i18n.ts","translated"
"set10-038","ETS","ci_ETS","set10","38","character","The Horned King","Heartless Devil","undefined","Untried courage is no match for his evil. %—Dallben","src/cards/010/characters/038-the-horned-king-heartless-devil.i18n.ts","translated"
"set10-039","Fjd","ci_Fjd","set10","39","character","Cauldron Born","Mindless Horde","undefined","My beloved warriors have come to life! All the dead of centuries past! Never has anyone created an army like this! —The Horned King","src/cards/010/characters/039-cauldron-born-mindless-horde.i18n.ts","translated"
"set10-040","dX5","ci_dX5","set10","40","character","Demona","Betrayer of the Clan","Challenger +2
STONE BY DAY If you have 3 or more cards in your hand, this character can't ready.","","src/cards/010/characters/040-demona-betrayer-of-the-clan.i18n.ts","translated"
"set10-041","EI4","ci_EI4","set10","41","character","Magica De Spell","Shadowy and Sinister","DARK INCANTATION When you play this character, you may shuffle a card from chosen player's discard into their deck.","My power is still not enough. I need something more. Something... shadowy.","src/cards/010/characters/041-magica-de-spell-shadowy-and-sinister.i18n.ts","translated"
"set10-042","9B6","ci_9B6","set10","42","character","Lena Sabrewing","Mysterious Duck","ARCANE CONNECTION When you play this character, if you have a character or location in play with a card under them, gain 1 lore.","This is a strange kind of magic. These ‘whispers’ seem independent, but they're still incomplete.","src/cards/010/characters/042-lena-sabrewing-mysterious-duck.i18n.ts","translated"
"set10-043","UTt","ci_UTt","set10","43","character","Iago","Stompin' Mad","Challenger +5","That does it—now I’m really ticked off!","src/cards/010/characters/043-iago-stompin-mad.i18n.ts","translated"
"set10-044","erF","ci_erF","set10","44","character","Violet Sabrewing","Senior Junior Woodchuck","Evasive","At last, an opportunity to earn my Mysterious Ruins Exploration badge!","src/cards/010/characters/044-violet-sabrewing-senior-junior-woodchuck.i18n.ts","translated"
"set10-045","FQw","ci_bTR","set10","45","character","Elsa","Exploring the Unknown","CLOSER LOOK When you play this character, you may draw a card.","This world still has secrets to uncover.","src/cards/010/characters/045-elsa-exploring-the-unknown.i18n.ts","translated"
"set10-046","7CA","ci_7CA","set10","46","character","Mushu","Braggin' Dragon","undefined","I'm the scariest thing <in> this forest. That pumpkin head should be scared of <me>!","src/cards/010/characters/046-mushu-braggin-dragon.i18n.ts","translated"
"set10-047","8zy","ci_8zy","set10","47","character","Duckworth","Ghost Butler","Rush
FINAL ACT During your turn, when this character is banished, you may put the top card of your deck facedown under one of your characters or locations with Boost.","","src/cards/010/characters/047-duckworth-ghost-butler.i18n.ts","translated"
"set10-048","Jxb","ci_Jxb","set10","48","character","Nibs","Lost Boy","LOOK WHO'S BACK When this character is banished in a challenge, return this card to your hand.","That was fun! Let's do it again!","src/cards/010/characters/048-nibs-lost-boy.i18n.ts","translated"
"set10-049","uvN","ci_747","set10","49","character","The Horned King","Triumphant Ghoul","GRAND MACHINATIONS During your turn, if 1 or more cards have left a player's discard this turn, this character gets +2 {L}.","Only moments away from victory.","src/cards/010/characters/049-the-horned-king-triumphant-ghoul.i18n.ts","translated"
"set10-050","FR8","ci_FR8","set10","50","character","Creeper","Loyal Lackey","undefined","Yes! Things are going exactly as sire planned. Soon the cauldron will be ours—I mean his.","src/cards/010/characters/050-creeper-loyal-lackey.i18n.ts","translated"
"set10-051","uHx","ci_uHx","set10","51","character","Coldstone","Reincarnated Cyborg","THE CANTRIPS HAVE BEEN SPOKEN When you play this character, if you have 2 or more Gargoyle character cards in your discard, gain 2 lore.","It’s alive! Alive! I’ve always wanted to say that. —Xanatos","src/cards/010/characters/051-coldstone-reincarnated-cyborg.i18n.ts","translated"
"set10-052","f64","ci_f64","set10","52","character","Magica De Spell","Spiteful Sorceress","MYSTICAL MANIPULATION Whenever you put a card under one of your characters or locations, you may move 1 damage counter from chosen character to chosen opposing character.","I am the stuff of nightmares lurking in the hidden recesses of your mind!","src/cards/010/characters/052-magica-de-spell-spiteful-sorceress.i18n.ts","translated"
"set10-053","wwt","ci_wwt","set10","53","character","Nana","Canine Caregiver","HELPFUL INSTINCTS When you play this character, you may choose and discard a card to return chosen character with cost 2 or less to their player's hand.","","src/cards/010/characters/053-nana-canine-caregiver.i18n.ts","translated"
"set10-054","dD1","ci_dD1","set10","54","character","Magica De Spell","Conniving Sorceress","Shift 7 {I}
SHADOW'S GRASP When you play this character, if you used Shift to play her, you may draw 4 cards.","","src/cards/010/characters/054-magica-de-spell-conniving-sorceress.i18n.ts","translated"
"set10-055","e6l","ci_Sox","set10","55","character","Demona","Scourge of the Wyvern Clan","AD SAXUM COMMUTATE When you play this character, exert all opposing characters. Then, each player with fewer than 3 cards in their hand draws until they have 3.
STONE BY DAY If you have 3 or more cards in your hand, this character can't ready.","","src/cards/010/characters/055-demona-scourge-of-the-wyvern-clan.i18n.ts","translated"
"set10-056","ON6","ci_yoK","set10","56","character","Hades","Looking for a Deal","WHAT D'YA SAY? When you play this character, you may choose an opposing character. If you do, draw 2 cards unless that character's player puts that card on the bottom of their deck.","I'm kind of on a schedule here—I got plans for August.","src/cards/010/characters/056-hades-looking-for-a-deal.i18n.ts","translated"
"set10-057","D7f","ci_D7f","set10","57","character","Olaf","Helping Hand","SECOND CHANCE When this character leaves play, you may return chosen character of yours to your hand.","Here, hold this while l get help. Try not to go anywhere.","src/cards/010/characters/057-olaf-helping-hand.i18n.ts","translated"
"set10-058","JaP","ci_Vvr","set10","58","character","Merlin","Completing His Research","Boost 2 {I}
LEGACY OF LEARNING When this character is banished in a challenge, if he had a card under him, draw 2 cards.","","src/cards/010/characters/058-merlin-completing-his-research.i18n.ts","translated"
"set10-059","BB3","ci_BB3","set10","59","character","Ursula","Whisper of Vanessa","Boost 1 {I}
SLIPPERY SPELL While there's a card under this character, she gets +1 {L} and gains Evasive.","","src/cards/010/characters/059-ursula-whisper-of-vanessa.i18n.ts","translated"
"set10-060","akT","ci_akT","set10","60","character","Cheshire Cat","Inexplicable","Boost 2 {I}
IT'S LOADS OF FUN Whenever you put a card under this character, you may move up to 2 damage counters from chosen character to chosen opposing character.","","src/cards/010/characters/060-cheshire-cat-inexplicable.i18n.ts","translated"
"set10-061","zPN","ci_zPN","set10","61","action","Begone!","","Return chosen character, item, or location with cost 3 or less to their player's hand.","Alakazam, alakazook, send this page back to its book!","src/cards/010/actions/061-begone.i18n.ts","translated"
"set10-062","U6W","ci_s2u","set10","62","action","Can't Hold It Back Anymore","","Exert chosen opposing character. Move all damage counters from all other characters to that character.","","src/cards/010/actions/062-cant-hold-it-back-anymore.i18n.ts","translated"
"set10-063","uRz","ci_uRz","set10","63","action","Swooping Strike","","Each opponent chooses and exerts one of their ready characters.","You could <try> to run...","src/cards/010/actions/063-swooping-strike.i18n.ts","translated"
"set10-064","Alh","ci_Alh","set10","64","action","Performance Review","","{E} chosen ready character of yours to draw cards equal to that character's {L}.","Listen, fellas, it's a real ‘what have you done for me lately’ business. So give me something to work with here!","src/cards/010/actions/064-performance-review.i18n.ts","translated"
"set10-065","Bll","ci_Bll","set10","65","action","Fragile as a Flower","","Draw a card. Exert chosen character with cost 2 or less. They can't ready at the start of their next turn.","","src/cards/010/actions/065-fragile-as-a-flower.i18n.ts","translated"
"set10-066","kZV","ci_kZV","set10","66","item","Junior Woodchuck Guidebook","","THE BOOK KNOWS EVERYTHING {E}, 1 {I}, Banish this item — Draw 2 cards.","How come ghosts get a whole section, but not were-ducks?! —Huey","src/cards/010/items/066-junior-woodchuck-guidebook.i18n.ts","translated"
"set10-067","uwN","ci_uwN","set10","67","item","Grimorum Arcanorum","","DOCTRINA ADDUCERE During your turn, whenever an opposing character becomes exerted, gain 1 lore.
CELERITAS Your characters named Demona gain Rush. (They can challenge the turn they're played.)","","src/cards/010/items/067-grimorum-arcanorum.i18n.ts","translated"
"set10-068","CGw","ci_IJS","set10","68","location","The Great Illuminary","Abandoned Laboratory","STARTLING DISCOVERY Characters gain "" {E} — Draw a card"" while here.","Remember, we’re looking for clues to who tore up the lorebook pages. —Elisa Maza","src/cards/010/locations/068-the-great-illuminary-abandoned-laboratory.i18n.ts","translated"
"set10-069","Ji1","ci_Ji1","set10","69","character","Baloo","Laid-Back Bear","undefined","I tell ya, for a spooky forest, this place is all right. Plenty of berries, lots of trees for back-scratching... A bear could do a lot worse.","src/cards/010/characters/069-baloo-laid-back-bear.i18n.ts","translated"
"set10-070","Z2b","ci_Z2b","set10","70","character","Big Nose","Lovesick Poet","undefined","Thou art pretty as a brawl Thy hair's as dark as a moonless night Thy cheeks the red of leaves in fall— I love to sit and watch you fight","src/cards/010/characters/070-big-nose-lovesick-poet.i18n.ts","translated"
"set10-071","gWd","ci_gWd","set10","71","character","Flotsam","Slippery as an Eel","Evasive","You're in our world now.","src/cards/010/characters/071-flotsam-slippery-as-an-eel.i18n.ts","translated"
"set10-072","88q","ci_88q","set10","72","character","Kaa","Suspicious Serpent","Ward","It's bessst to play it s-ssafe.","src/cards/010/characters/072-kaa-suspicious-serpent.i18n.ts","translated"
"set10-073","uiQ","ci_Y0c","set10","73","character","Webby Vanderquack","Mystery Enthusiast","CONTAGIOUS ENERGY When you play this character, chosen character gets +1 {S} this turn.","It’s happening! IT’S HAPPENING! There's a whisper nearby, and I get to see it!","src/cards/010/characters/073-webby-vanderquack-mystery-enthusiast.i18n.ts","translated"
"set10-074","oXH","ci_oXH","set10","74","character","Finnick","Tiny Terror","YOU BETTER RUN When you play this character, you may pay 2 {I} to return chosen opposing character with 2 {S} or less to their player's hand.","","src/cards/010/characters/074-finnick-tiny-terror.i18n.ts","translated"
"set10-075","yNl","ci_yNl","set10","75","character","Vladimir","Ceramic Unicorn Fan","HIGH STANDARDS Whenever this character quests, you may banish chosen item.","His commitment to excellent craftsmanship is unparalleled.","src/cards/010/characters/075-vladimir-ceramic-unicorn-fan.i18n.ts","translated"
"set10-076","fzp","ci_fzp","set10","76","character","Flintheart Glomgold","Scheming Billionaire","TRY ME While you have a character or location in play with a card under them, this character gains Ward.","Long live Glomgold! Glomgold! Glomgold!","src/cards/010/characters/076-flintheart-glomgold-scheming-billionaire.i18n.ts","translated"
"set10-077","5xx","ci_5xx","set10","77","character","Jetsam","Opportunistic Eel","AMBUSH FROM THE DEEP When you play this character, deal 3 damage to chosen opposing damaged character.","You're coming with us.","src/cards/010/characters/077-jetsam-opportunistic-eel.i18n.ts","translated"
"set10-078","80T","ci_80T","set10","78","character","Hook Hand","Unexpectedly Friendly","undefined","You're a strange lookin' glimmer, ain'tcha? he said to the whisper lingering uncertainly in the doorway. Welcome to the Snuggly Duckling!","src/cards/010/characters/078-hook-hand-unexpectedly-friendly.i18n.ts","translated"
"set10-079","I5f","ci_qS6","set10","79","character","Kaa","Secretive Snake","Evasive","It's hard to tell where the branches end and the snake begins.","src/cards/010/characters/079-kaa-secretive-snake.i18n.ts","translated"
"set10-080","Gtk","ci_Gtk","set10","80","character","Emily Quackfaster","Level-Headed Librarian","RECOMMENDED READING When you play this character, you may put the top card of your deck facedown under one of your characters or locations with Boost.","Hana's Herborium? The book that Illumineer wrote? Our only copy has been checked out, sadly.","src/cards/010/characters/080-emily-quackfaster-level-headed-librarian.i18n.ts","translated"
"set10-081","Gbt","ci_Gbt","set10","81","character","Flynn Rider","Spectral Scoundrel","Boost 2 {I} (Once during your turn, you may pay 2 {I} to put the top card of your deck face down under this character.)
I'LL TAKE THAT As long as this character has at least one card under it, it gets +2 {S} and +1 {L}.","","src/cards/010/characters/081-flynn-rider-spectral-scoundrel.i18n.ts","translated"
"set10-082","bgf","ci_bgf","set10","82","character","Bellwether","Master Manipulator","VENDETTA When this character is challenged and banished, put 1 damage counter on each opposing character.","I will have sweet revenge!","src/cards/010/characters/082-bellwether-master-manipulator.i18n.ts","translated"
"set10-083","zE0","ci_zE0","set10","83","character","Launchpad","Exceptional Pilot","OFF THE MAP When you play this character, you may banish chosen location.","You can’t spell ‘crash-landed’ without ‘landed’!","src/cards/010/characters/083-launchpad-exceptional-pilot.i18n.ts","translated"
"set10-084","tak","ci_tak","set10","84","character","Penumbra","Moon Alien","undefined","You will treat the vastly superior Moon with respect, or you will suffer the ultimate consequence.","src/cards/010/characters/084-penumbra-moon-alien.i18n.ts","translated"
"set10-085","7AC","ci_3I5","set10","85","character","Baloo","Carefree Bear","Shift 3 {I}
ROLL WITH IT When you play this character, choose one:
- Each player draws a card.
- Each player chooses and discards a card.","","src/cards/010/characters/085-baloo-carefree-bear.i18n.ts","translated"
"set10-086","z20","ci_uSJ","set10","86","character","Megara","Secret Keeper","Boost 1 {I}
I'LL BE FINE While there's a card under this character, she gets +1 {L} and gains ""Whenever this character is challenged, each opponent chooses and discards a card.""","","src/cards/010/characters/086-megara-secret-keeper.i18n.ts","translated"
"set10-087","pYT","ci_pYT","set10","87","character","Goldie O'Gilt","Cunning Prospector","CLAIM JUMPER When you play this character, chosen opponent reveals their hand and discards a location card of your choice.
STRIKE GOLD Whenever this character quests, you may put a location card from chosen player's discard on the bottom of their deck to gain 1 lore.","","src/cards/010/characters/087-goldie-ogilt-cunning-prospector.i18n.ts","translated"
"set10-088","oaJ","ci_oaJ","set10","88","character","Shere Khan","Fearsome Tiger","Evasive
ON THE HUNT Whenever this character quests, banish chosen opposing damaged character. Then, you may put 1 damage counter on another chosen character.","","src/cards/010/characters/088-shere-khan-fearsome-tiger.i18n.ts","translated"
"set10-089","uUH","ci_8Wc","set10","89","character","Scrooge McDuck","S.H.U.S.H. Agent","BACKUP PLAN When you play this character, draw a card, then choose and discard a card.
ON THE MOVE When this character is challenged, return this card to your hand. (No damage is dealt in that challenge.)","","src/cards/010/characters/089-scrooge-mcduck-shush-agent.i18n.ts","translated"
"set10-090","iHw","ci_iHw","set10","90","character","Akela","Forest Runner","AHEAD OF THE PACK 1 {I} — This character gets +1 {S} this turn.","Follow me, if you can, Akela said, bounding into the Bitterwood. The hunt is on!","src/cards/010/characters/090-akela-forest-runner.i18n.ts","translated"
"set10-091","1EB","ci_NDq","set10","91","character","Goofy","Emerald Champion","EVEN THE SCORE Whenever one of your other Emerald characters is challenged and banished, banish the challenging character.
PROVIDE COVER Your other Emerald characters gain Ward.","","src/cards/010/characters/091-goofy-emerald-champion.i18n.ts","translated"
"set10-092","eD4","ci_eD4","set10","92","character","Little John","Impermanent Outlaw","Boost 3 {I}
READY TO RASSLE Whenever you put a card under this character, ready him.","","src/cards/010/characters/092-little-john-impermanent-outlaw.i18n.ts","translated"
"set10-093","JR6","ci_N9X","set10","93","character","Webby Vanderquack","Junior Prospector","Shift 2 {I}
Ward
WORK SMARTER Whenever this character quests, if an opponent has more cards in their inkwell than you, you may put the top card of your deck into your inkwell facedown and exerted.","","src/cards/010/characters/093-webby-vanderquack-junior-prospector.i18n.ts","translated"
"set10-094","L16","ci_L16","set10","94","action","So Be It!","","Each of your characters gets +1 {S} this turn. You may banish chosen item.","He's a patient merman—up to a point.","src/cards/010/actions/094-so-be-it.i18n.ts","translated"
"set10-095","c7R","ci_c7R","set10","95","action","Trust In Me","","Choose one:
- Each opposing character gets -1 until the start of your next turn.
- Each opponent chooses and discards 2 cards.","","src/cards/010/actions/095-trust-in-me.i18n.ts","translated"
"set10-096","vgW","ci_vgW","set10","96","action","Chomp!","","Deal 2 damage to chosen damaged character.","Mickey: What IS that thing?! Goofy: It's hungry, that's what!","src/cards/010/actions/096-chomp.i18n.ts","translated"
"set10-097","VCG","ci_Ggc","set10","97","action","Malicious, Mean, and Scary","","Put 1 damage counter on each opposing character.","My sneer could curdle dairy","src/cards/010/actions/097-malicious-mean-and-scary.i18n.ts","translated"
"set10-098","l7A","ci_l7A","set10","98","item","Potion of Malice","","SUPPRESSED ANGER {E}, 1 {I} — Put 1 damage counter on chosen character.
MINDLESS RAGE {E}, Banish this item — Each opposing damaged character gains Reckless until the start of your next turn. (They can't quest and must challenge if able.)","","src/cards/010/items/098-potion-of-malice.i18n.ts","translated"
"set10-099","EeQ","ci_EeQ","set10","99","item","Inscrutable Map","","BACKTRACK {E}, 1 {I} — Chosen opposing character gets -1 {L} until the start of your next turn.","Nick: What kind of nonsense is this? Judy: These symbols must mean something...","src/cards/010/items/099-inscrutable-map.i18n.ts","translated"
"set10-100","Nmx","ci_Nmx","set10","100","item","Enigmatic Inkcaster","","ITS OWN REWARD {E} — If you've played 2 or more cards this turn, gain 1 lore.","Whoever's room this was, I think we just found their inkcaster. —Shanzay, an Illumineer","src/cards/010/items/100-enigmatic-inkcaster.i18n.ts","translated"
"set10-101","Vui","ci_Vui","set10","101","item","Blessed Bagpipes","","MCDUCK HEIRLOOM When you play this item, you may put the top card of your deck facedown under one of your characters or locations with Boost.
BATTLE ANTHEM Whenever one of your characters or locations with a card under them is challenged, gain 1 lore.","","src/cards/010/items/101-blessed-bagpipes.i18n.ts","translated"
"set10-102","4XD","ci_4XD","set10","102","location","White Agony Plains","Golden Lagoon","PURE LIQUID GOLD This location gets +1 {L} for each character here.","","src/cards/010/locations/102-white-agony-plains-golden-lagoon.i18n.ts","translated"
"set10-103","tM1","ci_tM1","set10","103","character","Diablo","Watchful Raven","undefined","Be careful when gathering herbs in the Inkwell Caverns. You never know who's watching. —Hana's Herborium","src/cards/010/characters/103-diablo-watchful-raven.i18n.ts","translated"
"set10-104","S33","ci_S33","set10","104","character","Ares","God of War","Reckless CALL TO BATTLE Once during your turn, whenever you put a card under one of your characters or locations, you may ready chosen character. If you do, that character can't quest for the rest of this turn.","","src/cards/010/characters/104-ares-god-of-war.i18n.ts","translated"
"set10-105","MnK","ci_MnK","set10","105","character","Peter Pan","High Flyer","Evasive","Wanna race? Last one through the Inkwell Caverns is a codfish!","src/cards/010/characters/105-peter-pan-high-flyer.i18n.ts","translated"
"set10-106","ibL","ci_WYX","set10","106","character","Tinker Bell","Fancy Footwork","undefined","Okay, now we know pixie dust doesn’t affect the torn lorebook pages. Thanks, Tink. —Venturo, an Illumineer","src/cards/010/characters/106-tinker-bell-fancy-footwork.i18n.ts","translated"
"set10-107","Gk5","ci_Gk5","set10","107","character","Raksha","Fearless Mother","ON PATROL Once during your turn, you may pay 1 {I} less to move this character to a location.","Her name means protection, and she'll do anything to defend the cubs under her care.","src/cards/010/characters/107-raksha-fearless-mother.i18n.ts","translated"
"set10-108","601","ci_601","set10","108","character","Shere Khan","Keen-Eyed Hunter","undefined","Jungle or forest, it doesn’t matter. I’d recognize the scent of man anywhere.","src/cards/010/characters/108-shere-khan-keen-eyed-hunter.i18n.ts","translated"
"set10-109","Y2X","ci_Y2X","set10","109","character","Rama","Vigilant Father","PROTECTION OF THE PACK Whenever you play another character with 5 {S} or more, you may ready this character. If you do, he can't quest for the rest of this turn.","With cubs to protect, any strange sound must be investigated.","src/cards/010/characters/109-rama-vigilant-father.i18n.ts","translated"
"set10-110","Att","ci_Att","set10","110","character","Mother Gothel","Underhanded Schemer","SOMEBODY'S GOT TO USE IT If a character was banished this turn, this character gets +2 {S}.","The world is a cruel place, and sometimes you've got to be a little cruel to get by.","src/cards/010/characters/110-mother-gothel-underhanded-schemer.i18n.ts","translated"
"set10-111","lUe","ci_lUe","set10","111","character","Katrina Van Tassel","Rosy-Cheeked Lass","undefined","She danced the night away, hoping to find someone who could keep up with her.","src/cards/010/characters/111-katrina-van-tassel-rosy-cheeked-lass.i18n.ts","translated"
"set10-112","RlF","ci_RlF","set10","112","character","Hermes","Harried Messenger","Rush","What do you mean, 'late'? Kid, I was ahead of my time before time was invented.","src/cards/010/characters/112-hermes-harried-messenger.i18n.ts","translated"
"set10-113","xQ9","ci_xQ9","set10","113","character","Beast","Aggressive Lord","Boost 2 {I}
THAT'S MINE Whenever he challenges another character, if there's a card under this character, each opponent loses 1 lore and you gain 1 lore.","","src/cards/010/characters/113-beast-aggressive-lord.i18n.ts","translated"
"set10-114","bvy","ci_bvy","set10","114","character","Bronx","Ferocious Beast","Reckless
STONE BY DAY If you have 3 or more cards in your hand, this character can't ready.","","src/cards/010/characters/114-bronx-ferocious-beast.i18n.ts","translated"
"set10-115","OR6","ci_OR6","set10","115","character","Tinker Bell","Temperamental Fairy","Shift 3 {I}
HARMLESS DIVERSION When you play this character, exert chosen opposing character with 2 {S} or less.","","src/cards/010/characters/115-tinker-bell-temperamental-fairy.i18n.ts","translated"
"set10-116","9PD","ci_9PD","set10","116","character","David Xanatos","Charismatic Leader","LEARN FROM EVERYTHING During your turn, whenever one of your characters is banished, draw a card.
WHAT ARE YOU WAITING FOR? Whenever this character quests, chosen character gains Rush this turn. (They can challenge the turn they're played.)","","src/cards/010/characters/116-david-xanatos-charismatic-leader.i18n.ts","translated"
"set10-117","8Rp","ci_8Rp","set10","117","character","Hans","Brazen Manipulator","JOSTLING FOR POWER King and Queen characters can't quest.
GROWING INFLUENCE At the start of your turn, if an opponent has 2 or more ready characters in play, gain 2 lore.","","src/cards/010/characters/117-hans-brazen-manipulator.i18n.ts","translated"
"set10-118","xm6","ci_xm6","set10","118","character","Hercules","Mighty Leader","EVER VIGILANT This character can't be dealt damage unless he's being challenged.
EVER VALIANT While this character is exerted, your other Hero characters can't be dealt damage unless they're being challenged.","","src/cards/010/characters/118-hercules-mighty-leader.i18n.ts","translated"
"set10-119","5GE","ci_5GE","set10","119","character","Goliath","Guardian of Castle Wyvern","BE CAREFUL, ALL OF YOU Whenever one of your Gargoyle characters challenges another character, gain 1 lore.
STONE BY DAY If you have 3 or more cards in your hand, this character can't ready.","","src/cards/010/characters/119-goliath-guardian-of-castle-wyvern.i18n.ts","translated"
"set10-120","jg3","ci_jg3","set10","120","character","Brooklyn","Second in Command","Evasive
STONE BY DAY If you have 3 or more cards in your hand, this character can't ready.","If they think we're beasts and monsters...","src/cards/010/characters/120-brooklyn-second-in-command.i18n.ts","translated"
"set10-121","Yk1","ci_Yk1","set10","121","character","Donald Duck","Ruby Champion","HIGH ENERGY Your other Ruby characters get +1 {S}.
POWERFUL REWARD Your other Ruby characters with 7 {S} or more get +1 {L}.","","src/cards/010/characters/121-donald-duck-ruby-champion.i18n.ts","translated"
"set10-122","vxM","ci_vxM","set10","122","character","Elisa Maza","Intrepid Investigator","SPECIAL DETAIL While you have 2 or more other characters in play with 5 {S} or more, this character gets +2 {L}.","Now, you can let me look the place over, or I can come back with a warrant and a lot more cops. Your call.","src/cards/010/characters/122-elisa-maza-intrepid-investigator.i18n.ts","translated"
"set10-123","c04","ci_pqa","set10","123","character","Aladdin","Barreling Through","Boost 1 {I}
Reckless
ONLY THE BOLD While there's a card under this character, your characters with Reckless gain ""{E} — Gain 1 lore.""","","src/cards/010/characters/123-aladdin-barreling-through.i18n.ts","translated"
"set10-124","0Cr","ci_F4M","set10","124","character","Lady Tremaine","Sinister Socialite","Boost 2 {I}
EXPEDIENT SCHEMES Whenever this character quests, if you've put a card under her this turn, you may play an action with cost 5 or less from your discard for free, then put that action card on the bottom of your deck instead of into your discard.","","src/cards/010/characters/124-lady-tremaine-sinister-socialite.i18n.ts","translated"
"set10-125","nGJ","ci_3XX","set10","125","character","The Headless Horseman","Terror of Sleepy Hollow","LEAVES NO TRACE When you play this character, banish chosen opposing character with 2 {S} or less.
GATHERING STRENGTH During your turn, whenever an opposing character is banished, each of your characters gets +1 {S} this turn.","","src/cards/010/characters/125-the-headless-horseman-terror-of-sleepy-hollow.i18n.ts","translated"
"set10-126","bX2","ci_71H","set10","126","character","Mulan","Standing Her Ground","FLOWING BLADE During your turn, if you've put a card under one of your characters or locations this turn, this character takes no damage from challenges.","","src/cards/010/characters/126-mulan-standing-her-ground.i18n.ts","translated"
"set10-127","sNh","ci_sNh","set10","127","character","Brom Bones","Burly Bully","ROUGH AND TUMBLE Whenever this character challenges a character with 2 {S} or less, each opponent loses 1 lore.","Hold on, schoolmaster! That’s a mighty big book. Let me take that for you!","src/cards/010/characters/127-brom-bones-burly-bully.i18n.ts","translated"
"set10-128","vOh","ci_vOh","set10","128","character","Shere Khan","Fierce and Furious","Shift 5 {I}
WILD RAGE 1 {I}, Deal 1 damage to this character — Ready this character. He can't quest for the rest of this turn.","","src/cards/010/characters/128-shere-khan-fierce-and-furious.i18n.ts","translated"
"set10-129","xnD","ci_49R","set10","129","action","Next Stop, Olympus","","ACTION If you have a character with 5 {S} or more in play, you pay 2 {I} less to play this action.
Ready chosen character. They can't quest for the rest of this turn. The next time they challenge another character this turn, gain 1 lore.","","src/cards/010/actions/129-next-stop-olympus.i18n.ts","translated"
"set10-130","a5f","ci_a5f","set10","130","action","Get to Safety!","","Play a location with cost 3 or less from your discard for free. Then, if you have a location named Sleepy Hollow in play, draw a card.","Run scared if you must—but whatever you do, RUN!","src/cards/010/actions/130-get-to-safety.i18n.ts","translated"
"set10-131","W3D","ci_W3D","set10","131","action","Time to Go!","","Banish chosen character of yours to draw 2 cards. If that character had a card under them, draw 3 cards instead.","What are you doing here when there's a rogue horseman out there? Have you lost your head? —Gaston","src/cards/010/actions/131-time-to-go.i18n.ts","translated"
"set10-132","nOf","ci_nOf","set10","132","action","Ghostly Tale","","Exert all opposing characters with 2 {S} or less.","Brom emphasized every frightful detail, determined to scare his rival.","src/cards/010/actions/132-ghostly-tale.i18n.ts","translated"
"set10-133","fJr","ci_fJr","set10","133","action","Dragon Fire","","Banish chosen character.","Never underestimate the wrath of a dragon.","src/cards/010/actions/133-dragon-fire.i18n.ts","translated"
"set10-134","Atf","ci_Atf","set10","134","item","Mushu's Rocket","","I NEED FIREPOWER When you play this item, chosen character gains Rush this turn. (They can challenge the turn they're played.)
HITCH A RIDE 2 {I}, Banish this item — Chosen character gains Rush this turn.","","src/cards/010/items/134-mushus-rocket.i18n.ts","translated"
"set10-135","XY0","ci_XY0","set10","135","location","The Bitterwood","Underground Forest","GATHER RESOURCES Once during your turn, whenever you move a character with 5 {S} or more here, you may draw a card.","","src/cards/010/locations/135-the-bitterwood-underground-forest.i18n.ts","translated"
"set10-136","eWQ","ci_eWQ","set10","136","location","Sleepy Hollow","The Bridge","HEAD FOR THE BRIDGE! Whenever a character quests while here, you may banish this location to gain 2 lore and give them Evasive until the start of your next turn.","","src/cards/010/locations/136-sleepy-hollow-the-bridge.i18n.ts","translated"
"set10-137","MPo","ci_MPo","set10","137","character","Judy Hopps","On the Case","HIDDEN CLUES When you play this character, if you have another Detective character in play, you may put chosen item into its player's inkwell facedown and exerted.","More torn lorebook pages! Who could have done this?","src/cards/010/characters/137-judy-hopps-on-the-case.i18n.ts","translated"
"set10-138","nAF","ci_nAF","set10","138","character","Hen Wen","Prophetic Pig","FUTURE SIGHT Whenever this character quests, look at the top card of your deck. Put it on either the top or the bottom of your deck.","She’s a <special> pig, Taran. —Dallben","src/cards/010/characters/138-hen-wen-prophetic-pig.i18n.ts","translated"
"set10-139","BGp","ci_BGp","set10","139","character","Anna","Making Snow Plans","Support","Come on—there’s tons to do! Skating and snow forts and sledding and hot chocolate!","src/cards/010/characters/139-anna-making-snow-plans.i18n.ts","translated"
"set10-140","3Pj","ci_3Pj","set10","140","character","Chef Louis","In Over His Head","undefined","When added to a clear soup, the pale, triple-pointed leaves of Trispiritus can have a restorative effect. CAUTION: DO NOT confuse it with Three Thorns, which causes itchy rashes. —Hana’s Herborium","src/cards/010/characters/140-chef-louis-in-over-his-head.i18n.ts","translated"
"set10-141","IZj","ci_2P5","set10","141","character","Daisy Duck","Ghost Finder","Support","If I'm reading this right, these aren't actually ghosts at all! Boy, you're lucky I came along on this one.","src/cards/010/characters/141-daisy-duck-ghost-finder.i18n.ts","translated"
"set10-142","GwP","ci_GwP","set10","142","character","Cri-Kee","Good Luck Charm","Alert (This character can challenge as if they had Evasive.)","Small glimmers may feel safe in the jungle around the Mysterious Ruins, where they can easily go unnoticed. —Hana’s Herborium","src/cards/010/characters/142-cri-kee-good-luck-charm.i18n.ts","translated"
"set10-143","Gl7","ci_Gl7","set10","143","character","Rapunzel","Creative Captor","ENSNARL When you play this character, chosen opposing character gets -3 {S} this turn.","Well, <that> should slow you down for a minute.","src/cards/010/characters/143-rapunzel-creative-captor.i18n.ts","translated"
"set10-144","sKm","ci_sKm","set10","144","character","Fergus McDuck","Scrooge's Father","TOUGHEN UP When you play this character, chosen character of yours gains Ward until the start of your next turn.","Ach, close the secret entrance! You're letting all the mysterious air out!","src/cards/010/characters/144-fergus-mcduck-scrooges-father.i18n.ts","translated"
"set10-145","1HE","ci_1HE","set10","145","character","Li Shang","Seasoned Strategist","undefined","The sound of hoofbeats filled the air. Li Shang moved his men into position, ready to turn the tables on their pursuer.","src/cards/010/characters/145-li-shang-seasoned-strategist.i18n.ts","translated"
"set10-146","wxG","ci_wxG","set10","146","character","Genie","Investigative Mind","undefined","You know, most books are a lot more compelling when you read the pages in order...","src/cards/010/characters/146-genie-investigative-mind.i18n.ts","translated"
"set10-147","z8J","ci_z8J","set10","147","character","Scuttle","Birdbrained","Ward","Whoa! The wind's all of a sudden on the move here.","src/cards/010/characters/147-scuttle-birdbrained.i18n.ts","translated"
"set10-148","Nus","ci_Nus","set10","148","character","Ichabod Crane","Bookish Schoolmaster","WELL-READ Whenever this character quests, if you've played a character with cost 5 or more this turn, put the top card of your deck into your inkwell facedown and exerted.","","src/cards/010/characters/148-ichabod-crane-bookish-schoolmaster.i18n.ts","translated"
"set10-149","pbv","ci_pVX","set10","149","character","Jasmine","Soothing Princess","Boost 2 {I}
UPLIFTING AURA Whenever this character quests, if there's a card under her, remove up to 3 damage from each of your characters.","","src/cards/010/characters/149-jasmine-soothing-princess.i18n.ts","translated"
"set10-150","7DY","ci_04m","set10","150","character","Judy Hopps","Lead Detective","Shift 4 {I}
LATERAL THINKING During your turn, your Detective characters gain Alert and Resist +2. (They can challenge as if they had Evasive. Damage dealt to them is reduced by 2.)","","src/cards/010/characters/150-judy-hopps-lead-detective.i18n.ts","translated"
"set10-151","pU6","ci_pU6","set10","151","character","The Sultan","Playful Monarch","undefined","Never mind what the Curator intended these trinkets for; the sultan found his own use for them soon enough.","src/cards/010/characters/151-the-sultan-playful-monarch.i18n.ts","translated"
"set10-152","qEC","ci_qEC","set10","152","character","Ichabod Crane","Scared Out of His Mind","CHILLING TALE When this character is banished, you may put this card into your inkwell facedown and exerted.","Every small detail in Brom’s awful story returned to haunt his recollection. —Narrator","src/cards/010/characters/152-ichabod-crane-scared-out-of-his-mind.i18n.ts","translated"
"set10-153","xU1","ci_X5v","set10","153","character","Scar","Eerily Prepared","Boost 2 {I}
SURVIVAL OF THE FITTEST Whenever you put a card under this character, chosen opposing character gets -5 {S} this turn.","","src/cards/010/characters/153-scar-eerily-prepared.i18n.ts","translated"
"set10-154","4YX","ci_1Fj","set10","154","character","Daisy Duck","Paranormal Investigator","Shift 4 {I}
Support
STRANGE HAPPENINGS While this character is exerted, cards enter opponents' inkwells exerted.","","src/cards/010/characters/154-daisy-duck-paranormal-investigator.i18n.ts","translated"
"set10-155","krh","ci_fz8","set10","155","character","Cinderella","Dream Come True","WHATEVER YOU WISH FOR At the end of your turn, if you played a Princess character this turn, you may put a card from your hand into your inkwell facedown to draw a card.","","src/cards/010/characters/155-cinderella-dream-come-true.i18n.ts","translated"
"set10-156","Imt","ci_Imt","set10","156","character","Judy Hopps","Uncovering Clues","THOROUGH INVESTIGATION When you play this character and whenever she quests, look at the top 3 cards of your deck. You may reveal a Detective character card and put it into your hand. Put the rest on the bottom of your deck in any order.","","src/cards/010/characters/156-judy-hopps-uncovering-clues.i18n.ts","translated"
"set10-157","6GN","ci_6GN","set10","157","character","Pluto","Clever Cluefinder","ON THE TRAIL {E} — If you have a Detective character in play, return an item card from your discard to your hand. Otherwise, put it on the top of your deck.","Every detective can use an assistant to sniff out clues.","src/cards/010/characters/157-pluto-clever-cluefinder.i18n.ts","translated"
"set10-158","CLU","ci_CLU","set10","158","character","Daisy Duck","Sapphire Champion","STAND FAST Your other Sapphire characters gain Resist +1.
LOOK AHEAD Whenever one of your other Sapphire characters quests, you may look at the top card of your deck. Put it on either the top or the bottom of your deck.","","src/cards/010/characters/158-daisy-duck-sapphire-champion.i18n.ts","translated"
"set10-159","tnP","ci_3Xr","set10","159","character","Kristoff","Mining the Ruins","Boost 1 {I}
WORTH MINING Whenever this character quests, if there's a card under him, put the top card of your deck into your inkwell facedown and exerted.","","src/cards/010/characters/159-kristoff-mining-the-ruins.i18n.ts","translated"
"set10-160","Ff8","ci_Ff8","set10","160","character","Mickey Mouse","Detective","GET A CLUE When you play this character, you may put the top card of your deck into your inkwell facedown and exerted.","The clues all pointed toward ghosts, but he knew there was something more going on here.","src/cards/010/characters/160-mickey-mouse-detective.i18n.ts","translated"
"set10-161","337","ci_337","set10","161","action","Hen Wen's Visions","","Look at the top 4 cards of your deck. Put 1 on the top of your deck and the rest on the bottom in any order.","Hen Wen, from you I do beseech Knowledge that lies beyond my reach... —Taran","src/cards/010/actions/161-hen-wens-visions.i18n.ts","translated"
"set10-162","Hql","ci_Hql","set10","162","action","Promising Lead","","Chosen character gets +1 {L} and gains Support this turn. (Whenever they quest, you may add their {S} to another chosen character's {S} this turn.)","The books on these pages match up with those shelves. And the ley lines... The answer's right here! —Judy Hopps","src/cards/010/actions/162-promising-lead.i18n.ts","translated"
"set10-163","lhB","ci_lhB","set10","163","action","Might Solve a Mystery","","Look at the top 4 cards of your deck. You may reveal up to 1 character card and up to 1 item card and put them into your hand. Put the rest on the bottom of your deck in any order.","","src/cards/010/actions/163-might-solve-a-mystery.i18n.ts","translated"
"set10-164","U5K","ci_zXX","set10","164","action","Sudden Scare","","Put chosen opposing character into their player's inkwell facedown. That player puts the top card of their deck into their inkwell facedown.","","src/cards/010/actions/164-sudden-scare.i18n.ts","translated"
"set10-165","Oys","ci_5Hw","set10","165","action","Spooky Sight","","Put all characters with cost 3 or less into their players' inkwells facedown and exerted.","We've got to get out of here! —Mickey Mouse","src/cards/010/actions/165-spooky-sight.i18n.ts","translated"
"set10-166","os1","ci_os1","set10","166","item","Detective's Badge","","PROTECT AND SERVE {E}, 1 {I} — Chosen character gains Resist +1 and the Detective classification until the start of your next turn.","It's not just a badge. It's who we are. There's no greater honor. —Detective Judy Hopps","src/cards/010/items/166-detectives-badge.i18n.ts","translated"
"set10-167","rjo","ci_rjo","set10","167","item","Ink Amplifier","","ENERGY CAPTURE Whenever an opponent draws a card during their turn, if it's the second card they've drawn this turn, you may put the top card of your deck into your inkwell facedown and exerted.","With a crackle of energy, the strange device lit up when the glimmers entered the study.","src/cards/010/items/167-ink-amplifier.i18n.ts","translated"
"set10-168","yp6","ci_yp6","set10","168","item","Fairy Godmother's Wand","","ONLY TILL MIDNIGHT During your turn, whenever you put a card into your inkwell, chosen Princess character of yours gains Ward until the start of your next turn.","Sometimes a glimpse is all you need.","src/cards/010/items/168-fairy-godmothers-wand.i18n.ts","translated"
"set10-169","VpM","ci_VpM","set10","169","item","Inkrunner","","PREFLIGHT CHECK When you play this item, draw a card.
READY TO RIDE {E}, 1 {I} — Chosen character gains Alert this turn. (They can challenge as if they had Evasive.)","","src/cards/010/items/169-inkrunner.i18n.ts","translated"
"set10-170","ilT","ci_ilT","set10","170","location","Castle of the Horned King","Bastion of Evil","INTO THE GLOOM Once during your turn, whenever a character quests while here, you may ready chosen item.","","src/cards/010/locations/170-castle-of-the-horned-king-bastion-of-evil.i18n.ts","translated"
"set10-171","6Ji","ci_ZXj","set10","171","character","Robin Hood","Ephemeral Archer","Boost 1 {I}
EXPERT SHOT Whenever this character quests, if there's a card under him, deal 1 damage to up to 2 chosen characters.","","src/cards/010/characters/171-robin-hood-ephemeral-archer.i18n.ts","translated"
"set10-172","8QA","ci_8QA","set10","172","character","Donald Duck","Ghost Hunter","RAISE A RUCKUS When you play this character, chosen Detective character gains Challenger +2 this turn. (They get +2 {S} while challenging.)","Let's show those rotten ghosts who's in charge! You go first.","src/cards/010/characters/172-donald-duck-ghost-hunter.i18n.ts","translated"
"set10-173","1AE","ci_KcO","set10","173","character","Goliath","Clan Leader","DUSK TO DAWN At the end of each player's turn, if they have more than 2 cards in their hand, they choose and discard cards until they have 2. If they have fewer than 2 cards in their hand, they draw until they have 2.
STONE BY DAY If you have 3 or more cards in your hand, this character can't ready.","","src/cards/010/characters/173-goliath-clan-leader.i18n.ts","translated"
"set10-174","OVf","ci_OVf","set10","174","character","The Headless Horseman","Cursed Rider","Shift 5 {I}
WITCHING HOUR When you play this character, each player draws 3 cards, then discards 3 cards at random. Choose an opposing character and deal 2 damage to them for each action card discarded this way.","","src/cards/010/characters/174-the-headless-horseman-cursed-rider.i18n.ts","translated"
"set10-175","6w5","ci_6w5","set10","175","character","Clawhauser","Donut Detective","Challenger +2","It was only a crumb, but Clawhauser knew it was a small piece of a larger mystery.","src/cards/010/characters/175-clawhauser-donut-detective.i18n.ts","translated"
"set10-176","tji","ci_tji","set10","176","character","Francine","Eyeing the Evidence","Resist +1","Francine stared at the torn page, trying to take her mind off Higgins and his pursuit of the littering mastermind. Was he ready for the danger of undercover work?","src/cards/010/characters/176-francine-eyeing-the-evidence.i18n.ts","translated"
"set10-177","CfV","ci_CfV","set10","177","character","Inspector Tezuka","Resolute Officer","Bodyguard","Stand back. I'll handle this. —Inspector Tezuka","src/cards/010/characters/177-inspector-tezuka-resolute-officer.i18n.ts","translated"
"set10-178","MAY","ci_MAY","set10","178","character","Nick Wilde","Sly Fox Sleuth","undefined","Okay, Nick, it's time to use those superior sleuthing skills to find a way out of this. Wait, why am I talking to myself?","src/cards/010/characters/178-nick-wilde-sly-fox-sleuth.i18n.ts","translated"
"set10-179","1XP","ci_1XP","set10","179","character","Basil","Tenacious Mouse","HOLD YOUR GROUND Whenever you play another Detective character, this character gains Resist +1 until the start of your next turn.","It's time to make a stand!","src/cards/010/characters/179-basil-tenacious-mouse.i18n.ts","translated"
"set10-180","4NX","ci_4NX","set10","180","character","Hudson","Determined Reader","FINDING ANSWERS When you play this character, you may draw a card, then choose and discard a card.
STONE BY DAY If you have 3 or more cards in your hand, this character can't ready.","","src/cards/010/characters/180-hudson-determined-reader.i18n.ts","translated"
"set10-181","wNl","ci_CEB","set10","181","character","Minnie Mouse","Ghost Hunter","SEARCH THE SHADOWS When you play this character, chosen Detective character gains Alert this turn. (They can challenge as if they had Evasive.)","It's hard to catch a ghost without going somewhere spooky.","src/cards/010/characters/181-minnie-mouse-ghost-hunter.i18n.ts","translated"
"set10-182","2S3","ci_2S3","set10","182","character","Black Heron","Real Bad Egg","undefined","You may have bested me before, McDuck, but not this time!","src/cards/010/characters/182-black-heron-real-bad-egg.i18n.ts","translated"
"set10-183","1Mx","ci_1Mx","set10","183","character","Lexington","Small in Stature","Alert (This character can challenge as if they had Evasive.)
STONE BY DAY If you have 3 or more cards in your hand, this character can't ready.","","src/cards/010/characters/183-lexington-small-in-stature.i18n.ts","translated"
"set10-184","FZS","ci_FZS","set10","184","character","David Xanatos","Steel Clan Leader","MINOR INCONVENIENCE When you play this character, you may choose and discard a card to deal 2 damage to chosen character.","A plan only fails when you don’t learn from it. And my plans never fail. —David Xanatos","src/cards/010/characters/184-david-xanatos-steel-clan-leader.i18n.ts","translated"
"set10-185","A6f","ci_A6f","set10","185","character","Chief Bogo","Calling the Shots","MY JURISDICTION During your turn, this character can't be dealt damage.
DEPUTIZE Your other characters gain the Detective classification.","","src/cards/010/characters/185-chief-bogo-calling-the-shots.i18n.ts","translated"
"set10-186","Lqt","ci_Lqt","set10","186","character","The Twins","Lost Boys","TWO FOR ONE When you play this character, if you have a location in play, you may deal 2 damage to chosen character.","Hooray! A whole new forest to be lost in! Yeah, lost in!","src/cards/010/characters/186-the-twins-lost-boys.i18n.ts","translated"
"set10-187","crr","ci_YpV","set10","187","character","Nick Wilde","Persistent Investigator","Shift 3 {I}
CASE CLOSED During your turn, whenever one of your Detective characters banishes another character in a challenge, draw a card.","","src/cards/010/characters/187-nick-wilde-persistent-investigator.i18n.ts","translated"
"set10-188","9T3","ci_9T3","set10","188","character","Mayor Winddancer","Actor-Turned-Politician","undefined","It's the role of a lifetime, and it'll take every bit of his considerable charm and fabulous mane to get it right.","src/cards/010/characters/188-mayor-winddancer-actor-turned-politician.i18n.ts","translated"
"set10-189","rzC","ci_rzC","set10","189","character","Prince Charming","Protector of the Realm","Bodyguard
PROTECTIVE PRESENCE Each turn, only one character can challenge.","","src/cards/010/characters/189-prince-charming-protector-of-the-realm.i18n.ts","translated"
"set10-190","y1f","ci_y1f","set10","190","character","Broadway","Sturdy and Strong","Bodyguard
STONE BY DAY If you have 3 or more cards in your hand, this character can't ready.","","src/cards/010/characters/190-broadway-sturdy-and-strong.i18n.ts","translated"
"set10-191","hQC","ci_hQC","set10","191","character","Pluto","Steel Champion","WINNER TAKE ALL During your turn, whenever one of your other Steel characters banishes another character in a challenge, gain 2 lore.
MAKE ROOM Whenever you play another Steel character, you may banish chosen item.","","src/cards/010/characters/191-pluto-steel-champion.i18n.ts","translated"
"set10-192","NZ3","ci_NZ3","set10","192","character","Fairy Godmother","Magical Benefactor","Boost 3 {I}
STUNNING TRANSFORMATION Whenever you put a card under this character, you may banish chosen opposing character. If you do, their player may reveal the top card of their deck. If that card is a character or item card, they may play it for free. Otherwise, they put it on the bottom of their deck.","","src/cards/010/characters/192-fairy-godmother-magical-benefactor.i18n.ts","translated"
"set10-193","J3F","ci_sYz","set10","193","character","Zeus","Missing His Spark","Boost 2 {I}
I NEED MORE THUNDERBOLTS! While there's a card under this character, he gets +2 {S} and +2 {W}.","","src/cards/010/characters/193-zeus-missing-his-spark.i18n.ts","translated"
"set10-194","Dfg","ci_Dfg","set10","194","character","The Headless Horseman","Relentless Spirit","Bodyguard","If you hear hoofbeats in the dark, don’t look back.","src/cards/010/characters/194-the-headless-horseman-relentless-spirit.i18n.ts","translated"
"set10-195","BQt","ci_BQt","set10","195","action","But I'm Much Faster","","Chosen character gains Alert and Challenger +2 this turn. (They can challenge as if they had Evasive. They get +2 {S} while challenging.)","","src/cards/010/actions/195-but-im-much-faster.i18n.ts","translated"
"set10-196","Dia","ci_fi3","set10","196","action","Putting It All Together","","Chosen opposing character can't challenge during their next turn. Draw a card.","Okay, so the ghostly glimmers were first seen <here>, and the trail of torn lorebook pages started in <this> part of the Illuminary... —Judy Hopps","src/cards/010/actions/196-putting-it-all-together.i18n.ts","translated"
"set10-197","Je6","ci_2tJ","set10","197","action","He Hurled His Thunderbolt","","Deal 4 damage to chosen character. Your Deity characters gain Challenger +2 this turn. (They get +2 {S} while challenging.)","","src/cards/010/actions/197-he-hurled-his-thunderbolt.i18n.ts","translated"
"set10-198","FDs","ci_FDs","set10","198","action","The Game's Afoot!","","Move up to 2 of your characters to the same location for free. That location gains Resist +2 until the start of your next turn. (Damage dealt to it is reduced by 2.)","We've not a moment to lose! —Basil","src/cards/010/actions/198-the-games-afoot.i18n.ts","translated"
"set10-199","Msu","ci_Msu","set10","199","item","The Robot Queen","","MAJOR MALFUNCTION Whenever you play a character, you may pay 1 {I} and banish this item to deal 2 damage to chosen character.","To our beloved Queen this gift we send, As her 60-year reign comes to an end. —Note delivered with the robot queen","src/cards/010/items/199-the-robot-queen.i18n.ts","translated"
"set10-200","MKL","ci_www","set10","200","item","The Sword of Hercules","","MIGHTY HIT When you play this item, banish chosen opposing Deity character.
HAND-TO-HAND During your turn, whenever one of your characters banishes another character in a challenge, gain 1 lore.","","src/cards/010/items/200-the-sword-of-hercules.i18n.ts","translated"
"set10-201","iZ1","ci_iZ1","set10","201","item","Ingenious Device","","SURPRISE PACKAGE {E}, 2 {I}, Banish this item — Draw a card, then choose and discard a card.
TIME GROWS SHORT During your turn, when this item is banished, deal 3 damage to chosen character or location.","","src/cards/010/items/201-ingenious-device.i18n.ts","translated"
"set10-202","YpL","ci_YpL","set10","202","location","Illuminary Tunnels","Linked Caverns","SUBTERRANEAN NETWORK While you have a character here, this location gets +1 {L} for each other location you have in play.
LOCUS While you have a character here, you pay 1 {I} less to play locations.","","src/cards/010/locations/202-illuminary-tunnels-linked-caverns.i18n.ts","translated"
"set10-203","hOa","ci_hOa","set10","203","location","Zootopia","Police Headquarters","NEW INFORMATION Once during your turn, whenever you move a character here, you may draw a card, then choose and discard a card.","","src/cards/010/locations/203-zootopia-police-headquarters.i18n.ts","translated"
"set10-204","M5d","ci_M5d","set10","204","location","Castle Wyvern","Above the Clouds","PROTECT THIS CASTLE Characters gain Challenger +1 and Resist +1 while here. (They get +1 {S} while challenging. Damage dealt to them is reduced by 1.)","","src/cards/010/locations/204-castle-wyvern-above-the-clouds.i18n.ts","translated"
"set10-205-epic","iLZ","ci_A5H","set10","205","character","Goofy","Ghost Hunter","PERFECT TRAP When you play this character, chosen opposing character gets -1 {S} until the start of your next turn.","If you wanna beat a ghost, you gotta think like a ghost.","src/cards/010/characters/205-goofy-ghost-hunter-epic.i18n.ts","translated"
"set10-206-epic","roY","ci_JyZ","set10","206","character","Gaston","Frightful Bully","Boost 2 {I}
TOP THAT! Whenever this character quests, if there's a card under him, chosen opposing character can't challenge and must quest if able during their next turn.","","src/cards/010/characters/206-gaston-frightful-bully-epic.i18n.ts","translated"
"set10-207-epic","9k2","ci_rO0","set10","207","action","The Horseman Strikes!","","Draw a card. You may banish chosen character with Evasive.","Just when you thought you'd escaped...","src/cards/010/actions/207-the-horseman-strikes-epic.i18n.ts","translated"
"set10-208-epic","MvX","ci_bTR","set10","208","character","Elsa","Exploring the Unknown","CLOSER LOOK When you play this character, you may draw a card.","This world still has secrets to uncover.","src/cards/010/characters/208-elsa-exploring-the-unknown-epic.i18n.ts","translated"
"set10-209-epic","xoA","ci_Vvr","set10","209","character","Merlin","Completing His Research","Boost 2 {I}
LEGACY OF LEARNING When this character is banished in a challenge, if he had a card under him, draw 2 cards.","","src/cards/010/characters/209-merlin-completing-his-research-epic.i18n.ts","translated"
"set10-210-epic","SFc","ci_747","set10","210","character","The Horned King","Triumphant Ghoul","GRAND MACHINATIONS During your turn, if 1 or more cards have left a player's discard this turn, this character gets +2 {L}.","Only moments away from victory.","src/cards/010/characters/210-the-horned-king-triumphant-ghoul-epic.i18n.ts","translated"
"set10-211-epic","RjX","ci_Y0c","set10","211","character","Webby Vanderquack","Mystery Enthusiast","CONTAGIOUS ENERGY When you play this character, chosen character gets +1 {S} this turn.","It’s happening! IT’S HAPPENING! There's a whisper nearby, and I get to see it!","src/cards/010/characters/211-webby-vanderquack-mystery-enthusiast-epic.i18n.ts","translated"
"set10-212-epic","63M","ci_qS6","set10","212","character","Kaa","Secretive Snake","Evasive","It's hard to tell where the branches end and the snake begins.","src/cards/010/characters/212-kaa-secretive-snake-epic.i18n.ts","translated"
"set10-213-epic","wSO","ci_uSJ","set10","213","character","Megara","Secret Keeper","Boost 1 {I}
I'LL BE FINE While there's a card under this character, she gets +1 {L} and gains ""Whenever this character is challenged, each opponent chooses and discards a card.""","","src/cards/010/characters/213-megara-secret-keeper-epic.i18n.ts","translated"
"set10-214-epic","uPL","ci_WYX","set10","214","character","Tinker Bell","Fancy Footwork","undefined","Okay, now we know pixie dust doesn’t affect the torn lorebook pages. Thanks, Tink. —Venturo, an Illumineer","src/cards/010/characters/214-tinker-bell-fancy-footwork-epic.i18n.ts","translated"
"set10-215-epic","NIy","ci_71H","set10","215","character","Mulan","Standing Her Ground","FLOWING BLADE During your turn, if you've put a card under one of your characters or locations this turn, this character takes no damage from challenges.","","src/cards/010/characters/215-mulan-standing-her-ground-epic.i18n.ts","translated"
"set10-216-epic","0Ju","ci_pqa","set10","216","character","Aladdin","Barreling Through","Boost 1 {I}
Reckless
ONLY THE BOLD While there's a card under this character, your characters with Reckless gain ""{E} — Gain 1 lore.""","","src/cards/010/characters/216-aladdin-barreling-through-epic.i18n.ts","translated"
"set10-217-epic","aBY","ci_2P5","set10","217","character","Daisy Duck","Ghost Finder","Support","If I'm reading this right, these aren't actually ghosts at all! Boy, you're lucky I came along on this one.","src/cards/010/characters/217-daisy-duck-ghost-finder-epic.i18n.ts","translated"
"set10-218-epic","Pq0","ci_3Xr","set10","218","character","Kristoff","Mining the Ruins","Boost 1 {I}
WORTH MINING Whenever this character quests, if there's a card under him, put the top card of your deck into your inkwell facedown and exerted.","","src/cards/010/characters/218-kristoff-mining-the-ruins-epic.i18n.ts","translated"
"set10-219-epic","MXq","ci_zXX","set10","219","action","Sudden Scare","","Put chosen opposing character into their player's inkwell facedown. That player puts the top card of their deck into their inkwell facedown.","","src/cards/010/actions/219-sudden-scare-epic.i18n.ts","translated"
"set10-220-epic","4xp","ci_CEB","set10","220","character","Minnie Mouse","Ghost Hunter","SEARCH THE SHADOWS When you play this character, chosen Detective character gains Alert this turn. (They can challenge as if they had Evasive.)","It's hard to catch a ghost without going somewhere spooky.","src/cards/010/characters/220-minnie-mouse-ghost-hunter-epic.i18n.ts","translated"
"set10-221-epic","gNw","ci_ZXj","set10","221","character","Robin Hood","Ephemeral Archer","Boost 1 {I}
EXPERT SHOT Whenever this character quests, if there's a card under him, deal 1 damage to up to 2 chosen characters.","","src/cards/010/characters/221-robin-hood-ephemeral-archer-epic.i18n.ts","translated"
"set10-222-epic","crm","ci_2tJ","set10","222","action","He Hurled His Thunderbolt","","Deal 4 damage to chosen character. Your Deity characters gain Challenger +2 this turn. (They get +2 {S} while challenging.)","","src/cards/010/actions/222-he-hurled-his-thunderbolt-epic.i18n.ts","translated"
"set10-223-enchanted","olg","ci_zXO","set10","223","character","Goofy","Galumphing Gumshoe","Shift 5 {I}
HOT PURSUIT When you play this character and whenever he quests, each opposing character gets -1 {S} until the start of your next turn.","","src/cards/010/characters/223-goofy-galumphing-gumshoe-enchanted.i18n.ts","translated"
"set10-224-enchanted","7Jz","ci_IlR","set10","224","character","Simba","King in the Making","Boost 3 {I}
TIMELY ALLIANCE Whenever you put a card under this character, you may reveal the top card of your deck. If it's a character card, you may play that character for free and they enter play exerted. Otherwise, put it on the bottom of your deck.","","src/cards/010/characters/224-simba-king-in-the-making-enchanted.i18n.ts","translated"
"set10-225-enchanted","YW5","ci_uoZ","set10","225","item","The Black Cauldron","","THE CAULDRON CALLS {E}, 1 {I} — Put a character card from your discard under this item faceup.
RISE AND JOIN ME! {E}, 1 {I} — This turn, you may play characters from under this item.","","src/cards/010/items/225-the-black-cauldron-enchanted.i18n.ts","translated"
"set10-226-enchanted","SYN","ci_yas","set10","226","character","The Horned King","Wicked Ruler","Shift 2 {I}
ARISE! Whenever one of your other characters is banished in a challenge, you may return that card to your hand, then choose and discard a card.","","src/cards/010/characters/226-the-horned-king-wicked-ruler-enchanted.i18n.ts","translated"
"set10-227-enchanted","B71","ci_Sox","set10","227","character","Demona","Scourge of the Wyvern Clan","AD SAXUM COMMUTATE When you play this character, exert all opposing characters. Then, each player with fewer than 3 cards in their hand draws until they have 3.
STONE BY DAY If you have 3 or more cards in your hand, this character can't ready.","","src/cards/010/characters/227-demona-scourge-of-the-wyvern-clan-enchanted.i18n.ts","translated"
"set10-228-enchanted","2fJ","ci_s2u","set10","228","action","Can't Hold It Back Anymore","","Exert chosen opposing character. Move all damage counters from all other characters to that character.","","src/cards/010/actions/228-cant-hold-it-back-anymore-enchanted.i18n.ts","translated"
"set10-229-enchanted","NOr","ci_N9X","set10","229","character","Webby Vanderquack","Junior Prospector","Shift 2 {I}
Ward
WORK SMARTER Whenever this character quests, if an opponent has more cards in their inkwell than you, you may put the top card of your deck into your inkwell facedown and exerted.","","src/cards/010/characters/229-webby-vanderquack-junior-prospector-enchanted.i18n.ts","translated"
"set10-230-enchanted","H0z","ci_3I5","set10","230","character","Baloo","Carefree Bear","Shift 3 {I}
ROLL WITH IT When you play this character, choose one:
- Each player draws a card.
- Each player chooses and discards a card.","","src/cards/010/characters/230-baloo-carefree-bear-enchanted.i18n.ts","translated"
"set10-231-enchanted","z7X","ci_Ggc","set10","231","action","Malicious, Mean, and Scary","","Put 1 damage counter on each opposing character.","","src/cards/010/actions/231-malicious-mean-and-scary-enchanted.i18n.ts","translated"
"set10-232-enchanted","WFC","ci_3XX","set10","232","character","The Headless Horseman","Terror of Sleepy Hollow","LEAVES NO TRACE When you play this character, banish chosen opposing character with 2 {S} or less.
GATHERING STRENGTH During your turn, whenever an opposing character is banished, each of your characters gets +1 {S} this turn.","","src/cards/010/characters/232-the-headless-horseman-terror-of-sleepy-hollow-enchanted.i18n.ts","translated"
"set10-233-enchanted","r4f","ci_F4M","set10","233","character","Lady Tremaine","Sinister Socialite","Boost 2 {I}
EXPEDIENT SCHEMES Whenever this character quests, if you've put a card under her this turn, you may play an action with cost 5 or less from your discard for free, then put that action card on the bottom of your deck instead of into your discard.","","src/cards/010/characters/233-lady-tremaine-sinister-socialite-enchanted.i18n.ts","translated"
"set10-234-enchanted","GCw","ci_49R","set10","234","action","Next Stop, Olympus","","ACTION If you have a character with 5 {S} or more in play, you pay 2 {I} less to play this action.
Ready chosen character. They can't quest for the rest of this turn. The next time they challenge another character this turn, gain 1 lore.","","src/cards/010/actions/234-next-stop-olympus-enchanted.i18n.ts","translated"
"set10-235-enchanted","hKv","ci_04m","set10","235","character","Judy Hopps","Lead Detective","Shift 4 {I}
LATERAL THINKING During your turn, your Detective characters gain Alert and Resist +2. (They can challenge as if they had Evasive. Damage dealt to them is reduced by 2.)","","src/cards/010/characters/235-judy-hopps-lead-detective-enchanted.i18n.ts","translated"
"set10-236-enchanted","DLN","ci_fz8","set10","236","character","Cinderella","Dream Come True","WHATEVER YOU WISH FOR At the end of your turn, if you played a Princess character this turn, you may put a card from your hand into your inkwell facedown to draw a card.","","src/cards/010/characters/236-cinderella-dream-come-true-enchanted.i18n.ts","translated"
"set10-237-enchanted","59U","ci_5Hw","set10","237","action","Spooky Sight","","Put all characters with cost 3 or less into their players' inkwells facedown and exerted.","","src/cards/010/actions/237-spooky-sight-enchanted.i18n.ts","translated"
"set10-238-enchanted","taG","ci_KcO","set10","238","character","Goliath","Clan Leader","DUSK TO DAWN At the end of each player's turn, if they have more than 2 cards in their hand, they choose and discard cards until they have 2. If they have fewer than 2 cards in their hand, they draw until they have 2.
STONE BY DAY If you have 3 or more cards in your hand, this character can't ready.","","src/cards/010/characters/238-goliath-clan-leader-enchanted.i18n.ts","translated"
"set10-239-enchanted","Pby","ci_YpV","set10","239","character","Nick Wilde","Persistent Investigator","Shift 3 {I}
CASE CLOSED During your turn, whenever one of your Detective characters banishes another character in a challenge, draw a card.","","src/cards/010/characters/239-nick-wilde-persistent-investigator-enchanted.i18n.ts","translated"
"set10-240-enchanted","AE7","ci_www","set10","240","item","The Sword of Hercules","","MIGHTY HIT When you play this item, banish chosen opposing Deity character.
HAND-TO-HAND During your turn, whenever one of your characters banishes another character in a challenge, gain 1 lore.","","src/cards/010/items/240-the-sword-of-hercules-enchanted.i18n.ts","translated"
"set10-241-iconic","yQh","ci_izM","set10","241","character","Ariel","Ethereal Voice","Boost 1 {I}
COMMAND PERFORMANCE Once during your turn, whenever you play a song, if there's a card under this character, you may draw a card.","","src/cards/010/characters/241-ariel-ethereal-voice-iconic.i18n.ts","translated"
"set10-242-iconic","wWJ","ci_yoK","set10","242","character","Hades","Looking for a Deal","WHAT D'YA SAY? When you play this character, you may choose an opposing character. If you do, draw 2 cards unless that character's player puts that card on the bottom of their deck.","","src/cards/010/characters/242-hades-looking-for-a-deal-iconic.i18n.ts","translated"
"set10-p3-018-challenge","BPf","ci_sYz","set10-p3","18","character","Zeus","Missing His Spark","Boost 2 {I}
I NEED MORE THUNDERBOLTS! While there's a card under this character, he gets +2 {S} and +2 {W}.","","src/cards/010/characters/p3-018-zeus-missing-his-spark-challenge.i18n.ts","translated"
"set10-p3-019-challenge","pwK","ci_IJS","set10-p3","19","location","The Great Illuminary","Abandoned Laboratory","STARTLING DISCOVERY Characters gain "" {E} — Draw a card"" while here.","","src/cards/010/locations/p3-019-the-great-illuminary-abandoned-laboratory-challenge.i18n.ts","translated"
"set10-p3-020-challenge","pIG","ci_rO0","set10-p3","20","action","The Horseman Strikes!","","Draw a card. You may banish chosen character with Evasive.","","src/cards/010/actions/p3-020-the-horseman-strikes-challenge.i18n.ts","translated"
"set10-p3-021-challenge","RZm","ci_X5v","set10-p3","21","character","Scar","Eerily Prepared","Boost 2 {I}
SURVIVAL OF THE FITTEST Whenever you put a card under this character, chosen opposing character gets -5 {S} this turn.","","src/cards/010/characters/p3-021-scar-eerily-prepared-challenge.i18n.ts","translated"
"set10-p3-022-challenge","su8","ci_bTR","set10-p3","22","character","Elsa","Exploring the Unknown","CLOSER LOOK When you play this character, you may draw a card.","","src/cards/010/characters/p3-022-elsa-exploring-the-unknown-challenge.i18n.ts","translated"
"set10-p3-023-challenge","Umm","ci_1Fj","set10-p3","23","character","Daisy Duck","Paranormal Investigator","Shift 4 {I}
Support
STRANGE HAPPENINGS While this character is exerted, cards enter opponents' inkwells exerted.","","src/cards/010/characters/p3-023-daisy-duck-paranormal-investigator-challenge.i18n.ts","translated"
"set10-p3-024-challenge","zHS","ci_1Fj","set10-p3","24","character","Daisy Duck","Paranormal Investigator","Shift 4 {I}
Support
STRANGE HAPPENINGS While this character is exerted, cards enter opponents' inkwells exerted.","","src/cards/010/characters/p3-024-daisy-duck-paranormal-investigator-challenge.i18n.ts","translated"
"set10-p3-025-promo","Q7m","ci_NDq","set10-p3","25","character","Goofy","Emerald Champion","EVEN THE SCORE Whenever one of your other Emerald characters is challenged and banished, banish the challenging character.
PROVIDE COVER Your other Emerald characters gain Ward.","","src/cards/010/characters/p3-025-goofy-emerald-champion-promo.i18n.ts","translated"
"set10-p3-026-promo","AnY","ci_pVX","set10-p3","26","character","Jasmine","Soothing Princess","Boost 2 {I}
UPLIFTING AURA Whenever this character quests, if there's a card under her, remove up to 3 damage from each of your characters.","","src/cards/010/characters/p3-026-jasmine-soothing-princess-promo.i18n.ts","translated"
"set10-p3-027-promo","Azk","ci_fi3","set10-p3","27","action","Putting It All Together","","Chosen opposing character can't challenge during their next turn. Draw a card.","","src/cards/010/actions/p3-027-putting-it-all-together-promo.i18n.ts","translated"
"set10-p3-036-promo","lX3","ci_8Wc","set10-p3","36","character","Scrooge McDuck","S.H.U.S.H. Agent","BACKUP PLAN When you play this character, draw a card, then choose and discard a card.
ON THE MOVE When this character is challenged, return this card to your hand. (No damage is dealt in that challenge.)","","src/cards/010/characters/p3-036-scrooge-mcduck-shush-agent-promo.i18n.ts","translated"
"set11-001","685","ci_685","set11","1","character","Thomas","Wide-Eyed Recruit","undefined","I've never seen a winter so beautiful! Look at the snow—pristine as far as the eye can see!","src/cards/011/characters/001-thomas-wide-eyed-recruit.i18n.ts","translated"
"set11-002","pzM","ci_pzM","set11","2","character","Lilo","Snow Artist","CREATIVE INSPIRATION While you have a character named Stitch in play, this character gets +1 {L}.","A snow Stitch is like a snowman, but <even hungrier>.","src/cards/011/characters/002-lilo-snow-artist.i18n.ts","translated"
"set11-003","IAp","ci_IAp","set11","3","character","Pudge","Controls the Weather","GOOD FRIEND If you have a character named Lilo in play, you can play this character for free.","How many sandwiches will I need to feed you to make all this snow melt? —Lilo","src/cards/011/characters/003-pudge-controls-the-weather.i18n.ts","translated"
"set11-004","GCL","ci_GCL","set11","4","character","Pumbaa","Winter Warthog","SHAKE THINGS UP When you play this character, each opponent chooses and discards a card.","See? I told ya he was hardheaded! —Timon","src/cards/011/characters/004-pumbaa-winter-warthog.i18n.ts","translated"
"set11-005","5Io","ci_FOF","set11","5","character","Tiana","Warm and Happy","Support","This cocoa will warm you up like a hug from your mama.","src/cards/011/characters/005-tiana-warm-and-happy.i18n.ts","translated"
"set11-006","FhP","ci_FhP","set11","6","character","Nakoma","Waiting Out the Storm","undefined","Come sit by the fire. It will keep you warm until this storm blows over.","src/cards/011/characters/006-nakoma-waiting-out-the-storm.i18n.ts","translated"
"set11-007","7zq","ci_vWQ","set11","7","character","Stitch","Carefree Snowboarder","BRING YOUR FRIENDS Whenever this character quests, if you have 2 or more other characters in play, you may draw a card.","First one down the mountain gets all the marshmallows for their cocoa! —Lilo","src/cards/011/characters/007-stitch-carefree-snowboarder.i18n.ts","translated"
"set11-008","3Q8","ci_3Q8","set11","8","character","Pocahontas","Finding the Way","DISCOVERY AWAITS When you play this character, chosen character gets +1 {L} this turn.","If you don’t know the way, the spirits will show you. —Pocahontas","src/cards/011/characters/008-pocahontas-finding-the-way.i18n.ts","translated"
"set11-009","qaR","ci_qaR","set11","9","character","David","Protective Snowboarder","Bodyguard","These snowboards are pretty sweet—and they make great shields!","src/cards/011/characters/009-david-protective-snowboarder.i18n.ts","translated"
"set11-010","pOQ","ci_pOQ","set11","10","character","Fangmeyer","Icy Officer","REQUEST REINFORCEMENTS When you play this character, you may return a Detective character card from your discard to your hand.","Failure to signal, broken tail light, and taunting an officer with hot chocolate. That's gonna be a hefty fine.","src/cards/011/characters/010-fangmeyer-icy-officer.i18n.ts","translated"
"set11-011","9DJ","ci_9DJ","set11","11","character","Chief Powhatan","Protective Leader","Bodyguard
STANDS HIS GROUND This character can't challenge.","","src/cards/011/characters/011-chief-powhatan-protective-leader.i18n.ts","translated"
"set11-012","EYo","ci_EYo","set11","12","character","Sarabi","Protecting the Pride","FEARSOME SNARL {E} — Chosen opposing character gets -4 {S} until the start of your next turn.","A loving mother, a cunning hunter, and a fierce warrior.","src/cards/011/characters/012-sarabi-protecting-the-pride.i18n.ts","translated"
"set11-013","tbC","ci_Qej","set11","13","character","Grandmother Willow","Ancient Advisor","SMOOTH THE WAY Once during your turn, you pay 1 {I} less for the next character you play this turn.","I haven't had this much excitement in 200 years.","src/cards/011/characters/013-grandmother-willow-ancient-advisor.i18n.ts","translated"
"set11-014","gZF","ci_gZF","set11","14","character","Cobra Bubbles","Dedicated Official","AURA OF AUTHORITY Whenever this character quests, chosen opposing character can't challenge and must quest during their next turn if able.","No, it <can't> wait until this storm blows over!","src/cards/011/characters/014-cobra-bubbles-dedicated-official.i18n.ts","translated"
"set11-015","HJJ","ci_HJJ","set11","15","character","John Smith","Snow Tracker","FOLLOW THE TRACKS At the end of your turn, if this character is exerted and none of your characters challenged this turn, gain 1 lore.","Interesting. These animal tracks lead away from the vine. But toward what?","src/cards/011/characters/015-john-smith-snow-tracker.i18n.ts","translated"
"set11-016","k5I","ci_jn6","set11","16","character","Timon","Snowball Swiper","GET RID OF THAT When you play this character, chosen opponent reveals their hand and discards a non-character card of your choice.","Okay, Pumbaa—hit it!","src/cards/011/characters/016-timon-snowball-swiper.i18n.ts","translated"
"set11-017","oO4","ci_2am","set11","17","character","Lilo","Rock Star","Shift 4 {I}
I'LL COUNT YOU IN Whenever this character quests, you may play a character with cost 2 or less from your discard for free.","","src/cards/011/characters/017-lilo-rock-star.i18n.ts","translated"
"set11-018","rDI","ci_rDI","set11","18","character","Pleakley","Arctic Naturalist","SIGNS OF LIFE When you play this character, if you have another Alien character in play, draw a card.","Amazing! This storm has created all sorts of new life forms. I will call you ‘Avis frigida.’","src/cards/011/characters/018-pleakley-arctic-naturalist.i18n.ts","translated"
"set11-019","mgC","ci_mgC","set11","19","character","Jumba Jookiba","Prolific Inventor","WELCOMING CROWD For each character you have in play, you pay 1 {I} less to play this character.
I AM HELPING Whenever this character quests, you may remove all damage from chosen character.","","src/cards/011/characters/019-jumba-jookiba-prolific-inventor.i18n.ts","translated"
"set11-020","dBq","ci_dBq","set11","20","character","Nani","Stage Manager","THAT'S YOUR CUE When you play this character, look at the top 4 cards of your deck. You may reveal a character card with cost 2 or less and put it into your hand. Put the rest on the bottom of your deck in any order.","","src/cards/011/characters/020-nani-stage-manager.i18n.ts","translated"
"set11-021","YVY","ci_YVY","set11","21","character","Reuben","Sandwich Expert","LUNCH SPECIAL {E} — Remove up to 2 damage from chosen character of yours. For each 1 damage removed this way, you pay 1 {I} less for the next character you play this turn.","At least I’ll be ready in case of a sandwich shortage.","src/cards/011/characters/021-reuben-sandwich-expert.i18n.ts","translated"
"set11-022","gSL","ci_4DB","set11","22","character","Pocahontas","Peacekeeper","Shift 3 {I}
CALMING WORDS When you play this character, if you used Shift to play her and none of your characters challenged this turn, characters can't challenge until the start of your next turn.","","src/cards/011/characters/022-pocahontas-peacekeeper.i18n.ts","translated"
"set11-023","ymd","ci_ymd","set11","23","character","Simba","Playful Pouncer","YOU DON'T STAND A CHANCE When you play this character, chosen opposing character gets -2 {S} until the start of your next turn.","Like Zazu always says, practice makes perfect!","src/cards/011/characters/023-simba-playful-pouncer.i18n.ts","translated"
"set11-024","Ab7","ci_Ab7","set11","24","character","Bambi","Ethereal Fawn","Boost 2 {I}
COME SEE! During your turn, whenever this character exerts, reveal a number of cards from the top of your deck equal to the number of cards under him. Put all revealed character cards into your hand. Put the rest on the bottom of your deck in any order.","","src/cards/011/characters/024-bambi-ethereal-fawn.i18n.ts","translated"
"set11-025","FwE","ci_HaX","set11","25","character","Angel","Siren Singer","UNDERDOG If this is your first turn and you're not the first player, you pay 1 {I} less to play this character.
Singer 3","","src/cards/011/characters/025-angel-siren-singer.i18n.ts","translated"
"set11-026","EI1","ci_EI1","set11","26","character","Widow Tweed","Kindly Soul","I'VE GOT YOU When you play this character, return a character card from your discard to your hand. If that character is named Tod, you may play him for free.","No, I just can’t leave you out here all alone.","src/cards/011/characters/026-widow-tweed-kindly-soul.i18n.ts","translated"
"set11-027","0V8","ci_0V8","set11","27","character","Percy","Pupsicle","ICE BATH This character can't challenge.","That’s the strangest creature I’ve ever seen. —Grandmother Willow","src/cards/011/characters/027-percy-pupsicle.i18n.ts","translated"
"set11-028","02Z","ci_QH5","set11","28","action","Raging Storm","","Banish all characters.","The storm... it's too much, Lilo. We have to go back! —Nani","src/cards/011/actions/028-raging-storm.i18n.ts","translated"
"set11-029","Y3X","ci_Y3X","set11","29","action","Akood et Emuti","","You pay 2 {I} less for the next character you play this turn. Draw a card.","Alan ot agan, atoom on ataki Oteem-ich atooca","src/cards/011/actions/029-akood-et-emuti.i18n.ts","translated"
"set11-030","30F","ci_30F","set11","30","action","Mother Will Protect You","","Chosen character can't be challenged until the start of your next turn.","","src/cards/011/actions/030-mother-will-protect-you.i18n.ts","translated"
"set11-031","aZ8","ci_aZ8","set11","31","action","Wisdom of the Willow","","For the rest of this turn, whenever one of your characters quests, you may draw a card.","Ripples are so small at first, then look how they grow. But someone has to start them. —Grandmother Willow","src/cards/011/actions/031-wisdom-of-the-willow.i18n.ts","translated"
"set11-032","w65","ci_iVN","set11","32","action","Ohana Means Family","","Remove all damage from chosen character of yours. Draw a card for each 1 damage removed this way.","Family means nobody is left behind. —Lilo","src/cards/011/actions/032-ohana-means-family.i18n.ts","translated"
"set11-033","1U5","ci_1U5","set11","33","item","John Smith's Compass","","SPINNING ARROW At the end of your turn, if a character of yours challenged this turn, banish this item.
YOUR PATH At the end of your turn, if none of your characters challenged this turn, reveal the top card of your deck. If it's a character card with cost 3 or less or named Pocahontas, you may put it into your hand. Otherwise, put it on the bottom of your deck.","","src/cards/011/items/033-john-smiths-compass.i18n.ts","translated"
"set11-034","tpz","ci_tpz","set11","34","location","Zootopia","Tundratown","undefined","Welcome to Tundratown. Please respect our hibernating inhabitants and keep noise to a minimum. —Zootopia Chamber of Commerce","src/cards/011/locations/034-zootopia-tundratown.i18n.ts","translated"
"set11-035","C3q","ci_C3q","set11","35","character","Nala","Romping in the Snow","PLAYFUL SLIDE When you play this character, chosen character of yours gains Evasive until the start of your next turn.","Told ya I'd make it to the bottom first, Simba!","src/cards/011/characters/035-nala-romping-in-the-snow.i18n.ts","translated"
"set11-036","Sgs","ci_Sgs","set11","36","character","Alice","Well-Read Whisper","Boost 2 {I}
MYSTICAL INSIGHT Whenever this character quests, put all cards from under her into your hand.","","src/cards/011/characters/036-alice-well-read-whisper.i18n.ts","translated"
"set11-037","IyC","ci_F3L","set11","37","character","Tigger","Bouncing All the Way","SPLENDERIFFIC BOUNCE When you play this character, you may return chosen character, item, or location with cost 2 or less to their player's hand.","What do you mean, can Tiggers bounce in the snow? Just watch!","src/cards/011/characters/037-tigger-bouncing-all-the-way.i18n.ts","translated"
"set11-038","StU","ci_StU","set11","38","character","Isis Vanderchill","Ice Queen of St. Canard","CHILL OUT When you play this character, exert chosen opposing character.","Darkwing: Just cool it, lady. Launchpad: I think you might want to rephrase that, DW.","src/cards/011/characters/038-isis-vanderchill-ice-queen-of-st-canard.i18n.ts","translated"
"set11-039","lgw","ci_lgw","set11","39","character","Flit","Reflective Hummingbird","LOOK OUT! When you play this character, move up to 1 damage from chosen character to chosen opposing character.","","src/cards/011/characters/039-flit-reflective-hummingbird.i18n.ts","translated"
"set11-040","r3V","ci_r3V","set11","40","character","Morgana Macawber","Self-Centered Spellcaster","undefined","Sometimes I don't even know whose side you're on, Darkwing said. The same side I've always been on, Morgana replied. Mine.","src/cards/011/characters/040-morgana-macawber-self-centered-spellcaster.i18n.ts","translated"
"set11-041","8cq","ci_8cq","set11","41","character","Rabbit","Fed Up","Challenger +3","Not another step. I've got a shovel full of snow, and I'm not afraid to use it!","src/cards/011/characters/041-rabbit-fed-up.i18n.ts","translated"
"set11-042","o0i","ci_o0i","set11","42","character","Pocahontas","Following the Wind","WHAT IS MY PATH? Whenever this character quests, gain lore equal to another chosen exerted character's {L}.","She has her mother’s spirit. She goes wherever the wind takes her. —Kekata","src/cards/011/characters/042-pocahontas-following-the-wind.i18n.ts","translated"
"set11-043","l2V","ci_l2V","set11","43","character","Darkwing Duck","Darkwolf Dog","Rush","I am the terrier that yaps in the night. I am the schnauzer that digs up your petunias. I am Darkwolf Dog!","src/cards/011/characters/043-darkwing-duck-darkwolf-dog.i18n.ts","translated"
"set11-044","8Qz","ci_8Qz","set11","44","character","Taran","Magically Armed","Rush WEAKEN THE CAULDRON When you play this character, put up to 2 cards from chosen player's discard on the bottom of their deck in any order.","","src/cards/011/characters/044-taran-magically-armed.i18n.ts","translated"
"set11-045","sDu","ci_e9D","set11","45","character","Eeyore","In the Way","THANKS FOR NOTICIN' ME For each exerted character in play, you pay 1 {I} less to play this character.
SORRY ABOUT THAT When you play this character, for each opposing player, you may choose a character of theirs. They can't ready at the start of their next turn.","","src/cards/011/characters/045-eeyore-in-the-way.i18n.ts","translated"
"set11-046","9zz","ci_9zz","set11","46","character","Meeko","Skittish Scrounger","Evasive
BOTTOMLESS PIT At the end of your turn, if this character is exerted, choose and discard a card or banish him.","","src/cards/011/characters/046-meeko-skittish-scrounger.i18n.ts","translated"
"set11-047","5kx","ci_5kx","set11","47","character","Morgana Macawber","Reformed Spellcaster","Shift 4 {I}
JUST FOR YOU When you play this character, you may choose an opposing character and move 1 damage from each other character to them.","","src/cards/011/characters/047-morgana-macawber-reformed-spellcaster.i18n.ts","translated"
"set11-048","AqR","ci_GMw","set11","48","character","Tinker Bell","Snowflake Collector","FLURRY OF DELIGHT While you have 4 or more cards in your hand, this character gains Evasive.
SPECTACULAR FIND While you have 7 or more cards in your hand, this character gets +3 {L}.","","src/cards/011/characters/048-tinker-bell-snowflake-collector.i18n.ts","translated"
"set11-049","fkH","ci_PvV","set11","49","character","Genie","Magical Researcher","Boost 1 {I} INCREASING WISDOM This character gets +1 {L} for each card under him.","","src/cards/011/characters/049-genie-magical-researcher.i18n.ts","translated"
"set11-050","5xM","ci_SGl","set11","50","character","Anna","Soothing Sister","UNUSUAL TRANSFORMATION If a card left a player's discard this turn, this card gains Shift 0 {I}. WARM HEART Whenever this character quests, you may gain lore equal to the {L} of a character card in your discard. If you do, put that card on the bottom of your deck.","","src/cards/011/characters/050-anna-soothing-sister.i18n.ts","translated"
"set11-051","rkl","ci_rkl","set11","51","character","Kristoff","Icy Explorer","HIDDEN DEPTHS When you play this character, if you have a character named Anna in play, you may put a card from chosen player's discard on the bottom of their deck.
STROKE OF LUCK Once during your turn, whenever a card leaves your discard, draw a card.","","src/cards/011/characters/051-kristoff-icy-explorer.i18n.ts","translated"
"set11-052","Xmi","ci_3CK","set11","52","character","Anna","Little Sister","UNEXPECTED DISCOVERY When you play this character, you may put a card from chosen player's discard on the bottom of their deck.","Even in the deep forest, Anna could see the vine poking above the treetops.","src/cards/011/characters/052-anna-little-sister.i18n.ts","translated"
"set11-053","oie","ci_oie","set11","53","character","Marshmallow","Cranky Climber","ICY BLAST Whenever this character quests, each opponent can't ready more than 1 of their characters at the start of their next turn.","GO AWAY!!","src/cards/011/characters/053-marshmallow-cranky-climber.i18n.ts","translated"
"set11-054","Qo1","ci_Qo1","set11","54","character","Space Cows","Unexpected Allies","undefined","The cows are not what they seem. —Launchpad","src/cards/011/characters/054-space-cows-unexpected-allies.i18n.ts","translated"
"set11-055","OZm","ci_OZm","set11","55","character","Christopher Robin","Joining the Fun","UNDERDOG If this is your first turn and you're not the first player, you pay 1 {I} less to play this character.","The air was crisp and clear. A perfect morning for a snowball fight, said Christopher Robin.","src/cards/011/characters/055-christopher-robin-joining-the-fun.i18n.ts","translated"
"set11-056","RK4","ci_RK4","set11","56","character","Lumpy","Playful Heffalump","Evasive","Wheee! This is even more fun than a game of leaplog!","src/cards/011/characters/056-lumpy-playful-heffalump.i18n.ts","translated"
"set11-057","JTw","ci_JTw","set11","57","character","Witches of Morva","Orddu, Orwen, and Orgoch","QUITE A BARGAIN When you play this character, you may return another chosen character of yours to your hand. If you do, gain 1 lore.","What are you willing to give up in exchange for power?","src/cards/011/characters/057-witches-of-morva-orddu-orwen-and-orgoch.i18n.ts","translated"
"set11-058","kli","ci_aw8","set11","58","character","Heihei","Persistent Presence","HE'S BACK! When this character is banished in a challenge, return this card from your discard to your hand.","More powerful. More beautiful. More Heihei.","src/cards/011/characters/058-heihei-persistent-presence.i18n.ts","translated"
"set11-059","lA0","ci_lA0","set11","59","character","Pua","Disgruntled Pig","undefined","Don't worry, buddy. We're going to have fun today, I promise! —Moana","src/cards/011/characters/059-pua-disgruntled-pig.i18n.ts","translated"
"set11-060","JOj","ci_JOj","set11","60","character","Sven","Leaping Reindeer","Rush
Challenger +3
Evasive","","src/cards/011/characters/060-sven-leaping-reindeer.i18n.ts","translated"
"set11-061","tmK","ci_tmK","set11","61","action","Do You Want to Build A Snowman?","","Chosen opponent chooses YES! or NO!:
* YES! You gain 3 lore.
* NO! They choose a character of theirs and put that card on the bottom of their deck.","","src/cards/011/actions/061-do-you-want-to-build-a-snowman.i18n.ts","translated"
"set11-062","H72","ci_H72","set11","62","action","Come Out and Fight!","","Put all cards from under chosen character, item, or location on the bottom of their player's deck in a random order. Draw a card.","Mickey: All right, let’s get that ghost! Goofy: How do you reckon we do that?","src/cards/011/actions/062-come-out-and-fight.i18n.ts","translated"
"set11-063","7uF","ci_7uF","set11","63","action","Swordplay","","Chosen character gains Challenger +3 this turn. (They get +3 {S} while challenging.)","It takes a great hero to handle a sword like this! —Taran","src/cards/011/actions/063-swordplay.i18n.ts","translated"
"set11-064","IUQ","ci_Wdy","set11","64","action","Colors of the Wind","","Each player reveals the top card of their deck. Draw a card for each different ink type of cards revealed this way.","","src/cards/011/actions/064-colors-of-the-wind.i18n.ts","translated"
"set11-065","3F4","ci_3F4","set11","65","item","Mother's Necklace","","PRECIOUS GIFT At the end of your turn, if none of your characters challenged this turn, chosen character of yours gains Evasive until the start of your next turn.","It's more than a necklace—it's a connection to her past. —Chief Powhatan","src/cards/011/items/065-mothers-necklace.i18n.ts","translated"
"set11-066","YMG","ci_YMG","set11","66","item","Mystical Inkcaster","","SPECIAL SUMMONS {E}, 3 {I} — Play a character with cost 5 or less for free. They gain Rush. At the end of your turn, banish them. (They can challenge the turn they're played.)","We need your help. Show us what you've got. —Shanzay, an Illumineer","src/cards/011/items/066-mystical-inkcaster.i18n.ts","translated"
"set11-067","cBK","ci_cBK","set11","67","item","Pot of Honey","","I'M STUCK! Banish this item — Chosen exerted character can't ready at the start of their next turn.","Oh, bother. Not again... again.","src/cards/011/items/067-pot-of-honey.i18n.ts","translated"
"set11-068","siR","ci_5Ub","set11","68","location","The Frozen Vine","Monstrous Plant","PERSISTENT PROBLEM When this location is banished, if there was an exerted character here, return this card from your discard to your hand.","","src/cards/011/locations/068-the-frozen-vine-monstrous-plant.i18n.ts","translated"
"set11-069","uLx","ci_qCB","set11","69","character","Mulan","Resourceful Recruit","RIGOROUS TRAINING Whenever this character quests, gain lore equal to her {S}, to a maximum of 6 lore.","Now remember, it’s your first day of training, so listen to your teacher and no fightin’, play nice with the other kids... —Mushu","src/cards/011/characters/069-mulan-resourceful-recruit.i18n.ts","translated"
"set11-070","wMm","ci_wMm","set11","70","character","Stitch","Naughty Experiment","I DARE YOU! {E} — Chosen opposing character gains Reckless until the start of your next turn. (They can't quest and must challenge if able.)","Hi.","src/cards/011/characters/070-stitch-naughty-experiment.i18n.ts","translated"
"set11-071","vUl","ci_vUl","set11","71","character","Big Mama","Clever and Calming","Ward","Gather ’round, little ones. Let Big Mama teach you how to stay warm in the snow!","src/cards/011/characters/071-big-mama-clever-and-calming.i18n.ts","translated"
"set11-072","f22","ci_f22","set11","72","character","Minnie Mouse","Spinning Skater","undefined","She's the epitome of grace, beauty, and a whole lot of fun.","src/cards/011/characters/072-minnie-mouse-spinning-skater.i18n.ts","translated"
"set11-073","SFC","ci_SFC","set11","73","character","Yao","Snow Warrior","OOH, I'M SCARED During opponents' turns, this character gains Resist +2.","In his mind, he was Snow-General Yao, surveying his frozen lands from atop his icy fortress.","src/cards/011/characters/073-yao-snow-warrior.i18n.ts","translated"
"set11-074","dxb","ci_dxb","set11","74","character","Chien-Po","Snow Warrior","undefined","Stay right here, little snowball. I’ll come get you when it’s time for your date with Ling’s face.","src/cards/011/characters/074-chien-po-snow-warrior.i18n.ts","translated"
"set11-075","09Z","ci_09Z","set11","75","character","Ling","Snow Warrior","BUILDING MUSCLES 1 {I} — Chosen character gets +1 {S} this turn.","If I keep carrying these, I'll be as strong as Chien-Po!","src/cards/011/characters/075-ling-snow-warrior.i18n.ts","translated"
"set11-076","8Pv","ci_8Pv","set11","76","character","Boomer","Has the Beak","SPOTTED HIM! When you play this character, you may exert chosen damaged character.","Good work, Boomer. We’ll get him this time. —Dinky","src/cards/011/characters/076-boomer-has-the-beak.i18n.ts","translated"
"set11-077","OZJ","ci_OZJ","set11","77","character","Chernabog","Unnatural Force","DARK DANCE When you play this character, you may shuffle chosen opposing character into their player's deck. If you do, that player may play a character from their discard for free.","","src/cards/011/characters/077-chernabog-unnatural-force.i18n.ts","translated"
"set11-078","m5J","ci_m5J","set11","78","character","Dinky","Has the Brains","GET HIM! When you play this character, each opponent chooses one of their characters and deals 1 damage to them.","Nail him, Boomer! Sock it to him!","src/cards/011/characters/078-dinky-has-the-brains.i18n.ts","translated"
"set11-079","28g","ci_28g","set11","79","character","Stegmutt","Clumsy Dinosaur","WAKE OF DESTRUCTION For each item card in your discard, you pay 1 {I} less to play this character.
COLLATERAL DAMAGE When you play this character, you may put 3 item cards from your discard on the bottom of your deck in any order. If you do, deal 3 damage to chosen character.","","src/cards/011/characters/079-stegmutt-clumsy-dinosaur.i18n.ts","translated"
"set11-080","5ok","ci_5ok","set11","80","character","Squeaks","Cozy Caterpillar","Evasive","Snug as a bug, while we’re out here freezin’ our b-b-beaks off! —Boomer","src/cards/011/characters/080-squeaks-cozy-caterpillar.i18n.ts","translated"
"set11-081","FwZ","ci_ioY","set11","81","character","Aladdin","On the Edge of Adventure","QUICK ON HIS FEET Whenever you play an action, this character gains Evasive until the start of your next turn.","","src/cards/011/characters/081-aladdin-on-the-edge-of-adventure.i18n.ts","translated"
"set11-082","feU","ci_m8p","set11","82","character","Mushu","Sneaky Dragon","SNOWY SURPRISE When you play this character, deal 2 damage to chosen character.","You want a snowball? I'll <give> you a snowball. I'll give you the biggest snowball you've ever seen!","src/cards/011/characters/082-mushu-sneaky-dragon.i18n.ts","translated"
"set11-083","r4K","ci_r4K","set11","83","character","Goofy","Ghost of Jacob Marley","Boost 2 {I}
GRAVE OUTCOME When this character is banished, each opponent chooses and discards a card for each card that was under him.","","src/cards/011/characters/083-goofy-ghost-of-jacob-marley.i18n.ts","translated"
"set11-084","dzM","ci_dzM","set11","84","character","Copper","Champion of the Forest","Shift 3 {I}
MORE TO EXPLORE Whenever this character quests, your characters with Evasive get +1 {L} this turn.","","src/cards/011/characters/084-copper-champion-of-the-forest.i18n.ts","translated"
"set11-085","zR1","ci_zR1","set11","85","character","Copper","Hound Pup","FOUND YA When you play this character, chosen player reveals their hand.","How’s this for a huntin’ dog? He’s just a little runt now, but he’ll grow. —Amos Slade","src/cards/011/characters/085-copper-hound-pup.i18n.ts","translated"
"set11-086","tPQ","ci_tPQ","set11","86","character","Vixey","Forest Friend","SHOWIN' UP If you have a character named Tod in play, you pay 1 {I} less to play this character.
Evasive","","src/cards/011/characters/086-vixey-forest-friend.i18n.ts","translated"
"set11-087","oKC","ci_oKC","set11","87","character","Tod","All Alone","undefined","Come on, now. I’m not going to harm you. —Widow Tweed","src/cards/011/characters/087-tod-all-alone.i18n.ts","translated"
"set11-088","g4Z","ci_mKu","set11","88","character","Minnie Mouse","Mrs. Cratchit","Ward
A MOTHER'S LOVE When you play this character, you may put the top card of your deck facedown under one of your characters or locations with Boost. If you do, draw a card.","","src/cards/011/characters/088-minnie-mouse-mrs-cratchit.i18n.ts","translated"
"set11-089","k8j","ci_qw7","set11","89","character","White Rabbit","Late Again","UNDERDOG If this is your first turn and you're not the first player, you pay 1 {I} less to play this character.
Evasive","","src/cards/011/characters/089-white-rabbit-late-again.i18n.ts","translated"
"set11-090","43t","ci_43t","set11","90","character","Tod","Playful Kit","LOOK AT THIS! Whenever this character quests, choose one:
* Gain 1 lore.
* Chosen character of yours gains Evasive until the start of your next turn.","","src/cards/011/characters/090-tod-playful-kit.i18n.ts","translated"
"set11-091","FDn","ci_FDn","set11","91","character","Mickey Mouse","Snowboard Ace","SLIPPERY SLOPE When you play this character and when he leaves play, each opponent chooses and discards a card.","Now, that's what I call shredding!","src/cards/011/characters/091-mickey-mouse-snowboard-ace.i18n.ts","translated"
"set11-092","cKN","ci_0ez","set11","92","character","Tod","Knows All the Tricks","Shift 5 {I}
Evasive
IMPRESSIVE LEAPS Twice during your turn, whenever this character is chosen for an action or an item's ability, you may ready him.","","src/cards/011/characters/092-tod-knows-all-the-tricks.i18n.ts","translated"
"set11-093","Yde","ci_Yde","set11","93","character","Donald Duck","Fred Honeywell","SPIRIT OF GIVING Whenever you use the Boost ability of a character, you may put the top card of your deck under them facedown.
WELL WISHES During opponents' turns, whenever one of your other characters is banished, you may draw a card for each card that was under them.","","src/cards/011/characters/093-donald-duck-fred-honeywell.i18n.ts","translated"
"set11-094","9gi","ci_vCE","set11","94","action","Strike A Good Match","","Draw 2 cards, then choose and discard a card.","Please bring honor to us Please bring honor to us all","src/cards/011/actions/094-strike-a-good-match.i18n.ts","translated"
"set11-095","ucF","ci_ucF","set11","95","action","Snowball Fight","","Each opponent chooses and discards a card. If you have a character with Evasive in play, gain 1 lore.","Snowflakes compacted into sphere makes for excellent projectile. —Jumba Jookiba","src/cards/011/actions/095-snowball-fight.i18n.ts","translated"
"set11-096","DI6","ci_LB6","set11","96","action","Freeze the Vine","","Banish all locations. Draw 2 cards, then choose and discard a card.","There's only one way to stop this vine. Wait, no... It's full of mixed ink? There's too much! I can't control it!","src/cards/011/actions/096-freeze-the-vine.i18n.ts","translated"
"set11-097","y2L","ci_y2L","set11","97","action","Education or Elimination","","Choose one:
* Draw a card. Chosen character of yours gets +1 {L} and gains Evasive until the start of your next turn.
* Banish chosen damaged character.","","src/cards/011/actions/097-education-or-elimination.i18n.ts","translated"
"set11-098","o61","ci_o61","set11","98","item","Snow Fort","","THE HIGH GROUND Your characters get +1 {S}.
BARRICADE During opponents' turns, your characters gain Resist +1.","","src/cards/011/items/098-snow-fort.i18n.ts","translated"
"set11-099","GU7","ci_GU7","set11","99","item","Rafiki's Bakora Staff","","READ THE OMENS {E}, 1 {I} — Draw a card, then choose and discard a card.
BONK! 1 {I}, Banish this item — Deal 1 damage to chosen character.","","src/cards/011/items/099-rafikis-bakora-staff.i18n.ts","translated"
"set11-100","WNZ","ci_WNZ","set11","100","item","Retro Evolution Device","","TURN INTO DINOSAUR {E}, 1 {I}, Banish chosen character of yours — Play a character with cost up to 2 more than the banished character for free.","It’s great for reheating leftovers, and it turns people into dinosaurs. —Stegmutt","src/cards/011/items/100-retro-evolution-device.i18n.ts","translated"
"set11-101","3pR","ci_3pR","set11","101","item","Battering Ram","","FULL FORCE {E} — Deal 1 damage to chosen damaged character.
BREAK THROUGH {E}, Banish this item — Banish chosen location.","There’s a right tool for every job.","src/cards/011/items/101-battering-ram.i18n.ts","translated"
"set11-102","NKo","ci_NKo","set11","102","location","Game Preserve","Protected Land","EASY TO MISS While there's a character with Evasive here, this location gains Evasive. (Only characters with Evasive can challenge it.)","","src/cards/011/locations/102-game-preserve-protected-land.i18n.ts","translated"
"set11-103","C0z","ci_C0z","set11","103","character","Wreck-it Ralph","Raging Wrecker","Boost 1 {I}
POWERED UP This character gets +1 {S} for each card under him.
WHO'S COMIN' WITH ME? When this character is banished, banish all characters with {S} equal to or less than the {S} he had in play.","","src/cards/011/characters/103-wreck-it-ralph-raging-wrecker.i18n.ts","translated"
"set11-104","cXq","ci_cXq","set11","104","character","Scrooge McDuck","Ghostly Ebenezer","Boost 1 {I}
COUNTING COINS This character gets +1 {S} and +1 {W} for each card under him.","This grim future is but one possibility.","src/cards/011/characters/104-scrooge-mcduck-ghostly-ebenezer.i18n.ts","translated"
"set11-105","Sjs","ci_Sjs","set11","105","character","Donald Duck","Nephew Fred","undefined","Bob Cratchit: That Fred, always so full of kindness. Ebenezer Scrooge: Aye, he always was a little peculiar.","src/cards/011/characters/105-donald-duck-nephew-fred.i18n.ts","translated"
"set11-106","QuQ","ci_QuQ","set11","106","character","Taurus Bulba","Steerminator","undefined","Looks like Taurus Bulba’s new computer brain has the same old disposition. —Launchpad","src/cards/011/characters/106-taurus-bulba-steerminator.i18n.ts","translated"
"set11-107","5td","ci_5td","set11","107","character","Copper","On the Scent","Rush
Reckless","I won’t get lost, Chief. I can smell my way back.","src/cards/011/characters/107-copper-on-the-scent.i18n.ts","translated"
"set11-108","rjK","ci_rjK","set11","108","character","Mulan","Ready for Battle","NOBLE SPIRIT If you have a character in play with damage, you pay 1 {I} less to play this character.
FIGHTING SPIRIT If you have a character in play with 5 or more, you pay 1 {I} less to play this character.","","src/cards/011/characters/108-mulan-ready-for-battle.i18n.ts","translated"
"set11-109","1ji","ci_1ji","set11","109","character","Maui","Snow Slider","Rush","This has to be worth at least <three> chee hoos!","src/cards/011/characters/109-maui-snow-slider.i18n.ts","translated"
"set11-110","nta","ci_nta","set11","110","character","Fa Zhou","Honorable Warrior","BATTLE WOUND This character enters play with 2 damage.","It had been his duty and his honor to serve the Empire.","src/cards/011/characters/110-fa-zhou-honorable-warrior.i18n.ts","translated"
"set11-111","UCV","ci_UCV","set11","111","character","Liquidator","Iced Over","UNDERDOG If this is your first turn and you're not the first player, you pay 1 {I} less to play this character.
Reckless","","src/cards/011/characters/111-liquidator-iced-over.i18n.ts","translated"
"set11-112","HGB","ci_KtZ","set11","112","character","Elisa Maza","Transformed Gargoyle","FOREVER STRONG Your characters' {S} can't be reduced below their printed value.
STONE BY DAY If you have 3 or more cards in your hand, this character can't ready.","I’ll never get the hang of jumping off rooftops.","src/cards/011/characters/112-elisa-maza-transformed-gargoyle.i18n.ts","translated"
"set11-113","whR","ci_HXk","set11","113","character","Iduna","Alarmed Queen","Evasive","Oh, dear. Look at the ice! Do you think this means...?","src/cards/011/characters/113-iduna-alarmed-queen.i18n.ts","translated"
"set11-114","8bt","ci_8bt","set11","114","character","Agnarr","King of Arendelle","PROTECTIVE INSTINCT While you have a Queen character in play, this character gets +2 {S}.","It's just as we feared.","src/cards/011/characters/114-agnarr-king-of-arendelle.i18n.ts","translated"
"set11-115","PG5","ci_PG5","set11","115","character","Negaduck","Evil Doppelganger","undefined","Only someone so dastardly, so despicable, so disdainful of the utterly defenseless would dare perform such a deed! —Darkwing Duck","src/cards/011/characters/115-negaduck-evil-doppelganger.i18n.ts","translated"
"set11-116","iMq","ci_bMZ","set11","116","character","Negaduck","Public Enemy Number One","Shift 3 {I}
STICKY FINGERS Whenever this character challenges another character, each opponent loses 1 lore and you gain 1 lore.","","src/cards/011/characters/116-negaduck-public-enemy-number-one.i18n.ts","translated"
"set11-117","Pwi","ci_hMF","set11","117","character","Hercules","Spectral Demigod","Boost 2 {I}
SUPERHUMAN STRENGTH While there's a card under this character, he gets +3 {S}.","","src/cards/011/characters/117-hercules-spectral-demigod.i18n.ts","translated"
"set11-118","bEk","ci_dg5","set11","118","character","Beast","Snowfield Troublemaker","Rush
DYNAMIC MANEUVER Whenever this character challenges, if he's at a location, he takes no damage from the challenge.","","src/cards/011/characters/118-beast-snowfield-troublemaker.i18n.ts","translated"
"set11-119","34k","ci_8l8","set11","119","character","Slushy","Glacial Guster","Evasive","All right, Slushy. Do your stuff. —Lilo","src/cards/011/characters/119-slushy-glacial-guster.i18n.ts","translated"
"set11-120","z3A","ci_z3A","set11","120","character","Goofy","Marley's Clumsy Spirit","PREPARE YOURSELF When you play this character, you may ready chosen character. If you do, they can't quest for the rest of this turn.","Tonight, you will be visited by three spirits. Listen to ’em.","src/cards/011/characters/120-goofy-marleys-clumsy-spirit.i18n.ts","translated"
"set11-121","4xG","ci_sej","set11","121","character","Goofy","Klutzy Skier","YAAAAAAA-HOO-HOO-HOO-HOOEY {E}, Banish this character — Banish chosen character.","Skiing really is quite simple, once you get the hang of it. —Narrator","src/cards/011/characters/121-goofy-klutzy-skier.i18n.ts","translated"
"set11-122","G4S","ci_G4S","set11","122","character","Olaf","Snowman of Action","ABOUT TIME! For each action card in your discard, you pay 1 {I} less to play this character.
CHAOTIC COLLISION When you play this character, each opponent loses 2 lore.","","src/cards/011/characters/122-olaf-snowman-of-action.i18n.ts","translated"
"set11-123","TnE","ci_8cv","set11","123","character","Elsa","Ice Artisan","Shift 4 {I}
ENDLESS WINTER When you play this character and whenever you play a location, you may exert chosen character with 3 {S} or less.
DISTANT CALL While this character is at a location, she gets +3 {L}.","","src/cards/011/characters/123-elsa-ice-artisan.i18n.ts","translated"
"set11-124","3lL","ci_3lL","set11","124","character","Scrooge McDuck","Ebenezer Scrooge","PAYMENT DUE Whenever this character quests, each opponent loses 1 lore. Draw a card for each 1 lore lost this way.
FORECLOSURE At the end of your turn, if an opponent has 0 lore, you gain 1 lore.","","src/cards/011/characters/124-scrooge-mcduck-ebenezer-scrooge.i18n.ts","translated"
"set11-125","cKi","ci_YF2","set11","125","character","Elsa","Concerned Sister","CLEAR THE WAY When you play this character, you pay 2 {I} less for the next location you play this turn.","The vine is worse than I thought. I'll have to take care of this myself.","src/cards/011/characters/125-elsa-concerned-sister.i18n.ts","translated"
"set11-126","4Qt","ci_4Qt","set11","126","character","Willie the Giant","Ghost of Christmas Present","Boost 3 {I}
THE FOOD OF GENEROSITY This character can't quest or challenge unless you put a card under him this turn.","","src/cards/011/characters/126-willie-the-giant-ghost-of-christmas-present.i18n.ts","translated"
"set11-127","9Vx","ci_9Vx","set11","127","action","Nani's Payback","","Each opponent loses lore equal to the damage on chosen character of yours, to a maximum of 4 lore each. Draw a card.","Older sister's wrath is even more dangerous than Hamsterviel. —Jumba Jookiba","src/cards/011/actions/127-nanis-payback.i18n.ts","translated"
"set11-128","f7h","ci_f7h","set11","128","action","Force of a Great Typhoon","","Chosen character gets +5 {S} this turn.","Once you find your center You are sure to win","src/cards/011/actions/128-force-of-a-great-typhoon.i18n.ts","translated"
"set11-129","P9W","ci_P9W","set11","129","action","Marching Off to Battle","","If a character was banished this turn, draw 2 cards.","","src/cards/011/actions/129-marching-off-to-battle.i18n.ts","translated"
"set11-130","bJE","ci_Vdn","set11","130","action","The Cold Never Bothered Me","","Look at the top 4 cards of your deck. You may reveal a location card and put it into your hand. Put the rest into your discard. You pay 3 {I} less for the next location you play this turn.","","src/cards/011/actions/130-the-cold-never-bothered-me.i18n.ts","translated"
"set11-131","EtL","ci_EtL","set11","131","action","Grab Your Bow","","Banish up to 2 chosen characters with 2 {S} or less.","","src/cards/011/actions/131-grab-your-bow.i18n.ts","translated"
"set11-132","zMB","ci_zMB","set11","132","item","Lonely Grave","","HAUNTING PRESENCE {E}, Banish chosen character of yours — Put the top card of your deck facedown under one of your characters or locations with Boost.","A frightening prospect for the richest man in town.","src/cards/011/items/132-lonely-grave.i18n.ts","translated"
"set11-133","NgK","ci_NgK","set11","133","item","Kristoff's Lute","","MOMENT OF INSPIRATION {E}, 2 {I} — Reveal the top card of your deck. You may play it as if it were in your hand. Otherwise, put it in your discard.","A little music and a campfire is the best way to keep warm in winter . . . well, mostly the campfire. —Kristoff","src/cards/011/items/133-kristoffs-lute.i18n.ts","translated"
"set11-134","Qwc","ci_Qwc","set11","134","location","Scrooge's Counting House","Ebenezer's Office","Boost 2 {I} (Once during your turn, you may pay 2 {I} to put the top card of your deck facedown under this location.)
Good Business This location gets +1 {W} and +1 {L} for each card under it.","","src/cards/011/locations/134-scrooges-counting-house-ebenezers-office.i18n.ts","translated"
"set11-135","gta","ci_gta","set11","135","location","Graveyard of Christmas Future","Lonely Resting Place","NEW ARRIVAL Whenever you move a character here, put the top card of your deck under this location facedown.
ANOTHER CHANCE At the start of your turn, you may put all cards from under this location into your hand. If you do, banish this location.","","src/cards/011/locations/135-graveyard-of-christmas-future-lonely-resting-place.i18n.ts","translated"
"set11-136","xnX","ci_xnX","set11","136","location","Beast's Castle","Winter Gardens","SNOWBALL STANDOFF Whenever a character here challenges another character, gain 1 lore.","While the flowers slept, something else began to bloom.","src/cards/011/locations/136-beasts-castle-winter-gardens.i18n.ts","translated"
"set11-137","0Bd","ci_0Bd","set11","137","character","Roo","Little Helper","HOPPING IN {E} — Put this character facedown under one of your characters or locations with Boost.","Look, Mama—the icy magic is going away! Aren't the flowers pretty?","src/cards/011/characters/137-roo-little-helper.i18n.ts","translated"
"set11-138","Nld","ci_Nld","set11","138","character","Kanga","Peaceful Gatherer","Boost 2 {I}
EXTRA HELP While there's a card under this character, she gets +1 {L}.","","src/cards/011/characters/138-kanga-peaceful-gatherer.i18n.ts","translated"
"set11-139","N08","ci_N08","set11","139","character","Piglet","Entranced by Snow","undefined","I've always thought, said Pooh, that sometimes the smallest things are the best.","src/cards/011/characters/139-piglet-entranced-by-snow.i18n.ts","translated"
"set11-140","mnX","ci_mnX","set11","140","character","Mickey Mouse","Tiny Tim's Father","undefined","Tiny Tim loves seeing the Christmas decorations at the Winter Festival. His father, Bob Cratchit, loves every chance to spend time with him.","src/cards/011/characters/140-mickey-mouse-tiny-tims-father.i18n.ts","translated"
"set11-141","4Kj","ci_4Kj","set11","141","character","Minnie Mouse","Tiny Tim's Mother","Support","She's always ready with a warm plate and a warm heart.","src/cards/011/characters/141-minnie-mouse-tiny-tims-mother.i18n.ts","translated"
"set11-142","KYV","ci_KYV","set11","142","character","Sina","Vigilant Parent","Alert (This character can challenge as if they had Evasive.)","Sometimes, people just need to know there’s someone watching over them.","src/cards/011/characters/142-sina-vigilant-parent.i18n.ts","translated"
"set11-143","3yH","ci_3yH","set11","143","character","Honker Muddlefoot","Timid Genius","BE CAREFUL! Your characters named Darkwing Duck gain Resist +1.","It’s clear you're the brains of this operation, Honker. —Darkwing Duck","src/cards/011/characters/143-honker-muddlefoot-timid-genius.i18n.ts","translated"
"set11-144","mVm","ci_mVm","set11","144","character","Daisy Duck","Isabel","undefined","You loved your gold more than that precious creature. And you lost her forever. —Ghost of Christmas Past, to Scrooge","src/cards/011/characters/144-daisy-duck-isabel.i18n.ts","translated"
"set11-145","oJV","ci_oJV","set11","145","character","Darkwing Duck","Drake Mallard","Ward","The noble visage of one of history's greatest detectives, carved by one of history's other greatest detectives: me.","src/cards/011/characters/145-darkwing-duck-drake-mallard.i18n.ts","translated"
"set11-146","tRd","ci_dGY","set11","146","character","Jiminy Cricket","Ghost of Christmas Past","Boost 2 {I}
LOOK INTO YOUR PAST Whenever you put a card under this character, you may put a card from your discard into your inkwell facedown and exerted.","","src/cards/011/characters/146-jiminy-cricket-ghost-of-christmas-past.i18n.ts","translated"
"set11-147","4rc","ci_4rc","set11","147","character","Piglet","Cocoa Maker","Shift 3 {I}
SPECIAL RECIPE At the end of your turn, remove up to 2 damage from each of your characters.","","src/cards/011/characters/147-piglet-cocoa-maker.i18n.ts","translated"
"set11-148","Dg6","ci_s7b","set11","148","character","Gramma Tala","Connected to Nature","ANCESTORS' GIFT For each card in your inkwell, you pay 1 {I} less to play this character.","Ice fishing? No, no—this is ice <feeding>!","src/cards/011/characters/148-gramma-tala-connected-to-nature.i18n.ts","translated"
"set11-149","wv3","ci_wv3","set11","149","character","Gosalyn Mallard","Curious Child","KEEN GEAR When you play this character, look at the top 4 cards of your deck. You may reveal an item card and put it into your hand. Put the rest on the bottom of your deck in any order.","","src/cards/011/characters/149-gosalyn-mallard-curious-child.i18n.ts","translated"
"set11-150","Zlv","ci_UY0","set11","150","character","Darkwing Duck","Dashing Gadgeteer","MODERN MARVEL Whenever this character quests, you may put an item card from your discard on the bottom of your deck. If you do, you may play an item with cost 5 or less from your discard for free.","I’ve got things in here that haven’t even been tested yet!","src/cards/011/characters/150-darkwing-duck-dashing-gadgeteer.i18n.ts","translated"
"set11-151","h5D","ci_mZ8","set11","151","character","Winnie the Pooh","Hungry Bear","LOOKING FOR A MORSEL When you play this character, you may return an item card from your discard to your hand.","Oh, bother! Empty again!","src/cards/011/characters/151-winnie-the-pooh-hungry-bear.i18n.ts","translated"
"set11-152","aNM","ci_aqI","set11","152","character","Scrooge McDuck","Reformed Ebenezer","Shift 4 {I}
SPREADING JOY When you play this character, you may put a card from the top of your deck facedown under each of your other characters. If you do, those characters gain Ward until the start of your next turn.","","src/cards/011/characters/152-scrooge-mcduck-reformed-ebenezer.i18n.ts","translated"
"set11-153","q39","ci_q39","set11","153","character","Splatter Phoenix","Rejected Artist","UNDERDOG If this is your first turn and you're not the first player, you pay 1 {I} less to play this character.
Ward","","src/cards/011/characters/153-splatter-phoenix-rejected-artist.i18n.ts","translated"
"set11-154","0RS","ci_0RS","set11","154","character","Pete","Ghost of Christmas Future","Boost 1 {I}
FOREBODING GLANCE Whenever this character quests, look at a number of cards from the top of your deck equal to the number of cards under him. Put one into your hand and put the rest on the bottom of your deck in any order.","","src/cards/011/characters/154-pete-ghost-of-christmas-future.i18n.ts","translated"
"set11-155","q6R","ci_sp0","set11","155","character","Moana","Curious Explorer","ANCESTRAL LEGACY You can ink cards from your discard.","I've never seen anything like this before! It's so dazzling, so beautiful. So . . . cold.","src/cards/011/characters/155-moana-curious-explorer.i18n.ts","translated"
"set11-156","Qp0","ci_zL3","set11","156","character","Tamatoa","Seeker of Shine","Boost 2 {I}
Ward
ANYTHING THAT GLITTERS Whenever you put a card under one of your characters or locations, this character gets +1 {L} this turn.","","src/cards/011/characters/156-tamatoa-seeker-of-shine.i18n.ts","translated"
"set11-157","KXg","ci_KXg","set11","157","character","Morty Fieldmouse","Tiny Tim","HOLIDAY SPIRIT Once during your turn, whenever you put a card under one of your other characters, put the top card of your deck facedown under this character.
HOLIDAY CHEER This character gets +1 {L} for each card under him.","","src/cards/011/characters/157-morty-fieldmouse-tiny-tim.i18n.ts","translated"
"set11-158","u0b","ci_byy","set11","158","character","Belle","Snowfield Strategist","WINTER STOCKPILE Whenever one of your characters is banished, you may put that card from your discard into your inkwell facedown and exerted.","What the Beast didn't know was that her father had taught her how to throw a perfect snowball.","src/cards/011/characters/158-belle-snowfield-strategist.i18n.ts","translated"
"set11-159","Dfc","ci_mnC","set11","159","character","Mickey Mouse","Bob Cratchit","HARD WORK Whenever this character quests, put the top card of your deck facedown under him.
A GIVING HEART When this character is banished in a challenge, you may put all cards that were under him under another chosen character or location of yours.","","src/cards/011/characters/159-mickey-mouse-bob-cratchit.i18n.ts","translated"
"set11-160","6pJ","ci_6pJ","set11","160","character","Scrooge McDuck","Miserly Ebenezer","BAH, HUMBUG During your turn, whenever a card is put into your inkwell, chosen character gets -1 {S} this turn.","You work all your life to get money, and people want you to give it away.","src/cards/011/characters/160-scrooge-mcduck-miserly-ebenezer.i18n.ts","translated"
"set11-161","qN1","ci_qN1","set11","161","character","Chief Tui","Weaving a Tale","AND THEN... Once during your turn, whenever a card is put into your inkwell, look at the top card of your deck. You may put it on either the top or the bottom of your deck.","And still a spark of hope burned in their hearts...","src/cards/011/characters/161-chief-tui-weaving-a-tale.i18n.ts","translated"
"set11-162","RW2","ci_RW2","set11","162","action","Visiting Christmas Past","","Put any number of cards from under your characters and locations into your inkwell facedown and exerted.","What’s wrong, Scrooge? I thought you enjoyed looking down on the world! —The Ghost of Christmas Past","src/cards/011/actions/162-visiting-christmas-past.i18n.ts","translated"
"set11-163","xdR","ci_xdR","set11","163","action","Let It Go","","Put chosen character into their player's inkwell facedown and exerted.","","src/cards/011/actions/163-let-it-go.i18n.ts","translated"
"set11-164","kRA","ci_ktc","set11","164","action","Distract","","Chosen character gets -2 {S} this turn. Draw a card.","Be off with you, spirits! Can’t a man enjoy his meal in peace?","src/cards/011/actions/164-distract.i18n.ts","translated"
"set11-165","5P4","ci_5P4","set11","165","action","Wipe Out!","","Put chosen character with Bodyguard or item into their player's inkwell facedown and exerted.","","src/cards/011/actions/165-wipe-out.i18n.ts","translated"
"set11-166","IFf","ci_IFf","set11","166","item","Blue Smoke","","THEATRICAL ENTRANCE If you have a character named Darkwing Duck in play, you pay 1 {I} less to play this item.
CLOUD OF MYSTERY {E}, 1 {I}, Banish this item — Chosen character gains Ward until the start of your next turn.","","src/cards/011/items/166-blue-smoke.i18n.ts","translated"
"set11-167","WxQ","ci_WxQ","set11","167","item","Tiny Tim's Crutch","","AT YOUR SIDE {E} — Chosen character gains Support this turn. (Whenever they quest, you may add their {S} to another chosen character's {S} this turn.)","We all need a little help from time to time. —Mrs. Cratchit","src/cards/011/items/167-tiny-tims-crutch.i18n.ts","translated"
"set11-168","TkX","ci_TkX","set11","168","item","Darkwing's Chair Set","","SECRET ENTRANCE When you play this item, you may put the top card of your deck into your inkwell facedown and exerted.
SUDDEN SPIN {E}, Banish this item — Remove up to 2 damage from chosen character. If a character named Darkwing Duck is chosen, remove up to 4 damage instead.","","src/cards/011/items/168-darkwings-chair-set.i18n.ts","translated"
"set11-169","15l","ci_15l","set11","169","item","Darkwing's Gas Device","","BLINDING CLOUD {E}, 1 {I} — Chosen character gets -1 {S} this turn. If you have a character named Darkwing Duck in play, chosen character gets -2 {S} this turn instead.","","src/cards/011/items/169-darkwings-gas-device.i18n.ts","translated"
"set11-170","aeY","ci_aeY","set11","170","item","Hidden Trap","","ALMOST READY This item enters play exerted.
SNAP! {E}, Banish this item — Choose one:
* Banish chosen item.
* Chosen opposing character gets -2 {S} this turn.","","src/cards/011/items/170-hidden-trap.i18n.ts","translated"
"set11-171","wmQ","ci_rPJ","set11","171","character","Rapunzel","Ethereal Protector","Boost 2 {I}
CLONK! Whenever this character quests, if there's a card under her, chosen opposing character can't challenge until the start of your next turn.","","src/cards/011/characters/171-rapunzel-ethereal-protector.i18n.ts","translated"
"set11-172","wIl","ci_wIl","set11","172","character","Launchpad","Hideout Defender","STAND GUARD Your locations gain Resist +1.","No one’ll crash the gate while I’m here. And I know about crashing!","src/cards/011/characters/172-launchpad-hideout-defender.i18n.ts","translated"
"set11-173","zSE","ci_zSE","set11","173","character","Prince Naveen","Bundled Up","undefined","Achidanza! I've never been this cold in my life. It's so... invigorating!","src/cards/011/characters/173-prince-naveen-bundled-up.i18n.ts","translated"
"set11-174","HIg","ci_HIg","set11","174","character","Darkwing Duck","Crime Fighter","undefined","I am the terror that flaps in the night! I am the chill that runs up your spine! I am Darkwing Duck.","src/cards/011/characters/174-darkwing-duck-crime-fighter.i18n.ts","translated"
"set11-175","e25","ci_e25","set11","175","character","Li Shang","Solemn Son","Challenger +2","My father was strict and stern, but he made me who I am.","src/cards/011/characters/175-li-shang-solemn-son.i18n.ts","translated"
"set11-176","qvC","ci_qvC","set11","176","character","Gantu","Hamsterviel's Accomplice","EASY TARGET When you play this character, choose and discard a card.","I’d better be getting paid for this.","src/cards/011/characters/176-gantu-hamsterviels-accomplice.i18n.ts","translated"
"set11-177","RLN","ci_RLN","set11","177","character","Launchpad","Trusty Sidekick","WHAT DID YOU NEED? {E} — Draw a card. Then, choose and discard a card unless you have a character named Darkwing Duck in play.","Excuse my sidekick. His brain seems to be having an out-of-body experience. —Darkwing Duck","src/cards/011/characters/177-launchpad-trusty-sidekick.i18n.ts","translated"
"set11-178","I70","ci_4PF","set11","178","character","Donald Duck","Along for the Ride","COMIN' THROUGH! When you play this character, you may banish chosen item.","Where are the brakes on this doggone thing?!","src/cards/011/characters/178-donald-duck-along-for-the-ride.i18n.ts","translated"
"set11-179","pkL","ci_pkL","set11","179","character","Chief","Seasoned Tracker","GOOD RIDDANCE {E} — If an opposing character was banished in a challenge this turn, draw a card.","Sonny, you've got a lot of learnin’ to do about a-sniffin’ and a-smellin’.","src/cards/011/characters/179-chief-seasoned-tracker.i18n.ts","translated"
"set11-180","1j8","ci_1j8","set11","180","character","Amos Slade","Tenacious Tracker","Alert (This character can challenge as if they had Evasive.)","I heard two of them foxes skitterin’ about. Shouldn't be long now . . .","src/cards/011/characters/180-amos-slade-tenacious-tracker.i18n.ts","translated"
"set11-181","8pd","ci_8pd","set11","181","character","McHorn","Ice-Cold Officer","Bodyguard","If this storm keeps up, <every> neighborhood will be like Tundratown.","src/cards/011/characters/181-mchorn-ice-cold-officer.i18n.ts","translated"
"set11-182","aK6","ci_aK6","set11","182","character","Duke Weaselton","Surly Crook","APPREHENDED When this character is banished, you may play a character with cost 2 or less for free.","What'd you go and do that for?","src/cards/011/characters/182-duke-weaselton-surly-crook.i18n.ts","translated"
"set11-183","qoa","ci_qoa","set11","183","character","Li Shang","Valiant Leader","Shift 4 {I}","The best way I can honor my father's memory is to finish his fight.","src/cards/011/characters/183-li-shang-valiant-leader.i18n.ts","translated"
"set11-184","wNB","ci_wNB","set11","184","character","Nani","No Worries","TAKE IT EASY While this character has no damage, she gets +1 {L}.","For a warming winter tea, add the following Lorcana spices to your cup: frosted peppercorns, silver cardamom, wishing star anise. —Hana’s Herborium","src/cards/011/characters/184-nani-no-worries.i18n.ts","translated"
"set11-185","BEc","ci_u0n","set11","185","character","Stitch","High Badness Level","AMPED UP While you have a character named Lilo in play, this character gains Challenger +3. (They get +3 {S} while challenging.)","No more caffeine for you. —Lilo","src/cards/011/characters/185-stitch-high-badness-level.i18n.ts","translated"
"set11-186","U34","ci_U34","set11","186","character","Dr. Hamsterviel","Infamous Scientist","CONTROLLED VARIABLES For each Alien character card in your discard, you pay 1 {I} less to play this character.
AWESTRUCK When you play this character, chosen opposing character can't challenge during their next turn.","","src/cards/011/characters/186-dr-hamsterviel-infamous-scientist.i18n.ts","translated"
"set11-187","BIL","ci_BIL","set11","187","character","Angela","Night Warrior","SHADOW POWER When you play this character, you may give chosen character Challenger +2 and Resist +2 until the start of your next turn. (They get +2 {S} while challenging. Damage dealt to them is reduced by 2.)
ETERNAL NIGHT Your Gargoyle characters lose the Stone by Day ability.","","src/cards/011/characters/187-angela-night-warrior.i18n.ts","translated"
"set11-188","8XU","ci_8XU","set11","188","character","Darkwing Duck","Darkwarrior","Challenger +2
INSTA-ARMOR During your turn, whenever an item is banished, this character gains Resist +1 until the start of your next turn.","","src/cards/011/characters/188-darkwing-duck-darkwarrior.i18n.ts","translated"
"set11-189","keA","ci_keA","set11","189","character","Gigi","Best in Snow","Alert (This character can challenge as if they had Evasive.)
SO PRETTY While this character has no damage, she gets +2 {S}.","","src/cards/011/characters/189-gigi-best-in-snow.i18n.ts","translated"
"set11-190","x6z","ci_x6z","set11","190","character","Grand Councilwoman","Galactic Authority","undefined","Mr. Pleakley?! Are <you> responsible for this snowball? You are a member of the Galactic Council—have some self-respect!","src/cards/011/characters/190-grand-councilwoman-galactic-authority.i18n.ts","translated"
"set11-191","oBs","ci_oxv","set11","191","character","Angel","Experiment 624","UNTOUCHABLE While you have no cards in your hand, this character gains Resist +2.
GOOD AIM Once during your turn, you may choose and discard a card to deal 2 damage to chosen character.","","src/cards/011/characters/191-angel-experiment-624.i18n.ts","translated"
"set11-192","aEk","ci_EU8","set11","192","character","Darkwing Duck","Cool Under Pressure","Shift 5 {I}
TAKE THAT! During your turn, whenever an item is banished, you may pay 1 {I} to deal 2 damage to chosen character.
EVILDOERS BEWARE! This character can challenge ready Villain characters.","","src/cards/011/characters/192-darkwing-duck-cool-under-pressure.i18n.ts","translated"
"set11-193","h1O","ci_h1O","set11","193","character","John Smith","Undaunted Protector","Bodyguard
DO YOUR WORST Opponents must choose this character for actions and abilities if able.","","src/cards/011/characters/193-john-smith-undaunted-protector.i18n.ts","translated"
"set11-194","gqN","ci_7Tl","set11","194","character","Judy Hopps","Snowball Patrol","UNDERDOG If this is your first turn and you're not the first player, you pay 1 {I} less to play this character.
Resist +1","","src/cards/011/characters/194-judy-hopps-snowball-patrol.i18n.ts","translated"
"set11-195","Vf6","ci_Vf6","set11","195","character","Lilo","Bundled Up","EXTRA LAYERS During each opponent's turn, the first time this character would take damage, she takes no damage instead.","My big dumb sister said I had to wear warm clothes, so I took ALL of them.","src/cards/011/characters/195-lilo-bundled-up.i18n.ts","translated"
"set11-196","Fn8","ci_Fn8","set11","196","action","Keep the Ancient Ways","","Opponents can't play actions or items until the start of your next turn.","","src/cards/011/actions/196-keep-the-ancient-ways.i18n.ts","translated"
"set11-197","Jrb","ci_Jrb","set11","197","action","The Terror That Flaps in the Night","","Deal 2 damage to chosen opposing character. If you have a character named Darkwing Duck in play, deal 3 damage instead.","The first rule of superheroing is always utilize the element of surprise. —Darkwing Duck","src/cards/011/actions/197-the-terror-that-flaps-in-the-night.i18n.ts","translated"
"set11-198","uJN","ci_iht","set11","198","action","Let's Get Dangerous","","Each player shuffles their deck and then reveals the top card. Each player who reveals a character card may play that character for free. Otherwise, put the revealed cards on the bottom of their player's deck.","","src/cards/011/actions/198-lets-get-dangerous.i18n.ts","translated"
"set11-199","5Yu","ci_5Yu","set11","199","action","Winterspell","","Chosen location of yours can't be challenged until the start of your next turn. Draw a card.","Well, that backfired. Anyone know how to thaw an Illuminary? —Shanzay, an Illumineer","src/cards/011/actions/199-winterspell.i18n.ts","translated"
"set11-200","xnF","ci_xnF","set11","200","action","Nearly Indestructible","","Chosen character of yours gains Resist +2 until the start of your next turn.","I designed this creature for to be unstoppable. —Jumba Jookiba","src/cards/011/actions/200-nearly-indestructible.i18n.ts","translated"
"set11-201","nZg","ci_nZg","set11","201","item","Infra-Pink Ultra Scan Specs","","DETECTING EVIDENCE When you play this item, draw a card, then choose and discard a card.
FOLLOW THE CLUES Banish this item — Chosen character gains Alert this turn. (They can challenge as if they had Evasive.)","","src/cards/011/items/201-infra-pink-ultra-scan-specs.i18n.ts","translated"
"set11-202","JXM","ci_JXM","set11","202","item","The Thunderquack","","VIGILANTE JUSTICE All opposing characters gain the Villain classification.
LAY OF THE LAND {E} — If a character was banished in a challenge this turn, gain 1 lore.","","src/cards/011/items/202-the-thunderquack.i18n.ts","translated"
"set11-203","uei","ci_uei","set11","203","item","Containment Unit","","GOT YOU NOW When you play this item, choose a character. They can't challenge or quest while this item is in play.
POWER SUPPLY At the start of your turn, choose and discard a card or banish this item.","","src/cards/011/items/203-containment-unit.i18n.ts","translated"
"set11-204","Rs3","ci_Rs3","set11","204","location","Darkwing Tower","Icy Headquarters","EVIL VANQUISHED During your turn, whenever an opposing Villain character is banished, you may ready a character here. If you do, they can't quest for the rest of this turn.","","src/cards/011/locations/204-darkwing-tower-icy-headquarters.i18n.ts","translated"
"set11-205-epic","Cpc","ci_FOF","set11","205","character","Tiana","Warm and Happy","Support","This cocoa will warm you up like a hug from your mama.","src/cards/011/characters/205-tiana-warm-and-happy-epic.i18n.ts","translated"
"set11-206-epic","qyV","ci_Qej","set11","206","character","Grandmother Willow","Ancient Advisor","SMOOTH THE WAY Once during your turn, you pay 1 {I} less for the next character you play this turn.","I haven't had this much excitement in 200 years.","src/cards/011/characters/206-grandmother-willow-ancient-advisor-epic.i18n.ts","translated"
"set11-207-epic","W7n","ci_vWQ","set11","207","character","Stitch","Carefree Snowboarder","BRING YOUR FRIENDS Whenever this character quests, if you have 2 or more other characters in play, you may draw a card.","First one down the mountain gets all the marshmallows for their cocoa! —Lilo","src/cards/011/characters/207-stitch-carefree-snowboarder-epic.i18n.ts","translated"
"set11-208-epic","ibs","ci_F3L","set11","208","character","Tigger","Bouncing All the Way","SPLENDERIFFIC BOUNCE When you play this character, you may return chosen character, item, or location with cost 2 or less to their player's hand.","What do you mean, can Tiggers bounce in the snow? Just watch!","src/cards/011/characters/208-tigger-bouncing-all-the-way-epic.i18n.ts","translated"
"set11-209-epic","f7C","ci_3CK","set11","209","character","Anna","Little Sister","UNEXPECTED DISCOVERY When you play this character, you may put a card from chosen player's discard on the bottom of their deck.","Even in the deep forest, Anna could see the vine poking above the treetops.","src/cards/011/characters/209-anna-little-sister-epic.i18n.ts","translated"
"set11-210-epic","Erd","ci_PvV","set11","210","character","Genie","Magical Researcher","Boost 1 {I} INCREASING WISDOM This character gets +1 {L} for each card under him.","","src/cards/011/characters/210-genie-magical-researcher-epic.i18n.ts","translated"
"set11-211-epic","i8r","ci_ioY","set11","211","character","Aladdin","On the Edge of Adventure","QUICK ON HIS FEET Whenever you play an action, this character gains Evasive until the start of your next turn.","","src/cards/011/characters/211-aladdin-on-the-edge-of-adventure-epic.i18n.ts","translated"
"set11-212-epic","B8x","ci_m8p","set11","212","character","Mushu","Sneaky Dragon","SNOWY SURPRISE When you play this character, deal 2 damage to chosen character.","You want a snowball? I'll <give> you a snowball. I'll give you the biggest snowball you've ever seen!","src/cards/011/characters/212-mushu-sneaky-dragon-epic.i18n.ts","translated"
"set11-213-epic","3ri","ci_mKu","set11","213","character","Minnie Mouse","Mrs. Cratchit","Ward
A MOTHER'S LOVE When you play this character, you may put the top card of your deck facedown under one of your characters or locations with Boost. If you do, draw a card.","","src/cards/011/characters/213-minnie-mouse-mrs-cratchit-epic.i18n.ts","translated"
"set11-214-epic","MI7","ci_hMF","set11","214","character","Hercules","Spectral Demigod","Boost 2 {I}
SUPERHUMAN STRENGTH While there's a card under this character, he gets +3 {S}.","","src/cards/011/characters/214-hercules-spectral-demigod-epic.i18n.ts","translated"
"set11-215-epic","JuC","ci_YF2","set11","215","character","Elsa","Concerned Sister","CLEAR THE WAY When you play this character, you pay 2 {I} less for the next location you play this turn.","The vine is worse than I thought. I'll have to take care of this myself.","src/cards/011/characters/215-elsa-concerned-sister-epic.i18n.ts","translated"
"set11-216-epic","0G5","ci_sej","set11","216","character","Goofy","Klutzy Skier","YAAAAAAA-HOO-HOO-HOO-HOOEY {E}, Banish this character — Banish chosen character.","Skiing really is quite simple, once you get the hang of it. —Narrator","src/cards/011/characters/216-goofy-klutzy-skier-epic.i18n.ts","translated"
"set11-217-epic","Sil","ci_mZ8","set11","217","character","Winnie the Pooh","Hungry Bear","LOOKING FOR A MORSEL When you play this character, you may return an item card from your discard to your hand.","Oh, bother! Empty again!","src/cards/011/characters/217-winnie-the-pooh-hungry-bear-epic.i18n.ts","translated"
"set11-218-epic","jSk","ci_dGY","set11","218","character","Jiminy Cricket","Ghost of Christmas Past","Boost 2 {I}
LOOK INTO YOUR PAST Whenever you put a card under this character, you may put a card from your discard into your inkwell facedown and exerted.","","src/cards/011/characters/218-jiminy-cricket-ghost-of-christmas-past-epic.i18n.ts","translated"
"set11-219-epic","J9S","ci_mnC","set11","219","character","Mickey Mouse","Bob Cratchit","HARD WORK Whenever this character quests, put the top card of your deck facedown under him.
A GIVING HEART When this character is banished in a challenge, you may put all cards that were under him under another chosen character or location of yours.","","src/cards/011/characters/219-mickey-mouse-bob-cratchit-epic.i18n.ts","translated"
"set11-220-epic","V8a","ci_4PF","set11","220","character","Donald Duck","Along for the Ride","COMIN' THROUGH! When you play this character, you may banish chosen item.","Where are the brakes on this doggone thing?!","src/cards/011/characters/220-donald-duck-along-for-the-ride-epic.i18n.ts","translated"
"set11-221-epic","DUu","ci_7Tl","set11","221","character","Judy Hopps","Snowball Patrol","UNDERDOG If this is your first turn and you're not the first player, you pay 1 {I} less to play this character.
Resist +1","","src/cards/011/characters/221-judy-hopps-snowball-patrol-epic.i18n.ts","translated"
"set11-222-epic","Euy","ci_rPJ","set11","222","character","Rapunzel","Ethereal Protector","Boost 2 {I}
CLONK! Whenever this character quests, if there's a card under her, chosen opposing character can't challenge until the start of your next turn.","","src/cards/011/characters/222-rapunzel-ethereal-protector-epic.i18n.ts","translated"
"set11-223-enchanted","rmm","ci_2am","set11","223","character","Lilo","Rock Star","Shift 4 {I}
I'LL COUNT YOU IN Whenever this character quests, you may play a character with cost 2 or less from your discard for free.","","src/cards/011/characters/223-lilo-rock-star-enchanted.i18n.ts","translated"
"set11-224-enchanted","3uR","ci_iVN","set11","224","action","Ohana Means Family","","Remove all damage from chosen character of yours. Draw a card for each 1 damage removed this way.","","src/cards/011/actions/224-ohana-means-family-enchanted.i18n.ts","translated"
"set11-225-enchanted","aR5","ci_QH5","set11","225","action","Raging Storm","","Banish all characters.","","src/cards/011/actions/225-raging-storm-enchanted.i18n.ts","translated"
"set11-226-enchanted","wXy","ci_e9D","set11","226","character","Eeyore","In the Way","THANKS FOR NOTICIN' ME For each exerted character in play, you pay 1 {I} less to play this character.
SORRY ABOUT THAT When you play this character, for each opposing player, you may choose a character of theirs. They can't ready at the start of their next turn.","","src/cards/011/characters/226-eeyore-in-the-way-enchanted.i18n.ts","translated"
"set11-227-enchanted","xpL","ci_SGl","set11","227","character","Anna","Soothing Sister","UNUSUAL TRANSFORMATION If a card left a player's discard this turn, this card gains Shift 0 {I}. WARM HEART Whenever this character quests, you may gain lore equal to the {L} of a character card in your discard. If you do, put that card on the bottom of your deck.","","src/cards/011/characters/227-anna-soothing-sister-enchanted.i18n.ts","translated"
"set11-228-enchanted","wWW","ci_Wdy","set11","228","action","Colors of the Wind","","Each player reveals the top card of their deck. Draw a card for each different ink type of cards revealed this way.","","src/cards/011/actions/228-colors-of-the-wind-enchanted.i18n.ts","translated"
"set11-229-enchanted","Qzh","ci_qCB","set11","229","character","Mulan","Resourceful Recruit","RIGOROUS TRAINING Whenever this character quests, gain lore equal to her {S}, to a maximum of 6 lore.","","src/cards/011/characters/229-mulan-resourceful-recruit-enchanted.i18n.ts","translated"
"set11-230-enchanted","xLN","ci_0ez","set11","230","character","Tod","Knows All the Tricks","Shift 5 {I}
Evasive
IMPRESSIVE LEAPS Twice during your turn, whenever this character is chosen for an action or an item's ability, you may ready him.","","src/cards/011/characters/230-tod-knows-all-the-tricks-enchanted.i18n.ts","translated"
"set11-231-enchanted","ubB","ci_LB6","set11","231","action","Freeze the Vine","","Banish all locations. Draw 2 cards, then choose and discard a card.","","src/cards/011/actions/231-freeze-the-vine-enchanted.i18n.ts","translated"
"set11-232-enchanted","hlA","ci_bMZ","set11","232","character","Negaduck","Public Enemy Number One","Shift 3 {I}
STICKY FINGERS Whenever this character challenges another character, each opponent loses 1 lore and you gain 1 lore.","","src/cards/011/characters/232-negaduck-public-enemy-number-one-enchanted.i18n.ts","translated"
"set11-233-enchanted","H2q","ci_8cv","set11","233","character","Elsa","Ice Artisan","Shift 4 {I}
ENDLESS WINTER When you play this character and whenever you play a location, you may exert chosen character with 3 {S} or less.
DISTANT CALL While this character is at a location, she gets +3 {L}.","","src/cards/011/characters/233-elsa-ice-artisan-enchanted.i18n.ts","translated"
"set11-234-enchanted","cVQ","ci_Vdn","set11","234","action","The Cold Never Bothered Me","","Look at the top 4 cards of your deck. You may reveal a location card and put it into your hand. Put the rest into your discard. You pay 3 {I} less for the next location you play this turn.","","src/cards/011/actions/234-the-cold-never-bothered-me-enchanted.i18n.ts","translated"
"set11-235-enchanted","ieF","ci_aqI","set11","235","character","Scrooge McDuck","Reformed Ebenezer","Shift 4 {I}
SPREADING JOY When you play this character, you may put a card from the top of your deck facedown under each of your other characters. If you do, those characters gain Ward until the start of your next turn.","","src/cards/011/characters/235-scrooge-mcduck-reformed-ebenezer-enchanted.i18n.ts","translated"
"set11-236-enchanted","Yo3","ci_byy","set11","236","character","Belle","Snowfield Strategist","WINTER STOCKPILE Whenever one of your characters is banished, you may put that card from your discard into your inkwell facedown and exerted.","","src/cards/011/characters/236-belle-snowfield-strategist-enchanted.i18n.ts","translated"
"set11-237-enchanted","fxQ","ci_zL3","set11","237","character","Tamatoa","Seeker of Shine","Boost 2 {I}
Ward
ANYTHING THAT GLITTERS Whenever you put a card under one of your characters or locations, this character gets +1 {L} this turn.","","src/cards/011/characters/237-tamatoa-seeker-of-shine-enchanted.i18n.ts","translated"
"set11-238-enchanted","tmy","ci_oxv","set11","238","character","Angel","Experiment 624","UNTOUCHABLE While you have no cards in your hand, this character gains Resist +2.
GOOD AIM Once during your turn, you may choose and discard a card to deal 2 damage to chosen character.","","src/cards/011/characters/238-angel-experiment-624-enchanted.i18n.ts","translated"
"set11-239-enchanted","riP","ci_EU8","set11","239","character","Darkwing Duck","Cool Under Pressure","Shift 5 {I}
TAKE THAT! During your turn, whenever an item is banished, you may pay 1 {I} to deal 2 damage to chosen character.
EVILDOERS BEWARE! This character can challenge ready Villain characters.","","src/cards/011/characters/239-darkwing-duck-cool-under-pressure-enchanted.i18n.ts","translated"
"set11-240-enchanted","6Id","ci_iht","set11","240","action","Let's Get Dangerous","","Each player shuffles their deck and then reveals the top card. Each player who reveals a character card may play that character for free. Otherwise, put the revealed cards on the bottom of their player's deck.","","src/cards/011/actions/240-lets-get-dangerous-enchanted.i18n.ts","translated"
"set11-241-iconic","dB0","ci_4DB","set11","241","character","Pocahontas","Peacekeeper","Shift 3 {I}
CALMING WORDS When you play this character, if you used Shift to play her and none of your characters challenged this turn, characters can't challenge until the start of your next turn.","","src/cards/011/characters/241-pocahontas-peacekeeper-iconic.i18n.ts","translated"
"set11-242-iconic","Xjj","ci_sp0","set11","242","character","Moana","Curious Explorer","ANCESTRAL LEGACY You can ink cards from your discard.","","src/cards/011/characters/242-moana-curious-explorer-iconic.i18n.ts","translated"
"set11-p3-028-challenge","EIB","ci_s7b","set11-p3","28","character","Gramma Tala","Connected to Nature","ANCESTORS' GIFT For each card in your inkwell, you pay 1 {I} less to play this character.","","src/cards/011/characters/p3-028-gramma-tala-connected-to-nature-challenge.i18n.ts","translated"
"set11-p3-029-challenge","WOp","ci_qw7","set11-p3","29","character","White Rabbit","Late Again","UNDERDOG If this is your first turn and you're not the first player, you pay 1 {I} less to play this character.
Evasive","","src/cards/011/characters/p3-029-white-rabbit-late-again-challenge.i18n.ts","translated"
"set11-p3-030-challenge","Bdg","ci_KtZ","set11-p3","30","character","Elisa Maza","Transformed Gargoyle","FOREVER STRONG Your characters' {S} can't be reduced below their printed value.
STONE BY DAY If you have 3 or more cards in your hand, this character can't ready.","","src/cards/011/characters/p3-030-elisa-maza-transformed-gargoyle-challenge.i18n.ts","translated"
"set11-p3-031-promo","qT3","ci_dg5","set11-p3","31","character","Beast","Snowfield Troublemaker","Rush
DYNAMIC MANEUVER Whenever this character challenges, if he's at a location, he takes no damage from the challenge.","","src/cards/011/characters/p3-031-beast-snowfield-troublemaker-promo.i18n.ts","translated"
"set11-p3-032-challenge","yDQ","ci_jn6","set11-p3","32","character","Timon","Snowball Swiper","GET RID OF THAT When you play this character, chosen opponent reveals their hand and discards a non-character card of your choice.","","src/cards/011/characters/p3-032-timon-snowball-swiper-challenge.i18n.ts","translated"
"set11-p3-033-challenge","B1p","ci_GMw","set11-p3","33","character","Tinker Bell","Snowflake Collector","FLURRY OF DELIGHT While you have 4 or more cards in your hand, this character gains Evasive.
SPECTACULAR FIND While you have 7 or more cards in your hand, this character gets +3 {L}.","","src/cards/011/characters/p3-033-tinker-bell-snowflake-collector-challenge.i18n.ts","translated"
"set11-p3-034-challenge","Z5e","ci_GMw","set11-p3","34","character","Tinker Bell","Snowflake Collector","FLURRY OF DELIGHT While you have 4 or more cards in your hand, this character gains Evasive.
SPECTACULAR FIND While you have 7 or more cards in your hand, this character gets +3 {L}.","","src/cards/011/characters/p3-034-tinker-bell-snowflake-collector-challenge.i18n.ts","translated"
"set11-p3-035-promo","563","ci_u0n","set11-p3","35","character","Stitch","High Badness Level","AMPED UP While you have a character named Lilo in play, this character gains Challenger +3. (They get +3 {S} while challenging.)","","src/cards/011/characters/p3-035-stitch-high-badness-level-promo.i18n.ts","translated"
"set11-p3-042-promo","01A","ci_vWQ","set11-p3","42","character","Stitch","Carefree Snowboarder","BRING YOUR FRIENDS Whenever this character quests, if you have 2 or more other characters in play, you may draw a card.","","src/cards/011/characters/p3-042-stitch-carefree-snowboarder-promo.i18n.ts","translated"
"set11-pd1-001-promo","Moh","ci_dg5","set11-pd1","1","character","Beast","Snowfield Troublemaker","Rush
DYNAMIC MANEUVER Whenever this character challenges, if he's at a location, he takes no damage from the challenge.","","src/cards/011/characters/pd1-001-beast-snowfield-troublemaker-promo.i18n.ts","translated"
"set11-pd1-002-promo","u0F","ci_rPJ","set11-pd1","2","character","Rapunzel","Ethereal Protector","Boost 2 {I}
CLONK! Whenever this character quests, if there's a card under her, chosen opposing character can't challenge until the start of your next turn.","","src/cards/011/characters/pd1-002-rapunzel-ethereal-protector-promo.i18n.ts","translated"
"set12-001","oEU","ci_oEU","set12","1","character","Gosalyn Mallard","The Quiverwing Quack","HEROIC INTERVENTION When you play this character, you may ready chosen character with cost 2 or less. If you do, they can't quest or challenge for the rest of this turn.","","src/cards/012/characters/001-gosalyn-mallard-the-quiverwing-quack.i18n.ts","translated"
"set12-002","KWV","ci_KWV","set12","2","character","Monterey Jack","Watchful Ranger","BIRD'S-EYE VIEW When you play this character, you may reveal the top card of your deck. If it's a character card, you may put it into your hand. Otherwise, put it on the bottom of your deck.","","src/cards/012/characters/002-monterey-jack-watchful-ranger.i18n.ts","translated"
"set12-003","RHn","ci_Zfj","set12","3","character","Woody","Waiting for a Friend","undefined","","src/cards/012/characters/003-woody-waiting-for-a-friend.i18n.ts","translated"
"set12-004","CQL","ci_CQL","set12","4","character","Dale","Excited Friend","LOOK WHAT I FOUND While you have a character named Chip in play, this character gets +1 {L}.","","src/cards/012/characters/004-dale-excited-friend.i18n.ts","translated"
"set12-005","XlE","ci_XlE","set12","5","character","Pedro Madrigal","Family Patriarch","DIFFICULT JOURNEY This character enters play with 1 damage.
DEVOTED FAMILY When you play this character, if you have another Madrigal character in play, you may remove up to 1 damage from him.","","src/cards/012/characters/005-pedro-madrigal-family-patriarch.i18n.ts","translated"
"set12-006","xWz","ci_xWz","set12","6","character","Agustin Madrigal","Exceptionally Kind","Support","","src/cards/012/characters/006-agustin-madrigal-exceptionally-kind.i18n.ts","translated"
"set12-007","BxQ","ci_BxQ","set12","7","character","Alan-a-Dale","Loyal Bard","Singer 4","","src/cards/012/characters/007-alan-a-dale-loyal-bard.i18n.ts","translated"
"set12-008","f2i","ci_f2i","set12","8","character","Prince Eric","Noble Swordsman","undefined","","src/cards/012/characters/008-prince-eric-noble-swordsman.i18n.ts","translated"
"set12-009","t3K","ci_t3K","set12","9","character","Dolores Madrigal","Hears Everything","NO SECRETS When you play this character, look at chosen opponent's hand.","","src/cards/012/characters/009-dolores-madrigal-hears-everything.i18n.ts","translated"
"set12-010","5Wd","ci_G6y","set12","10","character","Rex","Protective Dinosaur","Bodyguard
RUN AWAY! During an opponent's turn, when this character is banished, gain 1 lore.","","src/cards/012/characters/010-rex-protective-dinosaur.i18n.ts","translated"
"set12-011","shb","ci_shb","set12","11","character","Hamm","Piggy Bank","LOOSE CHANGE {E} — You pay 1 {I} less for the next character you play this turn.","","src/cards/012/characters/011-hamm-piggy-bank.i18n.ts","translated"
"set12-012","rZB","ci_rZB","set12","12","character","Monterey Jack","Hypnotized by Cheese","BREAK THE TRANCE This character can't quest unless you have a character with 4 {W} or more in play.","","src/cards/012/characters/012-monterey-jack-hypnotized-by-cheese.i18n.ts","translated"
"set12-013","Jcm","ci_Jcm","set12","13","character","Bo Peep","Caring Shepherd","SOMEBODY DO SOMETHING! Your characters named Woody gain Bodyguard. (An opposing character who challenges one of your characters must choose one with Bodyguard if able.)","","src/cards/012/characters/013-bo-peep-caring-shepherd.i18n.ts","translated"
"set12-014","Eav","ci_Eav","set12","14","character","Chip","Retrieval Expert","THERE YOU ARE! When you play this character, you may return a character card with 4 {W} or more from your discard to your hand.
FRIENDLY ASSIST Your characters named Dale get +1 {W}.","","src/cards/012/characters/014-chip-retrieval-expert.i18n.ts","translated"
"set12-015","h1q","ci_1z1","set12","15","character","Woody","Jungle Guide","Shift 3 {I}
LET'S GET MOVIN' Whenever this character quests, draw a card. Then, you may play a character with cost 2 or less for free.
EVERYONE GATHER 'ROUND Your other Toy characters get +1 {W}.","","src/cards/012/characters/015-woody-jungle-guide.i18n.ts","translated"
"set12-016","5Rp","ci_jrh","set12","16","character","Isabela Madrigal","Such a Lovely Voice","Singer 5
NEW MOTIF When you play this character, if you removed 1 or more damage from one of your characters this turn, gain 1 lore.","","src/cards/012/characters/016-isabela-madrigal-such-a-lovely-voice.i18n.ts","translated"
"set12-017","1zQ","ci_1zQ","set12","17","character","Bullseye","Loyal Horse","LET'S RIDE If you have a character named Woody or Jessie in play, you pay 1 {I} less to play this character.","","src/cards/012/characters/017-bullseye-loyal-horse.i18n.ts","translated"
"set12-018","W4V","ci_BW6","set12","18","character","Ariel","Curious Traveler","FAMILIAR GROUND Whenever this character quests, if you played another character this turn, chosen opposing character can't challenge and must quest during their next turn if able.","","src/cards/012/characters/018-ariel-curious-traveler.i18n.ts","translated"
"set12-019","E5L","ci_MoR","set12","19","character","Isabela Madrigal","Caring Cultivator","Shift 4 {I}
DO NO WRONG Whenever you remove damage from one of your characters, gain 1 lore for each 1 damage removed.","","src/cards/012/characters/019-isabela-madrigal-caring-cultivator.i18n.ts","translated"
"set12-020","7b7","ci_K5K","set12","20","character","Jessie","Lively Cowgirl","PART OF A FAMILY Whenever this character quests, if you have 2 or more other Toy characters in play, you may draw a card.
YODEL-AY-HEE-HOO! Whenever you pay 2 {I} or less to play a card, chosen opposing character gets -1 {S} until the start of your next turn.","","src/cards/012/characters/020-jessie-lively-cowgirl.i18n.ts","translated"
"set12-021","sCi","ci_sCi","set12","21","character","Woody","Leader of the Toys","LET'S GO HOME When you play this character, look at the top 4 cards of your deck. You may reveal a Toy character card or a location card named Andy's Room and put it into your hand. Put the rest on the bottom of your deck in any order.","","src/cards/012/characters/021-woody-leader-of-the-toys.i18n.ts","translated"
"set12-022","vS7","ci_vS7","set12","22","character","Dale","Ready for His Shot","SPIKE SUIT During challenges, your characters deal damage with their {W} instead of their {S}.","","src/cards/012/characters/022-dale-ready-for-his-shot.i18n.ts","translated"
"set12-023","jgX","ci_jgX","set12","23","character","The Prince","Searching for His Love","undefined","","src/cards/012/characters/023-the-prince-searching-for-his-love.i18n.ts","translated"
"set12-024","ysZ","ci_ysZ","set12","24","character","Julieta Madrigal","Caring Baker","RESTORING RECIPE When you play this character and whenever she quests, you may remove up to 1 damage from chosen character or location.","","src/cards/012/characters/024-julieta-madrigal-caring-baker.i18n.ts","translated"
"set12-025","Tm0","ci_Tm0","set12","25","character","Pluto","Vigilant Traveler","BEWARE OF DOG Whenever this character quests, if you played another character this turn, chosen opposing character gets -1 {S} until the start of your next turn.","","src/cards/012/characters/025-pluto-vigilant-traveler.i18n.ts","translated"
"set12-026","APc","ci_APc","set12","26","character","Mickey Mouse","Expedition Leader","LONG JOURNEY This character may enter play exerted.
SECRET PATH While this character is exerted, whenever one of your other characters quests, chosen opposing character gets -2 {S} until the start of your next turn.","","src/cards/012/characters/026-mickey-mouse-expedition-leader.i18n.ts","translated"
"set12-027","Xfn","ci_Xfn","set12","27","character","Chip","Team Player","RANGER RESOURCEFULNESS When you play this character, if you have another character with 4 {W} or more in play, you may draw a card.","","src/cards/012/characters/027-chip-team-player.i18n.ts","translated"
"set12-028","8mb","ci_8mb","set12","28","action","Ranger Team-Up","","Chosen character gets +{S} equal to their {W} this turn.","","src/cards/012/actions/028-ranger-team-up.i18n.ts","translated"
"set12-029","JWU","ci_JWU","set12","29","action","This Growing Pressure","","Chosen opposing character can't challenge and must quest during their next turn if able. Draw a card.","","src/cards/012/actions/029-this-growing-pressure.i18n.ts","translated"
"set12-030","U0Y","ci_U0Y","set12","30","action","You've Got a Friend in Me","","Look at the top 4 cards of your deck. You may reveal up to 2 Toy character cards and put them into your hand. Put the rest on the bottom of your deck in any order.","","src/cards/012/actions/030-youve-got-a-friend-in-me.i18n.ts","translated"
"set12-031","hlG","ci_hlG","set12","31","action","Metamorphosis","","Shift a character from your discard for free.","","src/cards/012/actions/031-metamorphosis.i18n.ts","translated"
"set12-032","tjB","ci_tjB","set12","32","action","When You Need Help, Just Call","","If an opponent has more characters in play than you, you may play a character with cost 4 or less for free.","","src/cards/012/actions/032-when-you-need-help-just-call.i18n.ts","translated"
"set12-033","m5E","ci_m5E","set12","33","item","Safety Rope","","GRAB HOLD! When you play this item, you may put a character card from your discard on the top of your deck.
PACK IT UP At the end of your turn, you may banish this item to draw a card.","","src/cards/012/items/033-safety-rope.i18n.ts","translated"
"set12-034","iCW","ci_iCW","set12","34","location","Andy's Room","Home Base","ANDY'S FAVORITE While you have only 1 character here, they get +2 {W} and +1 {L}.","","src/cards/012/locations/034-andys-room-home-base.i18n.ts","translated"
"set12-035","rHk","ci_rHk","set12","35","character","Mor'du","Wicked with Pride","Rush","","src/cards/012/characters/035-mordu-wicked-with-pride.i18n.ts","translated"
"set12-036","CTq","ci_CTq","set12","36","character","Alma Madrigal","Leading the Way","PROTECTING THE FAMILY When you play this character, if you have another Madrigal character in play, you may exert chosen opposing character.","","src/cards/012/characters/036-alma-madrigal-leading-the-way.i18n.ts","translated"
"set12-037","EdS","ci_EdS","set12","37","character","Snow White","Merry as the Morning","CLARION CALL Whenever this character quests, you may return chosen Seven Dwarfs character of yours to your hand to draw a card.
NEVER FORGOTTEN During an opponent's turn, when this character is banished in a challenge, return this card to your hand.","","src/cards/012/characters/037-snow-white-merry-as-the-morning.i18n.ts","translated"
"set12-038","A36","ci_A36","set12","38","character","Dopey","Drawn to Music","TONGUE-TIED This character can't {E} to sing songs.
DISTANT MELODY Once during your turn, whenever you play a song, this character gets +1 {L} this turn.","","src/cards/012/characters/038-dopey-drawn-to-music.i18n.ts","translated"
"set12-039","yQo","ci_yQo","set12","39","character","Bashful","Riding the Rails","Evasive","","src/cards/012/characters/039-bashful-riding-the-rails.i18n.ts","translated"
"set12-040","wbe","ci_wbe","set12","40","character","Doc","Taking Notes","SHARE KNOWLEDGE When you play this character, if you have another Seven Dwarfs character or a Princess character in play, draw a card.","","src/cards/012/characters/040-doc-taking-notes.i18n.ts","translated"
"set12-041","Y0q","ci_Y0q","set12","41","character","Grumpy","Soreheaded Miner","undefined","","src/cards/012/characters/041-grumpy-soreheaded-miner.i18n.ts","translated"
"set12-042","Z17","ci_Z17","set12","42","character","Sneezy","Startlingly Loud","GESUNDHEIT When you play this character, chosen character gets +1 {L} this turn.","","src/cards/012/characters/042-sneezy-startlingly-loud.i18n.ts","translated"
"set12-043","lOO","ci_lOO","set12","43","character","Happy","Joyful Adventurer","undefined","","src/cards/012/characters/043-happy-joyful-adventurer.i18n.ts","translated"
"set12-044","1Iw","ci_1Iw","set12","44","character","Sleepy","Deep Sleeper","PLEASANT DREAMS When this character is banished, if you have a Seven Dwarfs or Princess character in play, you may draw a card.","","src/cards/012/characters/044-sleepy-deep-sleeper.i18n.ts","translated"
"set12-045","guV","ci_guV","set12","45","character","Alma Madrigal","Heart of the Family","FIND A WAY Whenever this character quests, move up to 1 damage from chosen character of yours to chosen opposing character.","","src/cards/012/characters/045-alma-madrigal-heart-of-the-family.i18n.ts","translated"
"set12-046","cV4","ci_cV4","set12","46","character","Frozone","Super Slick","Evasive","","src/cards/012/characters/046-frozone-super-slick.i18n.ts","translated"
"set12-047","TFi","ci_SZs","set12","47","character","Will o' the Wisp","Forest Spirit","COME ON OUT When this character is banished in a challenge, you may return this card to your hand.","","src/cards/012/characters/047-will-o-the-wisp-forest-spirit.i18n.ts","translated"
"set12-048","YdE","ci_YdE","set12","48","character","Violet Parr","Learning New Powers","Evasive
DEFLECT When you play this character, you may move 1 damage from chosen character to chosen opposing character.","","src/cards/012/characters/048-violet-parr-learning-new-powers.i18n.ts","translated"
"set12-049","QuL","ci_QuL","set12","49","character","Mrs. Incredible","Super Stretchy","FLEXIBLE THINKING At the start of your turn, you may choose one:
• This character gains Evasive until the start of your next turn.
• This character gets +1 {L} this turn.","","src/cards/012/characters/049-mrs-incredible-super-stretchy.i18n.ts","translated"
"set12-050","WiE","ci_WiE","set12","50","character","Hamish, Hubert & Harris","Making Mischief","STAY QUIET This character may enter play exerted.
CLEVER TRAP At the end of your turn, if this character is exerted, chosen opposing character can't ready at the start of their next turn.","","src/cards/012/characters/050-hamish-hubert-harris-making-mischief.i18n.ts","translated"
"set12-051","9Ll","ci_9Ll","set12","51","character","Elinor","Bespelled Queen","Challenger +2","","src/cards/012/characters/051-elinor-bespelled-queen.i18n.ts","translated"
"set12-052","kb3","ci_kb3","set12","52","character","Mickey Mouse","Experienced Traveler","LIGHTING THE WAY Whenever this character quests, if you played another character this turn, you may draw a card.","","src/cards/012/characters/052-mickey-mouse-experienced-traveler.i18n.ts","translated"
"set12-053","ipu","ci_fio","set12","53","character","Mirage","Super Recruiter","BUSINESS ARRANGEMENT When you play this character, if you have a Super or Hero character in play, you may draw a card.","","src/cards/012/characters/053-mirage-super-recruiter.i18n.ts","translated"
"set12-054","P5r","ci_qC1","set12","54","character","Edna Mode","Fashion Designer","NO CAPES! When you play this character, you may return chosen item with cost 2 or less to its player's hand. If you do, its player draws a card.
MAKING SUPERS FABULOUS Whenever this character quests, your Super characters get +1 {L} this turn.","","src/cards/012/characters/054-edna-mode-fashion-designer.i18n.ts","translated"
"set12-055","hpp","ci_6j1","set12","55","character","Maleficent","Imperious Traveler","HEED MY WORDS Whenever this character quests, if you played another character this turn, you may exert chosen opposing character.","","src/cards/012/characters/055-maleficent-imperious-traveler.i18n.ts","translated"
"set12-056","LJg","ci_LJg","set12","56","character","Pepa Madrigal","Calm Before the Storm","STORMY WEATHER When you play this character, deal 1 damage to each of your other characters.
SILVER LINING Once during your turn, whenever you remove 1 or more damage from one of your characters, draw a card.","","src/cards/012/characters/056-pepa-madrigal-calm-before-the-storm.i18n.ts","translated"
"set12-057","Imn","ci_Imn","set12","57","character","Mor'du","Savage Cursed Prince","FEROCIOUS ROAR When you play this character, exert all your characters not named Mor'du.
ROOTED BY FEAR Your characters not named Mor'du can't ready at the start of your turn.","","src/cards/012/characters/057-mordu-savage-cursed-prince.i18n.ts","translated"
"set12-058","HdV","ci_HdV","set12","58","character","Alma Madrigal","Keeper of the Flame","Shift 3 {I}
THAT'S ENOUGH Whenever you remove 1 or more damage from one of your characters, you may exert chosen opposing character.","","src/cards/012/characters/058-alma-madrigal-keeper-of-the-flame.i18n.ts","translated"
"set12-059","Ea1","ci_Ea1","set12","59","character","Frozone","Super Cool","Rush
JUST CHILL When you play this character, if you have another Super character in play, you may exert chosen opposing character.","","src/cards/012/characters/059-frozone-super-cool.i18n.ts","translated"
"set12-060","tct","ci_tct","set12","60","character","Luisa Madrigal","Confident Climber","Shift 3 {I}
I CAN TAKE IT 1 {I} — Move up to 1 damage from chosen character of yours to this character. Then, if this character has 3 or more damage, move all damage from this character to chosen opposing character.","","src/cards/012/characters/060-luisa-madrigal-confident-climber.i18n.ts","translated"
"set12-061","ZmD","ci_W3N","set12","61","character","Dash Parr","Lava Runner","Rush
RECORD TIME This character can quest the turn he's played.","","src/cards/012/characters/061-dash-parr-lava-runner.i18n.ts","translated"
"set12-062","3ym","ci_3ym","set12","62","character","Luisa Madrigal","Pushing Through","Challenger +2","","src/cards/012/characters/062-luisa-madrigal-pushing-through.i18n.ts","translated"
"set12-063","Rxt","ci_Rxt","set12","63","action","Super Relocation Program","","Return chosen character of yours to your hand. If you returned a Hero character this way, draw 2 cards.","","src/cards/012/actions/063-super-relocation-program.i18n.ts","translated"
"set12-064","L0a","ci_L0a","set12","64","action","Right Behind You","","Draw a card. If you have a Seven Dwarfs character and a Princess character in play, you may play a Seven Dwarfs character for free.","","src/cards/012/actions/064-right-behind-you.i18n.ts","translated"
"set12-065","2F6","ci_2F6","set12","65","action","Don't Be Nervous","","Search your deck for a Princess character card, reveal that card to all players, and put it into your hand. Then, shuffle your deck. If you have 2 or more Seven Dwarfs characters in play, draw 2 cards and gain 2 lore.","","src/cards/012/actions/065-dont-be-nervous.i18n.ts","translated"
"set12-066","yHW","ci_yHW","set12","66","item","Super Suit","","SIMPLE, ELEGANT When you play this item, if you have a Hero character in play, gain 1 lore.
SUIT UP {E}, 2 {I} — If you played a Hero character this turn, draw a card.","","src/cards/012/items/066-super-suit.i18n.ts","translated"
"set12-067","u3M","ci_cRy","set12","67","item","DunBroch Family Tapestry","","TORN APART This item enters play exerted.
MEND THE BOND {E}, Banish this item — Each player shuffles all character cards from their discard into their deck.","","src/cards/012/items/067-dunbroch-family-tapestry.i18n.ts","translated"
"set12-068","EaV","ci_EaV","set12","68","location","Ring of Stones","Place of Legends","FOLLOW YOUR FATE Your exerted characters can move here for free.
PART THE VEIL Once during your turn, whenever a character moves here, gain 1 lore.","","src/cards/012/locations/068-ring-of-stones-place-of-legends.i18n.ts","translated"
"set12-069","2e1","ci_2e1","set12","69","character","Merida","Defiant Daughter","Ward","","src/cards/012/characters/069-merida-defiant-daughter.i18n.ts","translated"
"set12-070","4Qe","ci_4Qe","set12","70","character","Hamish, Hubert & Harris","Troublemaking Triplets","Evasive","","src/cards/012/characters/070-hamish-hubert-harris-troublemaking-triplets.i18n.ts","translated"
"set12-071","1yf","ci_1yf","set12","71","character","Young MacGuffin","Soft-Spoken Son","undefined","","src/cards/012/characters/071-young-macguffin-soft-spoken-son.i18n.ts","translated"
"set12-072","fT3","ci_fT3","set12","72","character","Tod","Nimble Fox","Evasive","","src/cards/012/characters/072-tod-nimble-fox.i18n.ts","translated"
"set12-073","A1F","ci_A1F","set12","73","character","Helga Sinclair","No Backup Needed","CRISIS MANAGEMENT If 2 or more cards were put into your discard this turn, you pay 2 {I} less to play this character.","","src/cards/012/characters/073-helga-sinclair-no-backup-needed.i18n.ts","translated"
"set12-074","S7a","ci_S7a","set12","74","character","The Witch","Wily Woodcarver","UNSATISFIED CUSTOMERS Whenever this character is challenged, each opponent loses 1 lore.","","src/cards/012/characters/074-the-witch-wily-woodcarver.i18n.ts","translated"
"set12-075","nvJ","ci_nvJ","set12","75","character","The Queen","Evil Ruler","UNEQUALED CRUELTY While an opposing damaged character is in play, this character gets +2 {S}.","","src/cards/012/characters/075-the-queen-evil-ruler.i18n.ts","translated"
"set12-076","Gb4","ci_Gb4","set12","76","character","Buzz Lightyear","Space Ranger","undefined","","src/cards/012/characters/076-buzz-lightyear-space-ranger.i18n.ts","translated"
"set12-077","Q20","ci_Q20","set12","77","character","RC","Remote-Controlled Car","LOW BATTERIES This character can't quest or challenge unless you pay 1 {I}. (You pay this cost each time.)","","src/cards/012/characters/077-rc-remote-controlled-car.i18n.ts","translated"
"set12-078","XII","ci_XII","set12","78","character","Lord MacGuffin","Clever Swordsman","WAIT FOR IT... This character may enter play exerted to deal 3 damage to chosen damaged character.","","src/cards/012/characters/078-lord-macguffin-clever-swordsman.i18n.ts","translated"
"set12-079","egA","ci_dp1","set12","79","character","Lenny","Toy Binoculars","TAKE A GOOD LOOK When you play this character, chosen opponent reveals their hand and discards an action card of your choice.
COMIN' UP FAST Once during your turn, whenever you play an action, you may ready this character.","","src/cards/012/characters/079-lenny-toy-binoculars.i18n.ts","translated"
"set12-080","btJ","ci_btJ","set12","80","character","Gaetan Moliere","Clever Burrower","Evasive
UNEARTH Whenever this character quests, you may draw 2 cards, then choose and discard 2 cards.","","src/cards/012/characters/080-gaetan-moliere-clever-burrower.i18n.ts","translated"
"set12-081","h96","ci_h96","set12","81","character","Peter Pan","Searching Far and Wide","undefined","","src/cards/012/characters/081-peter-pan-searching-far-and-wide.i18n.ts","translated"
"set12-082","Iy7","ci_d9j","set12","82","character","Milo Thatch","Getting His Hands Dirty","Ward
SCHOLAR'S GAMBIT When you play this character, you may choose and discard a card to return chosen character to their player's hand.
PRACTICAL KNOWLEDGE At the end of your turn, if 2 or more cards were put into your discard this turn, draw a card.","","src/cards/012/characters/082-milo-thatch-getting-his-hands-dirty.i18n.ts","translated"
"set12-083","m43","ci_m43","set12","83","character","Alien","True Believer","WE ARE ONE This character gets +1 {S} for each other Toy character you have in play.
HE HAS BEEN CHOSEN During your turn, when this character is banished, return another character card named Alien from your discard to your hand.","","src/cards/012/characters/083-alien-true-believer.i18n.ts","translated"
"set12-084","QXV","ci_QXV","set12","84","character","Donald Duck","Distracted Traveler","BURNING CURIOSITY Whenever this character quests, if you played another character this turn, each opponent chooses and discards a card.","","src/cards/012/characters/084-donald-duck-distracted-traveler.i18n.ts","translated"
"set12-085","xen","ci_xen","set12","85","character","Buzz Lightyear","On the Way","SECRET MISSION Whenever you pay 2 {I} or less to play a non-character, draw a card, then choose and discard a card.
WORLD'S GREATEST TOY Whenever you pay 2 {I} or less to play a character, deal 1 damage to chosen opposing damaged character.","","src/cards/012/characters/085-buzz-lightyear-on-the-way.i18n.ts","translated"
"set12-086","9Uo","ci_9Uo","set12","86","character","Elinor","Renowned Diplomat","COORDINATED EFFORTS At the end of your turn, if you have 3 or more exerted characters in play, deal 1 damage to chosen opposing character, gain 1 lore, and draw a card.","","src/cards/012/characters/086-elinor-renowned-diplomat.i18n.ts","translated"
"set12-087","UV1","ci_UV1","set12","87","character","Lyle Tiberius Rourke","Adventurer for Hire","EYE FOR VALUE When you play this character, you may draw a card, then choose and discard a card.
DIRTY TRICKS At the end of your turn, if 2 or more cards were put into your discard this turn, each opponent loses 1 lore.","","src/cards/012/characters/087-lyle-tiberius-rourke-adventurer-for-hire.i18n.ts","translated"
"set12-088","zGi","ci_zGi","set12","88","character","Joshua Sweet","Field Surgeon","NO PATIENCE Whenever this character is challenged, chosen opponent chooses and discards a card.","","src/cards/012/characters/088-joshua-sweet-field-surgeon.i18n.ts","translated"
"set12-089","5hR","ci_wwO","set12","89","character","Merida","Gifted Archer","Shift 3 {I}
FIERCE PROTECTION While this character is exerted, whenever an opposing character challenges, you may deal 1 damage to the challenging character.","","src/cards/012/characters/089-merida-gifted-archer.i18n.ts","translated"
"set12-090","eWy","ci_eWy","set12","90","character","The Queen","Devious Disguise","EVIL SCHEME When you play this character, you may draw a card. If you do, each opponent gains 2 lore.
JEALOUS HEART While an opponent has more lore than you, this character gets +2 {L}.","","src/cards/012/characters/090-the-queen-devious-disguise.i18n.ts","translated"
"set12-091","Y1s","ci_KHv","set12","91","character","Buzz Lightyear","Jungle Ranger","Shift 5 {I}
TAKE CHARGE When you play this character, you may return an action card with cost 7 or less from your discard to your hand.
ADVANCED TRAINING Whenever you play an action, chosen character gets +1 {L} this turn.","","src/cards/012/characters/091-buzz-lightyear-jungle-ranger.i18n.ts","translated"
"set12-092","fQT","ci_u7q","set12","92","character","Cruella De Vil","Judgmental Traveler","YOU'RE OUT OF FASHION Whenever this character quests, if you played another character this turn, you may banish chosen damaged character.","","src/cards/012/characters/092-cruella-de-vil-judgmental-traveler.i18n.ts","translated"
"set12-093","1kF","ci_1kF","set12","93","character","Helga Sinclair","Prepared for Anything","COMBAT TRAINING Whenever this character quests, deal 1 damage to chosen opposing character. If 2 or more cards were put into your discard this turn, deal 2 damage instead.","","src/cards/012/characters/093-helga-sinclair-prepared-for-anything.i18n.ts","translated"
"set12-094","xq2","ci_xq2","set12","94","character","The Huntsman","On the Queen's Orders","Ward","","src/cards/012/characters/094-the-huntsman-on-the-queens-orders.i18n.ts","translated"
"set12-095","KiR","ci_KiR","set12","95","action","Strange Things","","Up to 2 chosen characters can't quest until the start of your next turn. Draw a card.","","src/cards/012/actions/095-strange-things.i18n.ts","translated"
"set12-096","TZW","ci_TZW","set12","96","action","Sabotage","","Banish chosen item or location and all other items or locations with the same name.","","src/cards/012/actions/096-sabotage.i18n.ts","translated"
"set12-097","76J","ci_idk","set12","97","action","The Family Scattered","","Chosen opponent chooses 3 of their characters and returns one of those cards to their hand, puts one on the bottom of their deck, and puts one on the top of their deck.","","src/cards/012/actions/097-the-family-scattered.i18n.ts","translated"
"set12-098","XEC","ci_XEC","set12","98","item","Buzz's Arm","","MISSING PIECE If a character named Buzz Lightyear was banished this turn, you may play this item for free.
SOME ASSEMBLY REQUIRED {E} — You pay 1 {I} less for the next action or item you play this turn.","","src/cards/012/items/098-buzzs-arm.i18n.ts","translated"
"set12-099","7z5","ci_7z5","set12","99","item","The Claw","","THE CLAW CHOOSES {E}, 2 {I}, Banish one of your characters — Return chosen opposing character to their player's hand.","","src/cards/012/items/099-the-claw.i18n.ts","translated"
"set12-100","EdK","ci_EdK","set12","100","item","Gyro-Evac","","TAKE HER UP {E}, 1 {I} — Chosen character of yours gains Evasive until the start of your next turn.
CRASH LANDING {E}, Banish this item — Each player loses 2 lore.","","src/cards/012/items/100-gyro-evac.i18n.ts","translated"
"set12-101","yLr","ci_yLr","set12","101","item","Merida's Bow","","EASY SHOT When you play this item, deal 1 damage to chosen character.
FINAL ARROW 1 {I}, Banish this item — Deal 1 damage to chosen character.","","src/cards/012/items/101-meridas-bow.i18n.ts","translated"
"set12-102","59B","ci_59B","set12","102","location","Pizza Planet","Spaceport","YOU ARE CLEAR TO ENTER Your Toy characters can move here for free.
HEAVILY GUARDED Whenever a character is challenged while here, each opponent loses 1 lore.","","src/cards/012/locations/102-pizza-planet-spaceport.i18n.ts","translated"
"set12-103","hMm","ci_hMm","set12","103","character","Lyle Tiberius Rourke","Crystallized Commander","Shift 4 {I}
PLAN'S CHANGED When you play this character, put the top 2 cards of your deck into your discard. Then, you may return an action card with cost 4 or less from your discard to your hand.","","src/cards/012/characters/103-lyle-tiberius-rourke-crystallized-commander.i18n.ts","translated"
"set12-104","MpT","ci_MpT","set12","104","character","Mr. Incredible","Bob Parr","undefined","","src/cards/012/characters/104-mr-incredible-bob-parr.i18n.ts","translated"
"set12-105","V1e","ci_V1e","set12","105","character","Lyle Tiberius Rourke","Looking for His Moment","undefined","","src/cards/012/characters/105-lyle-tiberius-rourke-looking-for-his-moment.i18n.ts","translated"
"set12-106","t4R","ci_t4R","set12","106","character","Pegasus","Searching High and Low","Evasive","","src/cards/012/characters/106-pegasus-searching-high-and-low.i18n.ts","translated"
"set12-107","XG0","ci_XG0","set12","107","character","Audrey Ramirez","Gutsy Mechanic","Rush","","src/cards/012/characters/107-audrey-ramirez-gutsy-mechanic.i18n.ts","translated"
"set12-108","tm6","ci_tm6","set12","108","character","Milo Thatch","Courageous Explorer","FASCINATING DISCOVERY During your turn, if 2 or more cards were put into your discard this turn, this character gets +1 {L}.","","src/cards/012/characters/108-milo-thatch-courageous-explorer.i18n.ts","translated"
"set12-109","PmL","ci_PmL","set12","109","character","Zeus","Defiant God","IMMORTAL WOUND This character enters play with 4 damage.","","src/cards/012/characters/109-zeus-defiant-god.i18n.ts","translated"
"set12-110","D1V","ci_D1V","set12","110","character","Preston Whitmore","Expedition Financier","PRICE OF PROGRESS When you play this character, you may put the top 2 cards of your deck into your discard.","","src/cards/012/characters/110-preston-whitmore-expedition-financier.i18n.ts","translated"
"set12-111","NoE","ci_NoE","set12","111","character","Jingle Joe","Sid's Toy","TURN OUT THE LIGHT During your turn, whenever one of your other Toy characters is banished, chosen character of yours gains Evasive until the start of your next turn.","","src/cards/012/characters/111-jingle-joe-sids-toy.i18n.ts","translated"
"set12-112","ZJM","ci_ZJM","set12","112","character","Wind-Up Frog","Sid's Toy","ADDED TRACTION If one of your Toy characters was banished this turn, you pay 2 {I} less to play this character.","","src/cards/012/characters/112-wind-up-frog-sids-toy.i18n.ts","translated"
"set12-113","uOj","ci_uOj","set12","113","character","Roller Bob","Sid's Toy","TIME TO MOVE When you play this character, you may put 2 character cards from your discard on the bottom of your deck to give this character Rush this turn. (They can challenge the turn they're played.)","","src/cards/012/characters/113-roller-bob-sids-toy.i18n.ts","translated"
"set12-114","LbY","ci_LbY","set12","114","character","Hand-in-the-Box","Sid's Toy","SPRING-LOADED You may put a Toy character card from your discard on the bottom of your deck to play this character for free.","","src/cards/012/characters/114-hand-in-the-box-sids-toy.i18n.ts","translated"
"set12-115","7dh","ci_7aI","set12","115","character","Daisy Duck","Trendy Traveler","BREAK IS OVER Whenever this character quests, if you played a character this turn, you may ready another chosen character. If you do, they can't quest for the rest of this turn.","","src/cards/012/characters/115-daisy-duck-trendy-traveler.i18n.ts","translated"
"set12-116","WOu","ci_WOu","set12","116","character","Copper","Big Dog","undefined","","src/cards/012/characters/116-copper-big-dog.i18n.ts","translated"
"set12-117","yHb","ci_yHb","set12","117","character","Jebidiah Farnsworth","Cookie","Evasive
Reckless","","src/cards/012/characters/117-jebidiah-farnsworth-cookie.i18n.ts","translated"
"set12-118","eme","ci_eme","set12","118","character","Dash Parr","Super Speedy","Rush","","src/cards/012/characters/118-dash-parr-super-speedy.i18n.ts","translated"
"set12-119","IrS","ci_IrS","set12","119","character","Babyhead","Leader of Sid's Toys","TIGHTEN THE BOLTS Whenever you pay 2 {I} or less to play a card, chosen character gets +2 {S} this turn.
REPLACEMENT PARTS During your turn, whenever one of your other characters is banished, draw a card.","","src/cards/012/characters/119-babyhead-leader-of-sids-toys.i18n.ts","translated"
"set12-120","52H","ci_52H","set12","120","character","Bouncing Ducky","Sid's Toy","REJECTED TOYS For each Toy character card in your discard, you pay 1 {I} less to play this character.
REPURPOSED When you play this character, put all Toy character cards from your discard on the bottom of your deck in any order.","","src/cards/012/characters/120-bouncing-ducky-sids-toy.i18n.ts","translated"
"set12-121","kCm","ci_rvl","set12","121","character","Jack-Jack Parr","Incredible Potential","WEIRD THINGS ARE HAPPENING At the start of your turn, you may put the top card of your deck into your discard. If its card type is:
• character, this character gets +2 {S} this turn.
• action or item, this character gets +2 {L} this turn.
• location, banish chosen character.","","src/cards/012/characters/121-jack-jack-parr-incredible-potential.i18n.ts","translated"
"set12-122","tZ3","ci_nFK","set12","122","character","Queen of Hearts","Impatient Traveler","ROYAL COMMAND Whenever this character quests, if you played another character this turn, chosen character gains Rush this turn. (They can challenge the turn they're played.)","","src/cards/012/characters/122-queen-of-hearts-impatient-traveler.i18n.ts","translated"
"set12-123","osI","ci_osI","set12","123","character","Hercules","Young Rescuer","HEROIC SACRIFICE When you play this character, you may discard your hand. If you do, return a card from your discard to your hand.","","src/cards/012/characters/123-hercules-young-rescuer.i18n.ts","translated"
"set12-124","yND","ci_yND","set12","124","character","Vincenzo Santorini","On the Run","Evasive
NEUTRALIZE Opposing items can't ready at the start of their players' turns.","","src/cards/012/characters/124-vincenzo-santorini-on-the-run.i18n.ts","translated"
"set12-125","lYe","ci_lYe","set12","125","character","The Leviathan","Guardian of Atlantis","IT'S A MACHINE! When you play this character, if 2 or more cards were put into your discard this turn, you may banish any number of chosen opposing characters with total {S} 10 or less.","","src/cards/012/characters/125-the-leviathan-guardian-of-atlantis.i18n.ts","translated"
"set12-126","lRX","ci_lRX","set12","126","character","Sid Phillips","Toy Surgeon","PLAYTIME'S OVER When you play this character, you may banish another chosen character of yours. If you do, each opponent chooses and banishes one of their characters.
DOUBLE PRIZES! During your turn, whenever a Toy character is banished, gain 2 lore.","","src/cards/012/characters/126-sid-phillips-toy-surgeon.i18n.ts","translated"
"set12-127","556","ci_qoz","set12","127","character","Mr. Incredible","Super Strong","Shift 3 {I} (You may pay 3 {I} to play this on top of one of your characters named Mr. Incredible.)
ALWAYS UNITED This character gets +2 {S} for each other character you have in play.
LET'S DO THIS! Whenever one of your Super characters challenges another character, draw a card.","","src/cards/012/characters/127-mr-incredible-super-strong.i18n.ts","translated"
"set12-128","7me","ci_7me","set12","128","character","Pterodactyl Janie Doll","Sid's Toy","DOUBLE TRANSPLANT During your turn, when this character is banished, each opponent loses 1 lore and you gain 1 lore.","","src/cards/012/characters/128-pterodactyl-janie-doll-sids-toy.i18n.ts","translated"
"set12-129","7xf","ci_7xf","set12","129","action","Inner Strength","","Chosen character gets +1 {S} this turn. Draw a card.","","src/cards/012/actions/129-inner-strength.i18n.ts","translated"
"set12-130","q1z","ci_q1z","set12","130","action","Firefly Swarm","","Choose one:
• Banish chosen character with 2 {S} or less.
• If 2 or more other cards were put into your discard this turn, banish chosen character.","","src/cards/012/actions/130-firefly-swarm.i18n.ts","translated"
"set12-131","49o","ci_49o","set12","131","action","Like A Bird In the Sky","","Chosen character gets +1 {L} and gains Evasive until the start of your next turn.","","src/cards/012/actions/131-like-a-bird-in-the-sky.i18n.ts","translated"
"set12-132","5Mc","ci_5Mc","set12","132","action","Hero Work","","Your characters get +1 {S} this turn. Your Hero characters gain ""Whenever this character challenges another character, each opponent loses 1 lore and you gain 1 lore"" this turn.","","src/cards/012/actions/132-hero-work.i18n.ts","translated"
"set12-133","XzQ","ci_XzQ","set12","133","action","Dangerous Plan","","Draw 2 cards. Then, discard a card at random.","","src/cards/012/actions/133-dangerous-plan.i18n.ts","translated"
"set12-134","fvP","ci_fvP","set12","134","item","Amazu's Inkcaster","","ON THE HORIZON {E}, 1 {I} — Look at the top 4 cards of your deck. You may reveal a location card and put it into your hand. Put the rest on the bottom of your deck in any order.","","src/cards/012/items/134-amazus-inkcaster.i18n.ts","translated"
"set12-135","JRM","ci_JRM","set12","135","location","Remote Inklands","Desert Ruins","ERODING WINDS At the start of your turn, put the top card of your deck into your discard.
SUCCESSFUL EXPEDITION Characters get +2 {S} while here.","","src/cards/012/locations/135-remote-inklands-desert-ruins.i18n.ts","translated"
"set12-136","MTW","ci_MTW","set12","136","location","Leviathan's Lair","Dangerous Ground","LOST TO THE DUNES When this location is banished, each opponent chooses and banishes one of their characters.","","src/cards/012/locations/136-leviathans-lair-dangerous-ground.i18n.ts","translated"
"set12-137","6Vl","ci_6Vl","set12","137","character","Robin Hood","Desert Wanderer","undefined","","src/cards/012/characters/137-robin-hood-desert-wanderer.i18n.ts","translated"
"set12-138","zqs","ci_zqs","set12","138","character","Prince Charming","Searching for Answers","undefined","","src/cards/012/characters/138-prince-charming-searching-for-answers.i18n.ts","translated"
"set12-139","Eab","ci_Eab","set12","139","character","Merryweather","Feisty Fairy","Ward","","src/cards/012/characters/139-merryweather-feisty-fairy.i18n.ts","translated"
"set12-140","lVp","ci_lVp","set12","140","character","Fauna","Good-Natured Fairy","Support","","src/cards/012/characters/140-fauna-good-natured-fairy.i18n.ts","translated"
"set12-141","RW9","ci_RW9","set12","141","character","Flora","Strong-Willed Fairy","LUMINOUS SHELTER When you play this character, your other characters gain Resist +1 until the start of your next turn.","","src/cards/012/characters/141-flora-strong-willed-fairy.i18n.ts","translated"
"set12-142","9UM","ci_9UM","set12","142","character","Mirabel Madrigal","Resourceful Daughter","THIS WILL HELP When you play this character, remove up to 2 damage from chosen character.","","src/cards/012/characters/142-mirabel-madrigal-resourceful-daughter.i18n.ts","translated"
"set12-143","ib4","ci_ib4","set12","143","character","Syndrome","Evil Inventor","Alert (This character can challenge as if they had Evasive.)","","src/cards/012/characters/143-syndrome-evil-inventor.i18n.ts","translated"
"set12-144","562","ci_ucq","set12","144","character","Kida","Guardian of the Path","NATURAL DEFENSE When you play this character, chosen opposing character gets -2 {S} this turn.","","src/cards/012/characters/144-kida-guardian-of-the-path.i18n.ts","translated"
"set12-145","fJ4","ci_fJ4","set12","145","character","Gadget Hackwrench","Resourceful Mechanic","TIME TO TINKER When you play this character, you may play an item with cost 3 or less for free.
WELL SUPPLIED Your characters with Support get +1 {L}.","","src/cards/012/characters/145-gadget-hackwrench-resourceful-mechanic.i18n.ts","translated"
"set12-146","SBA","ci_SBA","set12","146","character","Norton Nimnul","Misanthropic Genius","DEVITALIZER RAY Once during your turn, whenever you play an item, chosen opposing character gets -2 {S} this turn.","","src/cards/012/characters/146-norton-nimnul-misanthropic-genius.i18n.ts","translated"
"set12-147","XOw","ci_XOw","set12","147","character","Gadget Hackwrench","Finder of Lost Parts","USEFUL BITS When this character leaves play, you may return an item card from your discard to your hand.","","src/cards/012/characters/147-gadget-hackwrench-finder-of-lost-parts.i18n.ts","translated"
"set12-148","b66","ci_6uh","set12","148","character","Zipper","Tiny Helper","undefined","","src/cards/012/characters/148-zipper-tiny-helper.i18n.ts","translated"
"set12-149","1Nh","ci_1Nh","set12","149","character","Edna Mode","Super Suit Designer","KEY ACCESSORY {E} — Ready chosen item.
ALL THE BASICS While you have an item named Super Suit in play, this character gains Ward.","","src/cards/012/characters/149-edna-mode-super-suit-designer.i18n.ts","translated"
"set12-150","lnZ","ci_lnZ","set12","150","character","Zipper","Big Helper","Shift 2 {I}
BUZZING ENTHUSIASM Whenever this character quests, you may add his {W} to another chosen character's {S} this turn.","","src/cards/012/characters/150-zipper-big-helper.i18n.ts","translated"
"set12-151","bZm","ci_bZm","set12","151","character","Luisa Madrigal","No Pressure","SHOULDER THE BURDEN Whenever this character quests, you may move up to 3 damage from chosen character to this character.","","src/cards/012/characters/151-luisa-madrigal-no-pressure.i18n.ts","translated"
"set12-152","4yx","ci_4yx","set12","152","character","Dr. Sara Bellum","Head of Research","SCIENTIFIC SCRUTINY When you play this character, look at the top card of your deck. Put it on either the top or the bottom of your deck.","","src/cards/012/characters/152-dr-sara-bellum-head-of-research.i18n.ts","translated"
"set12-153","45l","ci_45l","set12","153","character","Isabela Madrigal","Perfectly in Control","FEEL BETTER When you play this character and whenever she quests, you may move all damage from chosen character of yours to this character.
SELF-CARE At the end of your turn, you may remove all damage from this character.","","src/cards/012/characters/153-isabela-madrigal-perfectly-in-control.i18n.ts","translated"
"set12-154","6Lw","ci_6Lw","set12","154","character","Bruno Madrigal","Oasis Oracle","FIND THAT VISION Once during your turn, whenever you remove damage from one of your characters, you may look at the top 2 cards of your deck. Put one into your hand and the other on the bottom of your deck.
YOU'LL BE OKAY Whenever this character quests, you may remove all damage from chosen character.","","src/cards/012/characters/154-bruno-madrigal-oasis-oracle.i18n.ts","translated"
"set12-155","AKb","ci_fXG","set12","155","character","Cinderella","Resourceful Traveler","THIS AND THAT Whenever this character quests, if you played another character this turn, you may put the top card of your deck into your inkwell facedown and exerted.","","src/cards/012/characters/155-cinderella-resourceful-traveler.i18n.ts","translated"
"set12-156","U5v","ci_U5v","set12","156","character","Bruno Madrigal","Seeing the Future","CHANGE THE OUTCOME When you play this character, you may look at the top card of chosen player's deck. Put it on either the top or the bottom of their deck.","","src/cards/012/characters/156-bruno-madrigal-seeing-the-future.i18n.ts","translated"
"set12-157","SiA","ci_SiA","set12","157","character","Kida","Discovering the Unknown","READ THE RUNES Whenever this character quests, if 2 or more cards were put into your discard this turn, you may put the top card of your deck into your inkwell facedown and exerted.","","src/cards/012/characters/157-kida-discovering-the-unknown.i18n.ts","translated"
"set12-158","9CP","ci_9CP","set12","158","character","Kashekim","Wise King","STRENGTH IN MEMORY At the end of your turn, if 2 or more cards were put into your discard this turn, you may put the top card of your deck into your inkwell facedown.","","src/cards/012/characters/158-kashekim-wise-king.i18n.ts","translated"
"set12-159","lv1","ci_uSb","set12","159","character","Minnie Mouse","Practical Traveler","DISCERNING EYE Whenever this character quests, if you played another character this turn, gain 1 lore.","","src/cards/012/characters/159-minnie-mouse-practical-traveler.i18n.ts","translated"
"set12-160","21E","ci_21E","set12","160","character","Kida","Crystal Scion","Shift 6 {I}
FLOOD OF POWER When you play this character, each player may put up to 5 cards from their discard into their inkwell facedown and exerted.
THE PATH REVEALED 7 {I} — Look at the top 2 cards of your deck. Put one into your hand and the other on the bottom of your deck.","","src/cards/012/characters/160-kida-crystal-scion.i18n.ts","translated"
"set12-161","5iv","ci_5iv","set12","161","character","Ursula","Deal Maker","QUITE THE BARGAIN When you play this character and whenever she quests, another chosen character gets +1 {L} this turn.
BY THE WAY At the end of your turn, if this character is exerted, put chosen character of yours into your inkwell facedown and exerted.","","src/cards/012/characters/161-ursula-deal-maker.i18n.ts","translated"
"set12-162","20z","ci_20z","set12","162","action","Someone Will Lose His Head","","Each opposing character gets -2 {S} this turn.","","src/cards/012/actions/162-someone-will-lose-his-head.i18n.ts","translated"
"set12-163","YA5","ci_GBS","set12","163","action","What Else Can I Do?","","Look at the top 2 cards of your deck. Put one into your hand and the other into your inkwell facedown and exerted. If a character sang this song, your characters gain Ward until the start of your next turn.","","src/cards/012/actions/163-what-else-can-i-do.i18n.ts","translated"
"set12-164","6F2","ci_6F2","set12","164","action","Escape Plan","","You can't play this action unless 2 or more cards were put into your discard this turn.
Each player chooses 2 of their characters and puts them into their inkwell facedown and exerted.","","src/cards/012/actions/164-escape-plan.i18n.ts","translated"
"set12-165","SfW","ci_SfW","set12","165","action","Salvage Operation","","Return an item card from your discard to your hand. If you have a character with 4 {W} or more in play, gain 1 lore.","","src/cards/012/actions/165-salvage-operation.i18n.ts","translated"
"set12-166","gFH","ci_gFH","set12","166","item","Julieta's Arepas","","FLAVORFUL CURE At the start of your turn, if you have a Madrigal character in play, remove up to 2 damage from chosen character.
THAT DID THE TRICK {E} — If you removed damage from a character this turn, gain 1 lore.","","src/cards/012/items/166-julietas-arepas.i18n.ts","translated"
"set12-167","WTA","ci_WTA","set12","167","item","Ranger Plane","","AIR SUPPORT Your characters gain Support. (Whenever they quest, you may add their {S} to another chosen character's {S} this turn.)
BIG LIFT {E} — Chosen character with 10 {S} or more gets +3 {L} this turn.","","src/cards/012/items/167-ranger-plane.i18n.ts","translated"
"set12-168","rir","ci_rir","set12","168","item","Gadget's Goggles","","ENHANCED VISION {E}, 1 {I} — Look at the top 2 cards of your deck. Put one on the top of your deck and the other on the bottom.","","src/cards/012/items/168-gadgets-goggles.i18n.ts","translated"
"set12-169","zo6","ci_zo6","set12","169","item","Shepherd's Journal","","MARGIN NOTES When you play this item, you may look at the top card of your deck. Put it on either the top of your deck or into your discard.
KEY TO THE PUZZLE 1 {I}, Banish this item — Return another item card from your discard to your hand.","","src/cards/012/items/169-shepherds-journal.i18n.ts","translated"
"set12-170","xbQ","ci_xbQ","set12","170","location","Casa Madrigal","Courtyard","HEALING HOME Whenever a character quests while here, you may remove up to 2 damage from them. Then, you may remove up to 2 damage from this location.","","src/cards/012/locations/170-casa-madrigal-courtyard.i18n.ts","translated"
"set12-171","5Da","ci_iIv","set12","171","character","Pocahontas","Steadfast Traveler","WANDERING SPIRIT Whenever this character quests, if you played another character this turn, return a location card from your discard to your hand.","","src/cards/012/characters/171-pocahontas-steadfast-traveler.i18n.ts","translated"
"set12-172","jT4","ci_wqr","set12","172","character","Syndrome","Out for Revenge","Shift 4 {I}
GOT ME MONOLOGUING! Whenever this character quests, return a Robot character card from your discard to your hand. Then, you may play or shift a Robot character with cost 8 or less for free.","","src/cards/012/characters/172-syndrome-out-for-revenge.i18n.ts","translated"
"set12-173","IRb","ci_IRb","set12","173","character","Omnidroid","V.8","undefined","","src/cards/012/characters/173-omnidroid-v8.i18n.ts","translated"
"set12-174","4N8","ci_4N8","set12","174","character","Angus","Mighty Horse","DAUNTLESS When you play this character, chosen character gains Alert this turn. (They can challenge as if they had Evasive.)","","src/cards/012/characters/174-angus-mighty-horse.i18n.ts","translated"
"set12-175","Yws","ci_Yws","set12","175","character","Fergus","King of DunBroch","Bodyguard","","src/cards/012/characters/175-fergus-king-of-dunbroch.i18n.ts","translated"
"set12-176","jMG","ci_jMG","set12","176","character","Wee Dingwall","Scrappy Lad","Challenger +2","","src/cards/012/characters/176-wee-dingwall-scrappy-lad.i18n.ts","translated"
"set12-177","mD0","ci_mD0","set12","177","character","Incrediboy","Buddy Pine","NERDING OUT When you play this character, if a Hero character is in play, gain 1 lore.
SPOILER ALERT This character also counts as being named Syndrome for Shift.","","src/cards/012/characters/177-incrediboy-buddy-pine.i18n.ts","translated"
"set12-178","NsD","ci_NsD","set12","178","character","Violet Parr","At Wits' End","Alert (This character can challenge as if they had Evasive.)","","src/cards/012/characters/178-violet-parr-at-wits-end.i18n.ts","translated"
"set12-179","I8E","ci_I8E","set12","179","character","Mrs. Incredible","Helen Parr","PEP TALK When you play this character, chosen character gains Challenger +2 this turn. (They get +2 {S} while challenging.)","","src/cards/012/characters/179-mrs-incredible-helen-parr.i18n.ts","translated"
"set12-180","ABk","ci_ABk","set12","180","character","Young Macintosh","Proud Son","undefined","","src/cards/012/characters/180-young-macintosh-proud-son.i18n.ts","translated"
"set12-181","Vqf","ci_Vqf","set12","181","character","Lord Macintosh","Wiry and High-Strung","TOUGH IT OUT This character may enter play exerted to give chosen character Resist +2 until the start of your next turn.","","src/cards/012/characters/181-lord-macintosh-wiry-and-high-strung.i18n.ts","translated"
"set12-182","Riy","ci_Riy","set12","182","character","Fat Cat","Felonious Feline","Resist +1","","src/cards/012/characters/182-fat-cat-felonious-feline.i18n.ts","translated"
"set12-183","zSo","ci_zSo","set12","183","character","Rat Capone","Rodent Gangster","SHADAAP! While this character has no damage, he gets +3 {S}.","","src/cards/012/characters/183-rat-capone-rodent-gangster.i18n.ts","translated"
"set12-184","RM2","ci_RM2","set12","184","character","Omnidroid","V.9","Shift 2 {I}
ENEMY DETECTED When you play this character, if you used Shift to play it, you may deal 2 damage to chosen character.","","src/cards/012/characters/184-omnidroid-v9.i18n.ts","translated"
"set12-185","Y1z","ci_Y1z","set12","185","character","Mr. Incredible","Taking Out the Trash","KA-POW! When you play this character, you may deal 2 damage to chosen opposing Robot or Villain character.","","src/cards/012/characters/185-mr-incredible-taking-out-the-trash.i18n.ts","translated"
"set12-186","NF5","ci_NF5","set12","186","character","Lord Dingwall","Bullheaded","FIGHTIN' TALK This character may enter play exerted to give chosen character Challenger +3 this turn. (They get +3 {S} while challenging.)","","src/cards/012/characters/186-lord-dingwall-bullheaded.i18n.ts","translated"
"set12-187","Cui","ci_Cui","set12","187","character","Fat Cat","Criminal Businessman","WORTHY INVESTMENT Your locations gain Resist +1.","","src/cards/012/characters/187-fat-cat-criminal-businessman.i18n.ts","translated"
"set12-188","RqO","ci_RqO","set12","188","character","Maudie","Exasperated Nursemaid","Resist +1","","src/cards/012/characters/188-maudie-exasperated-nursemaid.i18n.ts","translated"
"set12-189","MeR","ci_MeR","set12","189","character","Goofy","Determined Traveler","FALLING ROCKS Whenever this character quests, if you played another character this turn, you may deal 1 damage to chosen character or location.","","src/cards/012/characters/189-goofy-determined-traveler.i18n.ts","translated"
"set12-190","TLT","ci_TLT","set12","190","character","Omnidroid","V.10","Shift 4 {I}
ELECTRO-ARMOR While there's a card under this character, it gains Resist +2.","","src/cards/012/characters/190-omnidroid-v10.i18n.ts","translated"
"set12-191","m1s","ci_m1s","set12","191","character","Merida","Formidable Archer","FULL QUIVER When you play this character, you may return an action card named Three Arrows from your discard to your hand.
STEADY AIM Whenever one of your actions deals damage to an opposing character, deal 2 damage to that character.","","src/cards/012/characters/191-merida-formidable-archer.i18n.ts","translated"
"set12-192","nnM","ci_nnM","set12","192","character","John Smith","Skillful Explorer","undefined","","src/cards/012/characters/192-john-smith-skillful-explorer.i18n.ts","translated"
"set12-193","9Qc","ci_9Qc","set12","193","character","Gizmoduck","Duckburg Defender","Resist +1
FAIL-SAFE While you have no cards in your hand, opponents can't play actions with cost 4 or more.","","src/cards/012/characters/193-gizmoduck-duckburg-defender.i18n.ts","translated"
"set12-194","Ys5","ci_Ys5","set12","194","character","Fergus","Outpost Builder","JUST THE SPOT During your turn, whenever this character becomes exerted, you may play a location from your hand or discard with cost 4 or less for free.
HOLD FAST While this character is at a location, whenever a location is challenged and banished, you may deal 4 damage to chosen character.","","src/cards/012/characters/194-fergus-outpost-builder.i18n.ts","translated"
"set12-195","2J3","ci_2J3","set12","195","character","Mrs. Incredible","Determined Rescuer","Shift 5 {I}
PULL BACK Your characters gain Resist +1.
REGROUP During your turn, whenever another character is banished in a challenge, you may ready chosen Super character. If you do, they can't quest for the rest of this turn.","","src/cards/012/characters/195-mrs-incredible-determined-rescuer.i18n.ts","translated"
"set12-196","1XC","ci_1XC","set12","196","character","Diablo","Stone Servant","CRUEL INTENT While you have a Villain character in play, this character gets +2 {S} and +1 {L}.
VILLAINOUS BOND While this character is exerted, your Villain characters can't be challenged.","","src/cards/012/characters/196-diablo-stone-servant.i18n.ts","translated"
"set12-197","cnl","ci_cnl","set12","197","action","Three Arrows","","Deal 2 damage to chosen character. Then, you may deal 1 damage to another chosen character.","","src/cards/012/actions/197-three-arrows.i18n.ts","translated"
"set12-198","dGU","ci_dGU","set12","198","action","Card Advantage","","If an opposing character was banished in a challenge this turn, draw 2 cards.","","src/cards/012/actions/198-card-advantage.i18n.ts","translated"
"set12-199","kgN","ci_kgN","set12","199","action","Touch the Sky","","Move a character of yours to a location for free. Then, draw cards equal to that location's {L}.","","src/cards/012/actions/199-touch-the-sky.i18n.ts","translated"
"set12-200","4pA","ci_4pA","set12","200","item","Plunger Crossbow","","SUCTION TECHNOLOGY {E}, 2 {I} — Draw a card, then choose and discard a card.","","src/cards/012/items/200-plunger-crossbow.i18n.ts","translated"
"set12-201","SQl","ci_SQl","set12","201","item","Syndrome's Remote","","ZERO-POINT ENERGY {E}, 2 {I} — Chosen character can't challenge during their next turn.
LEARN FROM THEIR LOSSES Whenever a Robot character is banished, you may banish this item to discard your hand and draw 2 cards.","","src/cards/012/items/201-syndromes-remote.i18n.ts","translated"
"set12-202","sj6","ci_sj6","set12","202","item","Club Door","","WELCOME BACK, SIR If you have a character named Fat Cat in play, you may play this card for free.
COOL CATS ONLY Your locations can't be challenged by characters with cost 2 or less.","","src/cards/012/items/202-club-door.i18n.ts","translated"
"set12-203","IZd","ci_IZd","set12","203","location","Fat Cat's Club","Seedy Headquarters","undefined","","src/cards/012/locations/203-fat-cats-club-seedy-headquarters.i18n.ts","translated"
"set12-204","mXi","ci_mXi","set12","204","location","The Island of Nomanisan","Syndrome's Headquarters","RESEARCH & DEVELOPMENT Robot characters get +1 {S} and +1 {W} while here.
CHEAP SHOT Once during your turn, whenever a character banishes another character in a challenge while here, you may deal 2 damage to chosen character.","","src/cards/012/locations/204-the-island-of-nomanisan-syndromes-headquarters.i18n.ts","translated"
"set12-205-epic","CLZ","ci_Zfj","set12","205","character","Woody","Waiting for a Friend","undefined","","src/cards/012/characters/205-woody-waiting-for-a-friend-epic.i18n.ts","translated"
"set12-206-epic","0O9","ci_G6y","set12","206","character","Rex","Protective Dinosaur","Bodyguard
RUN AWAY! During an opponent's turn, when this character is banished, gain 1 lore.","","src/cards/012/characters/206-rex-protective-dinosaur-epic.i18n.ts","translated"
"set12-207-epic","olR","ci_jrh","set12","207","character","Isabela Madrigal","Such a Lovely Voice","Singer 5
NEW MOTIF When you play this character, if you removed 1 or more damage from one of your characters this turn, gain 1 lore.","","src/cards/012/characters/207-isabela-madrigal-such-a-lovely-voice-epic.i18n.ts","translated"
"set12-208-epic","uyg","ci_fio","set12","208","character","Mirage","Super Recruiter","BUSINESS ARRANGEMENT When you play this character, if you have a Super or Hero character in play, you may draw a card.","","src/cards/012/characters/208-mirage-super-recruiter-epic.i18n.ts","translated"
"set12-209-epic","hab","ci_qC1","set12","209","character","Edna Mode","Fashion Designer","NO CAPES! When you play this character, you may return chosen item with cost 2 or less to its player's hand. If you do, its player draws a card.
MAKING SUPERS FABULOUS Whenever this character quests, your Super characters get +1 {L} this turn.","","src/cards/012/characters/209-edna-mode-fashion-designer-epic.i18n.ts","translated"
"set12-210-epic","j0D","ci_wbe","set12","210","character","Doc","Taking Notes","SHARE KNOWLEDGE When you play this character, if you have another Seven Dwarfs character or a Princess character in play, draw a card.","","src/cards/012/characters/210-doc-taking-notes-epic.i18n.ts","translated"
"set12-211-epic","XE1","ci_Gb4","set12","211","character","Buzz Lightyear","Space Ranger","undefined","","src/cards/012/characters/211-buzz-lightyear-space-ranger-epic.i18n.ts","translated"
"set12-212-epic","gbh","ci_QXV","set12","212","character","Donald Duck","Distracted Traveler","BURNING CURIOSITY Whenever this character quests, if you played another character this turn, each opponent chooses and discards a card.","","src/cards/012/characters/212-donald-duck-distracted-traveler-epic.i18n.ts","translated"
"set12-213-epic","j3h","ci_wwO","set12","213","character","Merida","Gifted Archer","Shift 3 {I}
FIERCE PROTECTION While this character is exerted, whenever an opposing character challenges, you may deal 1 damage to the challenging character.","","src/cards/012/characters/213-merida-gifted-archer-epic.i18n.ts","translated"
"set12-214-epic","N9V","ci_hMm","set12","214","character","Lyle Tiberius Rourke","Crystallized Commander","Shift 4 {I}
PLAN'S CHANGED When you play this character, put the top 2 cards of your deck into your discard. Then, you may return an action card with cost 4 or less from your discard to your hand.","","src/cards/012/characters/214-lyle-tiberius-rourke-crystallized-commander-epic.i18n.ts","translated"
"set12-215-epic","ndv","ci_MpT","set12","215","character","Mr. Incredible","Bob Parr","undefined","","src/cards/012/characters/215-mr-incredible-bob-parr-epic.i18n.ts","translated"
"set12-216-epic","5bk","ci_7aI","set12","216","character","Daisy Duck","Trendy Traveler","BREAK IS OVER Whenever this character quests, if you played a character this turn, you may ready another chosen character. If you do, they can't quest for the rest of this turn.","","src/cards/012/characters/216-daisy-duck-trendy-traveler-epic.i18n.ts","translated"
"set12-217-epic","APM","ci_ucq","set12","217","character","Kida","Guardian of the Path","NATURAL DEFENSE When you play this character, chosen opposing character gets -2 {S} this turn.","","src/cards/012/characters/217-kida-guardian-of-the-path-epic.i18n.ts","translated"
"set12-218-epic","Fyk","ci_6Lw","set12","218","character","Bruno Madrigal","Oasis Oracle","FIND THAT VISION Once during your turn, whenever you remove damage from one of your characters, you may look at the top 2 cards of your deck. Put one into your hand and the other on the bottom of your deck.
YOU'LL BE OKAY Whenever this character quests, you may remove all damage from chosen character.","","src/cards/012/characters/218-bruno-madrigal-oasis-oracle-epic.i18n.ts","translated"
"set12-219-epic","5A7","ci_uSb","set12","219","character","Minnie Mouse","Practical Traveler","DISCERNING EYE Whenever this character quests, if you played another character this turn, gain 1 lore.","","src/cards/012/characters/219-minnie-mouse-practical-traveler-epic.i18n.ts","translated"
"set12-220-epic","v2A","ci_iIv","set12","220","character","Pocahontas","Steadfast Traveler","WANDERING SPIRIT Whenever this character quests, if you played another character this turn, return a location card from your discard to your hand.","","src/cards/012/characters/220-pocahontas-steadfast-traveler-epic.i18n.ts","translated"
"set12-221-epic","0UJ","ci_mD0","set12","221","character","Incrediboy","Buddy Pine","NERDING OUT When you play this character, if a Hero character is in play, gain 1 lore.
SPOILER ALERT This character also counts as being named Syndrome for Shift.","","src/cards/012/characters/221-incrediboy-buddy-pine-epic.i18n.ts","translated"
"set12-222-epic","6sl","ci_cnl","set12","222","action","Three Arrows","","Deal 2 damage to chosen character. Then, you may deal 1 damage to another chosen character.","","src/cards/012/actions/222-three-arrows-epic.i18n.ts","translated"
"set12-223-enchanted","MyA","ci_K5K","set12","223","character","Jessie","Lively Cowgirl","PART OF A FAMILY Whenever this character quests, if you have 2 or more other Toy characters in play, you may draw a card.
YODEL-AY-HEE-HOO! Whenever you pay 2 {I} or less to play a card, chosen opposing character gets -1 {S} until the start of your next turn.","","src/cards/012/characters/223-jessie-lively-cowgirl-enchanted.i18n.ts","translated"
"set12-224-enchanted","x4H","ci_MoR","set12","224","character","Isabela Madrigal","Caring Cultivator","Shift 4 {I}
DO NO WRONG Whenever you remove damage from one of your characters, gain 1 lore for each 1 damage removed.","","src/cards/012/characters/224-isabela-madrigal-caring-cultivator-enchanted.i18n.ts","translated"
"set12-225-enchanted","RGt","ci_U0Y","set12","225","action","You've Got a Friend in Me","","Look at the top 4 cards of your deck. You may reveal up to 2 Toy character cards and put them into your hand. Put the rest on the bottom of your deck in any order.","","src/cards/012/actions/225-youve-got-a-friend-in-me-enchanted.i18n.ts","translated"
"set12-226-enchanted","jKA","ci_Ea1","set12","226","character","Frozone","Super Cool","Rush
JUST CHILL When you play this character, if you have another Super character in play, you may exert chosen opposing character.","","src/cards/012/characters/226-frozone-super-cool-enchanted.i18n.ts","translated"
"set12-227-enchanted","xPk","ci_tct","set12","227","character","Luisa Madrigal","Confident Climber","Shift 3 {I}
I CAN TAKE IT 1 {I} — Move up to 1 damage from chosen character of yours to this character. Then, if this character has 3 or more damage, move all damage from this character to chosen opposing character.","","src/cards/012/characters/227-luisa-madrigal-confident-climber-enchanted.i18n.ts","translated"
"set12-228-enchanted","b3r","ci_cRy","set12","228","item","DunBroch Family Tapestry","","TORN APART This item enters play exerted.
MEND THE BOND {E}, Banish this item — Each player shuffles all character cards from their discard into their deck.","","src/cards/012/items/228-dunbroch-family-tapestry-enchanted.i18n.ts","translated"
"set12-229-enchanted","kR5","ci_m43","set12","229","character","Alien","True Believer","WE ARE ONE This character gets +1 {S} for each other Toy character you have in play.
HE HAS BEEN CHOSEN During your turn, when this character is banished, return another character card named Alien from your discard to your hand.","","src/cards/012/characters/229-alien-true-believer-enchanted.i18n.ts","translated"
"set12-230-enchanted","J65","ci_d9j","set12","230","character","Milo Thatch","Getting His Hands Dirty","Ward
SCHOLAR'S GAMBIT When you play this character, you may choose and discard a card to return chosen character to their player's hand.
PRACTICAL KNOWLEDGE At the end of your turn, if 2 or more cards were put into your discard this turn, draw a card.","","src/cards/012/characters/230-milo-thatch-getting-his-hands-dirty-enchanted.i18n.ts","translated"
"set12-231-enchanted","96D","ci_idk","set12","231","action","The Family Scattered","","Chosen opponent chooses 3 of their characters and returns one of those cards to their hand, puts one on the bottom of their deck, and puts one on the top of their deck.","","src/cards/012/actions/231-the-family-scattered-enchanted.i18n.ts","translated"
"set12-232-enchanted","B2O","ci_rvl","set12","232","character","Jack-Jack Parr","Incredible Potential","WEIRD THINGS ARE HAPPENING At the start of your turn, you may put the top card of your deck into your discard. If its card type is:
• character, this character gets +2 {S} this turn.
• action or item, this character gets +2 {L} this turn.
• location, banish chosen character.","","src/cards/012/characters/232-jack-jack-parr-incredible-potential-enchanted.i18n.ts","translated"
"set12-233-enchanted","ESm","ci_lYe","set12","233","character","The Leviathan","Guardian of Atlantis","IT'S A MACHINE! When you play this character, if 2 or more cards were put into your discard this turn, you may banish any number of chosen opposing characters with total {S} 10 or less.","","src/cards/012/characters/233-the-leviathan-guardian-of-atlantis-enchanted.i18n.ts","translated"
"set12-234-enchanted","pSs","ci_qoz","set12","234","character","Mr. Incredible","Super Strong","Shift 3 {I} (You may pay 3 {I} to play this on top of one of your characters named Mr. Incredible.)
ALWAYS UNITED This character gets +2 {S} for each other character you have in play.
LET'S DO THIS! Whenever one of your Super characters challenges another character, draw a card.","","src/cards/012/characters/234-mr-incredible-super-strong-enchanted.i18n.ts","translated"
"set12-235-enchanted","vYu","ci_lnZ","set12","235","character","Zipper","Big Helper","Shift 2 {I}
BUZZING ENTHUSIASM Whenever this character quests, you may add his {W} to another chosen character's {S} this turn.","","src/cards/012/characters/235-zipper-big-helper-enchanted.i18n.ts","translated"
"set12-236-enchanted","n0L","ci_21E","set12","236","character","Kida","Crystal Scion","Shift 6 {I}
FLOOD OF POWER When you play this character, each player may put up to 5 cards from their discard into their inkwell facedown and exerted.
THE PATH REVEALED 7 {I} — Look at the top 2 cards of your deck. Put one into your hand and the other on the bottom of your deck.","","src/cards/012/characters/236-kida-crystal-scion-enchanted.i18n.ts","translated"
"set12-237-enchanted","rdT","ci_GBS","set12","237","action","What Else Can I Do?","","Look at the top 2 cards of your deck. Put one into your hand and the other into your inkwell facedown and exerted. If a character sang this song, your characters gain Ward until the start of your next turn.","","src/cards/012/actions/237-what-else-can-i-do-enchanted.i18n.ts","translated"
"set12-238-enchanted","dtA","ci_wqr","set12","238","character","Syndrome","Out for Revenge","Shift 4 {I}
GOT ME MONOLOGUING! Whenever this character quests, return a Robot character card from your discard to your hand. Then, you may play or shift a Robot character with cost 8 or less for free.","","src/cards/012/characters/238-syndrome-out-for-revenge-enchanted.i18n.ts","translated"
"set12-239-enchanted","u20","ci_2J3","set12","239","character","Mrs. Incredible","Determined Rescuer","Shift 5 {I}
PULL BACK Your characters gain Resist +1.
REGROUP During your turn, whenever another character is banished in a challenge, you may ready chosen Super character. If you do, they can't quest for the rest of this turn.","","src/cards/012/characters/239-mrs-incredible-determined-rescuer-enchanted.i18n.ts","translated"
"set12-240-enchanted","2yB","ci_kgN","set12","240","action","Touch the Sky","","Move a character of yours to a location for free. Then, draw cards equal to that location's {L}.","","src/cards/012/actions/240-touch-the-sky-enchanted.i18n.ts","translated"
"set12-241-iconic","vFM","ci_KHv","set12","241","character","Buzz Lightyear","Jungle Ranger","Shift 5 {I}
TAKE CHARGE When you play this character, you may return an action card with cost 7 or less from your discard to your hand.
ADVANCED TRAINING Whenever you play an action, chosen character gets +1 {L} this turn.","","src/cards/012/characters/241-buzz-lightyear-jungle-ranger-iconic.i18n.ts","translated"
"set12-242-iconic","It2","ci_m1s","set12","242","character","Merida","Formidable Archer","FULL QUIVER When you play this character, you may return an action card named Three Arrows from your discard to your hand.
STEADY AIM Whenever one of your actions deals damage to an opposing character, deal 2 damage to that character.","","src/cards/012/characters/242-merida-formidable-archer-iconic.i18n.ts","translated"
"set12-p3-043-promo","QKW","ci_BW6","set12-p3","43","character","Ariel","Curious Traveler","FAMILIAR GROUND Whenever this character quests, if you played another character this turn, chosen opposing character can't challenge and must quest during their next turn if able.","","src/cards/012/characters/p3-043-ariel-curious-traveler-promo.i18n.ts","translated"
"set12-p3-044-promo","eg5","ci_6j1","set12-p3","44","character","Maleficent","Imperious Traveler","HEED MY WORDS Whenever this character quests, if you played another character this turn, you may exert chosen opposing character.","","src/cards/012/characters/p3-044-maleficent-imperious-traveler-promo.i18n.ts","translated"
"set12-p3-045-promo","64O","ci_u7q","set12-p3","45","character","Cruella De Vil","Judgmental Traveler","YOU'RE OUT OF FASHION Whenever this character quests, if you played another character this turn, you may banish chosen damaged character.","","src/cards/012/characters/p3-045-cruella-de-vil-judgmental-traveler-promo.i18n.ts","translated"
"set12-p3-046-promo","p25","ci_nFK","set12-p3","46","character","Queen of Hearts","Impatient Traveler","ROYAL COMMAND Whenever this character quests, if you played another character this turn, chosen character gains Rush this turn. (They can challenge the turn they're played.)","","src/cards/012/characters/p3-046-queen-of-hearts-impatient-traveler-promo.i18n.ts","translated"
"set12-p3-047-promo","v1S","ci_fXG","set12-p3","47","character","Cinderella","Resourceful Traveler","THIS AND THAT Whenever this character quests, if you played another character this turn, you may put the top card of your deck into your inkwell facedown and exerted.","","src/cards/012/characters/p3-047-cinderella-resourceful-traveler-promo.i18n.ts","translated"
"set12-p3-048-promo","Zxd","ci_iIv","set12-p3","48","character","Pocahontas","Steadfast Traveler","WANDERING SPIRIT Whenever this character quests, if you played another character this turn, return a location card from your discard to your hand.","","src/cards/012/characters/p3-048-pocahontas-steadfast-traveler-promo.i18n.ts","translated"
"set12-p3-049-challenge","rxX","ci_dp1","set12-p3","49","character","Lenny","Toy Binoculars","TAKE A GOOD LOOK When you play this character, chosen opponent reveals their hand and discards an action card of your choice.
COMIN' UP FAST Once during your turn, whenever you play an action, you may ready this character.","","src/cards/012/characters/p3-049-lenny-toy-binoculars-challenge.i18n.ts","translated"
"set12-p3-050-challenge","ED6","ci_6uh","set12-p3","50","character","Zipper","Tiny Helper","undefined","","src/cards/012/characters/p3-050-zipper-tiny-helper-challenge.i18n.ts","translated"
"set12-p3-051-challenge","huu","ci_SZs","set12-p3","51","character","Will o' the Wisp","Forest Spirit","COME ON OUT When this character is banished in a challenge, you may return this card to your hand.","","src/cards/012/characters/p3-051-will-o-the-wisp-forest-spirit-challenge.i18n.ts","translated"
"set12-p3-052-promo","Z65","ci_W3N","set12-p3","52","character","Dash Parr","Lava Runner","Rush
RECORD TIME This character can quest the turn he's played.","","src/cards/012/characters/p3-052-dash-parr-lava-runner-promo.i18n.ts","translated"
"set12-p3-053-challenge","0Op","ci_1z1","set12-p3","53","character","Woody","Jungle Guide","Shift 3 {I}
LET'S GET MOVIN' Whenever this character quests, draw a card. Then, you may play a character with cost 2 or less for free.
EVERYONE GATHER 'ROUND Your other Toy characters get +1 {W}.","","src/cards/012/characters/p3-053-woody-jungle-guide-challenge.i18n.ts","translated"
"set12-p3-054-challenge","6Vg","ci_1z1","set12-p3","54","character","Woody","Jungle Guide","Shift 3 {I}
LET'S GET MOVIN' Whenever this character quests, draw a card. Then, you may play a character with cost 2 or less for free.
EVERYONE GATHER 'ROUND Your other Toy characters get +1 {W}.","","src/cards/012/characters/p3-054-woody-jungle-guide-challenge.i18n.ts","translated"
"set12-p3-055-promo","iqR","ci_YdE","set12-p3","55","character","Violet Parr","Learning New Powers","Evasive
DEFLECT When you play this character, you may move 1 damage from chosen character to chosen opposing character.","","src/cards/012/characters/p3-055-violet-parr-learning-new-powers-promo.i18n.ts","translated"
"set13-001","oR5","ci_oR5","set13","1","character","Woody","Helping a Friend","HANG ON! When you play this character, choose one of the following. If you have another Toy character in play, choose both instead:
• You may return a character card with cost 2 or less from your discard to your hand.
• You may play a character with cost 2 or less for free.","","src/cards/013/characters/001-woody-helping-a-friend.i18n.ts","translated"
"set13-002","QI3","ci_QI3","set13","2","character","Ming Lee","Proud Parent","BIGGEST FAN If you have a character named Meilin Lee in play, you pay 1 {I} less to play this character.

FOLLOW THE MUSIC If you played a song this turn, you pay 1 {I} less to play this character.","","src/cards/013/characters/002-ming-lee-proud-parent.i18n.ts","translated"
"set13-003","KFE","ci_KFE","set13","3","character","Isabela Madrigal","Kind Cultivator","undefined","","src/cards/013/characters/003-isabela-madrigal-kind-cultivator.i18n.ts","translated"
"set13-004","JHz","ci_JHz","set13","4","character","Tyler Nguyen-Baker","4*Town Fan","undefined","","src/cards/013/characters/004-tyler-nguyen-baker-4town-fan.i18n.ts","translated"
"set13-005","6c3","ci_6c3","set13","5","character","Rabbit","Hunny Paladin","Bodyguard (This character may enter play exerted.
An opposing character who challenges one of your characters must choose one with Bodyguard if able.)
HUNNY AURA When you play this character,
chosen Hunny character gets +1 {L} this turn.","","src/cards/013/characters/005-rabbit-hunny-paladin.i18n.ts","translated"
"set13-006","mJ6","ci_mJ6","set13","6","character","Celia Mae","Friendly Receptionist","PLEASE HOLD When you play this character, you may pay 1 {I} to ready chosen character of yours. They can't quest or challenge for the rest of this turn.","","src/cards/013/characters/006-celia-mae-friendly-receptionist.i18n.ts","translated"
"set13-007","EL8","ci_EL8","set13","7","character","Meilin Lee","Lead Vocalist","Singer 3
BAND LOYALTY This character can't sing songs without Sing Together.","","src/cards/013/characters/007-meilin-lee-lead-vocalist.i18n.ts","translated"
"set13-008","eK4","ci_eK4","set13","8","character","Priya Mangal","Serious Music Lover","THIS IS MY JAM When you play this character, if there's a song card in your discard, gain 1 lore.","","src/cards/013/characters/008-priya-mangal-serious-music-lover.i18n.ts","translated"
"set13-009","Zcu","ci_Zcu","set13","9","character","Miriam Mendelsohn","Ticket Holder","I GOT 'EM! When you play this character, each player draws a card.","","src/cards/013/characters/009-miriam-mendelsohn-ticket-holder.i18n.ts","translated"
"set13-010","ZT4","ci_ZT4","set13","10","character","Lilo","Patient Weaver","Support","","src/cards/013/characters/010-lilo-patient-weaver.i18n.ts","translated"
"set13-011","e1z","ci_e1z","set13","11","character","Kocoum","Defender of the Tribe","Bodyguard","","src/cards/013/characters/011-kocoum-defender-of-the-tribe.i18n.ts","translated"
"set13-012","8Ki","ci_4vv","set13","12","character","Pocahontas","Guiding the Tribe","\Stay Close\ When you play this character, you may play a character with cost 1 for free.","","src/cards/013/characters/012-pocahontas-guiding-the-tribe.i18n.ts","translated"
"set13-013","30e","ci_30e","set13","13","character","Woody","Town Sheriff","MOVE ALONG When you play this character, until the start of your next turn, chosen opposing character can't challenge and must quest if able.","","src/cards/013/characters/013-woody-town-sheriff.i18n.ts","translated"
"set13-014","UTH","ci_UTH","set13","14","character","Abby Park","Over the Top","ROCK THE MIC Once during your turn, whenever you play a song, you may ready this character. If you do, she can't quest or challenge for the rest of this turn.","","src/cards/013/characters/014-abby-park-over-the-top.i18n.ts","translated"
"set13-015","n0Q","ci_n0Q","set13","15","character","Gaston","Superior Archer","\Watch This!\ When you play this character, you may banish chosen character with 5 {S} or more.","","src/cards/013/characters/015-gaston-superior-archer.i18n.ts","translated"
"set13-016","m2j","ci_m2j","set13","16","character","Meilin Lee","Losing Control","RED PANDA POWER When you play this character, look at the top 4 cards of your deck. You may reveal a Red Panda character card or a song card and put it into your hand. Put the rest on the bottom of your deck in any order.","","src/cards/013/characters/016-meilin-lee-losing-control.i18n.ts","translated"
"set13-017","iZx","ci_iZx","set13","17","character","4*Town","Hottest Band of the Year","Singer 5 

STAR PERFORMANCE Whenever this character sings a song with Sing Together, draw a card.","","src/cards/013/characters/017-4town-hottest-band-of-the-year.i18n.ts","translated"
"set13-018","35R","ci_35R","set13","18","character","Mike Wazowski","Heroic Climber","FIND A FRIEND When you play this character and whenever he quests, each player reveals the top card of their deck. If it's a character card, they may put it into their hand. Otherwise, put it on the bottom of their deck.","","src/cards/013/characters/018-mike-wazowski-heroic-climber.i18n.ts","translated"
"set13-019","vlw","ci_vlw","set13","19","character","Boo","In Disguise","\You're Safe Now\ While you have an exerted character named Sulley in play, this character can't be challenged.","","src/cards/013/characters/019-boo-in-disguise.i18n.ts","translated"
"set13-020","uWS","ci_uWS","set13","20","character","Jasmine","Vine Expert","SHARED RESOURCES When you play this character, each player draws a card.","","src/cards/013/characters/020-jasmine-vine-expert.i18n.ts","translated"
"set13-021","k4t","ci_k4t","set13","21","character","Mike Wazowski","Well-Rounded Entertainer","MAKE 'EM LAUGH When you play this character, you may pay 2 {I} to give chosen character +1 {L} this turn.","","src/cards/013/characters/021-mike-wazowski-well-rounded-entertainer.i18n.ts","translated"
"set13-022","Dyo","ci_Dyo","set13","22","character","The Horned King","Merciless Master","CAULDRON'S POWER While this character is exerted, you may play characters from your discard. If you do, they enter play exerted. (You pay all costs.)","","src/cards/013/characters/022-the-horned-king-merciless-master.i18n.ts","translated"
"set13-023","m1n","ci_m1n","set13","23","character","Kanga","Hunny Bard","Singer 5","","src/cards/013/characters/023-kanga-hunny-bard.i18n.ts","translated"
"set13-024","Vn7","ci_Vn7","set13","24","character","Sulley","The New Boss","Bodyguard

REHIRE When you play this character, you may return a character card from your discard to your hand.","","src/cards/013/characters/024-sulley-the-new-boss.i18n.ts","translated"
"set13-025","rBA","ci_rBA","set13","25","character","Mirabel Madrigal","Family Guardian","MIRACULOUS PROTECTION Whenever you remove damage from one of your characters, you may ready them. If you do, they can't quest or challenge for the rest of this turn.","","src/cards/013/characters/025-mirabel-madrigal-family-guardian.i18n.ts","translated"
"set13-026","Y3S","ci_Y3S","set13","26","character","Ursula","Created by the Vine","ENERGY SAP Whenever one of your Floodborn characters quests, chosen opposing character gets -1 {S} until the start of your next turn.","","src/cards/013/characters/026-ursula-created-by-the-vine.i18n.ts","translated"
"set13-027","uQO","ci_uQO","set13","27","character","Pocahontas & Meeko","Adventurous Friends","Shift 2 {I}
Evasive
WELCOME RETURN Whenever this character quests, you may return chosen character of yours with cost 1 to your hand. If you do, you may play a character with cost 1 for free.","","src/cards/013/characters/027-pocahontas-meeko-adventurous-friends.i18n.ts","translated"
"set13-028","OZw","ci_OZw","set13","28","character","Woody & Buzz Lightyear","Best Buddies","Shift 5 {I}
TO INFINITY... When you play this character, if chosen opponent has more cards in their hand than you, draw cards until you have the same number.... AND BEYOND! Whenever this character quests, you may play a card with cost 2 or less for free.","","src/cards/013/characters/028-woody-buzz-lightyear-best-buddies.i18n.ts","translated"
"set13-029","1Iy","ci_1Iy","set13","29","character","Sulley & Boo","Scare Buddies","Combo Shift 4 {I}

THE POWER OF FRIENDSHIP When this character is banished, if any of the cards that were under them are character cards, you may play those characters from your discard for free.","","src/cards/013/characters/029-sulley-boo-scare-buddies.i18n.ts","translated"
"set13-030","wAj","ci_wAj","set13","30","character","The Madrigal Family","Every Generation","Madrigal Shift 3 {I} (You may pay 3 {I} to play this on top of one of your Madrigal characters.)

FAMILY BLESSINGS Once during your turn, whenever you remove 1 or more damage from one of your characters, put the top card of your deck into your inkwell facedown and exerted.","","src/cards/013/characters/030-the-madrigal-family-every-generation.i18n.ts","translated"
"set13-031","did","ci_Hvk","set13","31","character","Lilo & Stitch","Fun-Loving Friends","Shift 3 {I}

Resist +1

Support","","src/cards/013/characters/031-lilo-stitch-fun-loving-friends.i18n.ts","translated"
"set13-032","3Jh","ci_3Jh","set13","32","action","If I Didn't Have You","","You and another chosen player each draw 2 cards.","","src/cards/013/actions/032-if-i-didnt-have-you.i18n.ts","translated"
"set13-033","P8M","ci_P8M","set13","33","action","I'm Never Not by Your Side","","Sing Together 5 (Any number of your or your teammates' characters with total cost 5 or more may {E} to sing this song for free.)

Remove up to 4 damage total from any number of your characters. You gain 1 lore for each 1 damage removed this way.","","src/cards/013/actions/033-im-never-not-by-your-side.i18n.ts","translated"
"set13-034","0fd","ci_0fd","set13","34","action","Besties, Assemble!","","Look at the top 4 cards of your deck. You may reveal a character card and put it into your hand. Put the rest on the bottom of your deck in any order.","","src/cards/013/actions/034-besties-assemble.i18n.ts","translated"
"set13-035","pE4","ci_pE4","set13","35","action","Nobody Like U","","Sing Together 5 (Any number of your or your teammates' characters with total cost 5 or more may exert to sing this song for free.)
Play a character with cost 4 of less for free.","","src/cards/013/actions/035-nobody-like-u.i18n.ts","translated"
"set13-036","0mK","ci_0mK","set13","36","item","Powhatan's Staff","","STEP FORWARD {E}, 1{I} — The next character you play this turn enters play exerted and gains Bodyguard until the start of your next turn. (An opposing character who challenges one of your characters must choose one with Bodyguard if able.)","","src/cards/013/items/036-powhatans-staff.i18n.ts","translated"
"set13-037","gWy","ci_gWy","set13","37","location","Rapunzel's Tower","Taken by the Vine","\Embracing Change\ Your Floodborn characters get +2 {W}.","","src/cards/013/locations/037-rapunzels-tower-taken-by-the-vine.i18n.ts","translated"
"set13-038","ZZG","ci_ZZG","set13","38","character","Fflewddur Fflam","Luckless Bard","\Chasing Adventure\ When you play this character, if a character of yours quested this turn, draw a card.","","src/cards/013/characters/038-fflewddur-fflam-luckless-bard.i18n.ts","translated"
"set13-039","cU7","ci_cU7","set13","39","character","Maleficent","Exultant Spellcaster","undefined","","src/cards/013/characters/039-maleficent-exultant-spellcaster.i18n.ts","translated"
"set13-040","FIF","ci_FIF","set13","40","character","Winnie the Pooh","Hunny Archmage","STICK TOGETHER While you have 2 or more other Hunny characters in play, this character gets +2 {L}.","","src/cards/013/characters/040-winnie-the-pooh-hunny-archmage.i18n.ts","translated"
"set13-041","CnY","ci_CnY","set13","41","character","Panic","Hammer Enthusiast","Rush","","src/cards/013/characters/041-panic-hammer-enthusiast.i18n.ts","translated"
"set13-042","K9Q","ci_K9Q","set13","42","character","Lumpy","Hunny Druid","WELCOME HEALING When you play this character, you may move up to 2 damage from chosen character to chosen opposing character.","","src/cards/013/characters/042-lumpy-hunny-druid.i18n.ts","translated"
"set13-043","fpN","ci_fpN","set13","43","character","Abu","Wise Sultan","\Ruler for a Day\ When this character quests, banish him.","","src/cards/013/characters/043-abu-wise-sultan.i18n.ts","translated"
"set13-044","o4M","ci_o4M","set13","44","character","Meilin Lee","Superficially Obedient","NEWFOUND CONFIDENCE When you shift a character on top of her, this character gains Evasive until the start of your next turn.","","src/cards/013/characters/044-meilin-lee-superficially-obedient.i18n.ts","translated"
"set13-045","xGR","ci_xGR","set13","45","character","Genie","Hard to Grasp","Evasive","","src/cards/013/characters/045-genie-hard-to-grasp.i18n.ts","translated"
"set13-046","NS7","ci_iYJ","set13","46","character","Vixey","Expert Fisher","\Stealing In\ When you play this character, if you have a character with Evasive in play, you may return chosen character, item, or location with cost 2 or less to their player's hand.","","src/cards/013/characters/046-vixey-expert-fisher.i18n.ts","translated"
"set13-047","8t3","ci_8t3","set13","47","character","Meeko","Lucky Raccoon","undefined","","src/cards/013/characters/047-meeko-lucky-raccoon.i18n.ts","translated"
"set13-048","kJR","ci_kJR","set13","48","character","Pain","Running with Scissors","MULTIPURPOSE TOOL When you play this character, if you have a character card named Panic in your discard, gain 2 lore.","","src/cards/013/characters/048-pain-running-with-scissors.i18n.ts","translated"
"set13-049","N4W","ci_N4W","set13","49","character","Ming Lee","Overprotective Parent","YOU'RE GROUNDED When you shift a character on top of this character, chosen opposing exerted character can't ready at the start of their next turn.","","src/cards/013/characters/049-ming-lee-overprotective-parent.i18n.ts","translated"
"set13-050","EAT","ci_EAT","set13","50","character","Merida","Wisp Conjurer","FOCUSED ENERGY This character may enter play exerted to draw a card.

BECKON During your turn, whenever another character of yours enters play exerted, you may draw a card.","","src/cards/013/characters/050-merida-wisp-conjurer.i18n.ts","translated"
"set13-051","qAV","ci_qAV","set13","51","character","Mrs. Incredible","Created by the Vine","TORRENT Whenever one of your Floodborn characters quests, you pay 1{I} less for the next character you shift this turn.","","src/cards/013/characters/051-mrs-incredible-created-by-the-vine.i18n.ts","translated"
"set13-052","jiP","ci_jiP","set13","52","character","Pete","Created by the Vine","THORNY OVERGROWTH Your Floodborn characters gain Challenger +1. (They get +1 {S} while challenging.)","","src/cards/013/characters/052-pete-created-by-the-vine.i18n.ts","translated"
"set13-053","R3I","ci_R3I","set13","53","character","Grandma Wu","Wise Grandmother","Challenger +2

\Ancestral Understanding\ When you shift a character on top of this character, gain 1 lore.","","src/cards/013/characters/053-grandma-wu-wise-grandmother.i18n.ts","translated"
"set13-054","HAa","ci_HAa","set13","54","character","Heihei","Created by the Vine","\Botanical Remedy\ Whenever one of your Floodborn characters quests, you may move 1 damage from chosen character to chosen opposing character.","","src/cards/013/characters/054-heihei-created-by-the-vine.i18n.ts","translated"
"set13-055","TBN","ci_TBN","set13","55","character","Hera","Created by the Vine","MYSTICAL BOON Whenever you play this or another Floodborn character, gain 1 lore.","","src/cards/013/characters/055-hera-created-by-the-vine.i18n.ts","translated"
"set13-056","gng","ci_gng","set13","56","character","Tinker Bell","Finding a Way","undefined","","src/cards/013/characters/056-tinker-bell-finding-a-way.i18n.ts","translated"
"set13-057","yd8","ci_yd8","set13","57","character","Morph","Little Imitator","ADVANCED MIMICRY You can shift any character on top of this character. (This includes all Shift variants.)","","src/cards/013/characters/057-morph-little-imitator.i18n.ts","translated"
"set13-058","rpe","ci_rpe","set13","58","character","Peter Pan","Playful Prankster","STAY RIGHT THERE When you play this character, chosen opposing character can't ready at the start of their next turn.","","src/cards/013/characters/058-peter-pan-playful-prankster.i18n.ts","translated"
"set13-059","qev","ci_qev","set13","59","character","Aladdin & Genie","Mischievous Pals","Shift 3 (You may pay 3 to play this on top of one of your characters named Aladdin or Genie.)
SLEIGHT OF HAND When you play this character, you may put any number of cards from your hand on the bottom of your deck in any order. If you do, draw that number of cards plus 1.","","src/cards/013/characters/059-aladdin-genie-mischievous-pals.i18n.ts","translated"
"set13-060","3n0","ci_3n0","set13","60","character","Peter Pan & Tinker Bell","Fast Friends","Shift 4 {I}
YOU CAN FLY! Your characters gain Evasive.","","src/cards/013/characters/060-peter-pan-tinker-bell-fast-friends.i18n.ts","translated"
"set13-061","JX3","ci_JX3","set13","61","character","Christopher Robin","Hunny Sage","GATHER THE PARTY You can have other Hunny characters in your deck regardless of ink type.

MAGICAL SUMMONS When you play this character, you may search your deck for a Hunny card, reveal it, and put it in your hand. If you do, shuffle your deck.","","src/cards/013/characters/061-christopher-robin-hunny-sage.i18n.ts","translated"
"set13-062","NXy","ci_NXy","set13","62","character","Winnie the Pooh & Piglet","Hunny Mages","Shift 3 {I}

MAGICAL MIX This character gets +1 {L} for each different ink type of characters you have in play.","","src/cards/013/characters/062-winnie-the-pooh-piglet-hunny-mages.i18n.ts","translated"
"set13-063","yFO","ci_yFO","set13","63","character","Maleficent & Diablo","Evil Incarnate","Shift 5 {I}

\Fools!\ You may put 5 character cards from your discard on the bottom of your deck in any order to shift this character for free.

\Raven's Call\ During your turn, whenever this character exerts, draw a card.","","src/cards/013/characters/063-maleficent-diablo-evil-incarnate.i18n.ts","translated"
"set13-064","dYy","ci_dYy","set13","64","action","You've Got Some Punch","","Chosen character gains rush and Challenger +2 this turn. (They can challenge the turn they're played. They get +2 strength while challenging.)","","src/cards/013/actions/064-youve-got-some-punch.i18n.ts","translated"
"set13-065","QV6","ci_QV6","set13","65","action","With a Few Good Friends","","Sing Together 6 (Any number of your or your teammates' characters with total cost 6 or more may {E} to sing this song for free.)

Chosen player draws a card for each different ink type of characters you have in play.","","src/cards/013/actions/065-with-a-few-good-friends.i18n.ts","translated"
"set13-066","eVx","ci_eVx","set13","66","action","Petrify","","Exert chosen opposing character.","","src/cards/013/actions/066-petrify.i18n.ts","translated"
"set13-067","AFL","ci_AFL","set13","67","action","One and Only","","Choose a character. Banish all other characters with the same name as that character.","","src/cards/013/actions/067-one-and-only.i18n.ts","translated"
"set13-068","rZl","ci_rZl","set13","68","action","Protective Aura","","Your Floodborn characters gain Evasive until the start of your next turn.","","src/cards/013/actions/068-protective-aura.i18n.ts","translated"
"set13-069","vU3","ci_vU3","set13","69","action","Narrow Escape","","Return up to 2 chosen characters, items, or locations with cost 2 or less each to their player's hand.","","src/cards/013/actions/069-narrow-escape.i18n.ts","translated"
"set13-070","L8A","ci_L8A","set13","70","item","Broken Pod","","RENEWAL PROCESS {E}, 1 {I} — Put a card from chosen player's discard on the bottom of their deck.","","src/cards/013/items/070-broken-pod.i18n.ts","translated"
"set13-071","7J0","ci_7J0","set13","71","item","Magical Hunny Staff","","GIFT OF THE HIVE Once during your turn, you may pay 1 {I} to give chosen character of yours the Hunny classification until the start of your next turn.

SPELL OF SWIFTNESS {E}, 2 {I} — Chosen Hunny character of yours gains Evasive until the start of your next turn.","","src/cards/013/items/071-magical-hunny-staff.i18n.ts","translated"
"set13-072","Srm","ci_Srm","set13","72","item","Source of the Vine","","SIPHON Whenever an opposing character quests, you gain 1 lore unless their player pays 1 {I}.
RADIANT BLOOM {E}, 2 {I} — Gain 1 lore.","","src/cards/013/items/072-source-of-the-vine.i18n.ts","translated"
"set13-073","6Uy","ci_6Uy","set13","73","location","Ring of Stones","Taken by the Vine","DEEP WISDOM Your Floodborn characters get +1 lore.","","src/cards/013/locations/073-ring-of-stones-taken-by-the-vine.i18n.ts","translated"
"set13-074","H16","ci_H16","set13","74","character","Carl Fredricksen","Loving Husband","TAKE MY HAND When you play this character, you pay 2 {I} less for the next character named Ellie Fredricksen you play this turn.","","src/cards/013/characters/074-carl-fredricksen-loving-husband.i18n.ts","translated"
"set13-075","c9O","ci_c9O","set13","75","character","Ellie Fredricksen","Loving Wife","ADVENTUROUS HEART Whenever you play a location, gain 1 lore.","","src/cards/013/characters/075-ellie-fredricksen-loving-wife.i18n.ts","translated"
"set13-076","1Ro","ci_1Ro","set13","76","character","Buzz Lightyear","Grounded","NOT A FLYING TOY This character can't gain Evasive.","","src/cards/013/characters/076-buzz-lightyear-grounded.i18n.ts","translated"
"set13-077","S4A","ci_cAP","set13","77","character","Buzz Lightyear","Providing Cover","\Action Figure\ When you play this character, choose one of the following. If you have another Toy character in play, choose both instead:
• You may return an action card with cost 2 or less from your discard to your hand.
• You may play an action with cost 2 or less for free.","","src/cards/013/characters/077-buzz-lightyear-providing-cover.i18n.ts","translated"
"set13-078","Fk5","ci_Fk5","set13","78","character","Gopher","Hunny Cook","DOWN THE HOLE This character may enter play exerted.

FORTIFYING MEAL During an opponent's turn, while this character is exerted, your other Hunny characters gain Resist +1.","","src/cards/013/characters/078-gopher-hunny-cook.i18n.ts","translated"
"set13-079","Xan","ci_Xan","set13","79","character","Russell","Senior Wilderness Explorer","Shift 3 {I}
BASE CAMP Your characters at locations get +1{S}.
GOOD LEADERSHIP Whenever one of your characters with 4{S} or more quests, gain 1 lore.","","src/cards/013/characters/079-russell-senior-wilderness-explorer.i18n.ts","translated"
"set13-080","uOc","ci_uOc","set13","80","character","Rapunzel","Tower Defender","THE FATE'S DESIGN When you play this character, you may choose and discard a card. If you do, return chosen character to their player's hand.","","src/cards/013/characters/080-rapunzel-tower-defender.i18n.ts","translated"
"set13-081","zm4","ci_zm4","set13","81","character","Tod","Clever Fox","\Problem Solving\ When you play this character, draw 2 cards, then choose and discard a card.","","src/cards/013/characters/081-tod-clever-fox.i18n.ts","translated"
"set13-082","5au","ci_5au","set13","82","character","Russell","Junior Wilderness Explorer","ASSISTING THE ELDERLY BADGE Whenever this character quests, you may move him and one of your other characters to the same location for free.","","src/cards/013/characters/082-russell-junior-wilderness-explorer.i18n.ts","translated"
"set13-083","4I7","ci_4I7","set13","83","character","Roo","Hunny Rogue","Ward

ELUSIVE EXPERTISE While you have another Hunny character in play, this character gains Evasive.","","src/cards/013/characters/083-roo-hunny-rogue.i18n.ts","translated"
"set13-084","2Gw","ci_2Gw","set13","84","character","Winifred","Exasperated Elephant","Ward","","src/cards/013/characters/084-winifred-exasperated-elephant.i18n.ts","translated"
"set13-085","OkJ","ci_OkJ","set13","85","character","Aladdin","Doing His Part","\Clear It Out\ When you play this character, you may pay 1 {I} to banish chosen item.","","src/cards/013/characters/085-aladdin-doing-his-part.i18n.ts","translated"
"set13-086","j84","ci_j84","set13","86","character","Madam Mim","Hummingbird","Evasive

\Just How I Like It\ All cards in your hand count as having {C}.","","src/cards/013/characters/086-madam-mim-hummingbird.i18n.ts","translated"
"set13-087","J61","ci_J61","set13","87","character","Minnie Mouse","Curious Adventurer","undefined","","src/cards/013/characters/087-minnie-mouse-curious-adventurer.i18n.ts","translated"
"set13-088","kl5","ci_kl5","set13","88","character","Kevin","Flightless Bird","BACK TO THE NEST Whenever this character quests, put this card on the top of your deck.","","src/cards/013/characters/088-kevin-flightless-bird.i18n.ts","translated"
"set13-089","ATq","ci_9kq","set13","89","character","Peter Pan","Created by the Vine","\Clever Trick\ Whenever one of your Floodborn characters is challenged, the challenging player chooses and discards a card.","","src/cards/013/characters/089-peter-pan-created-by-the-vine.i18n.ts","translated"
"set13-090","7VX","ci_7VX","set13","90","character","Copper","Creative Storyteller","undefined","","src/cards/013/characters/090-copper-creative-storyteller.i18n.ts","translated"
"set13-091","yZR","ci_yZR","set13","91","character","Posey","Vampire Potato","Potato Shift 5 {I} (You may pay 5 {I} to play this on top of one of your items named Potato.)","","src/cards/013/characters/091-posey-vampire-potato.i18n.ts","translated"
"set13-092","GWn","ci_GWn","set13","92","character","Dr. Bushroot","Evil Botanist","Ward
FAIR IS FAIR Whenever this character is challenged, chosen opponent chooses and discards a card.","","src/cards/013/characters/092-dr-bushroot-evil-botanist.i18n.ts","translated"
"set13-093","v11","ci_v11","set13","93","character","Mother Gothel","Evil as Ever","MUMMY'S BACK During your turn, when you discard this card, you may play this character from your discard. (You pay all costs.)","","src/cards/013/characters/093-mother-gothel-evil-as-ever.i18n.ts","translated"
"set13-094","zHc","ci_zHc","set13","94","character","Tod & Copper","Best of Friends","Shift 2 {I}

Evasive","","src/cards/013/characters/094-tod-copper-best-of-friends.i18n.ts","translated"
"set13-095","zg8","ci_zg8","set13","95","character","Rapunzel","Escaping the Tower","THE CALL OF ADVENTURE Once during your turn, you may discard a card to give this character +1 {L} and Evasive until the start of your next turn.","","src/cards/013/characters/095-rapunzel-escaping-the-tower.i18n.ts","translated"
"set13-096","rAy","ci_rAy","set13","96","character","Cetus","Mighty Serpent","undefined","","src/cards/013/characters/096-cetus-mighty-serpent.i18n.ts","translated"
"set13-097","Bqs","ci_Bqs","set13","97","character","Mushu","Stealthy Dragon","Evasive

\Tip the Scales\ Whenever this character quests, if an opponent has more cards in their hand than you, you may draw a card.","","src/cards/013/characters/097-mushu-stealthy-dragon.i18n.ts","translated"
"set13-098","QUJ","ci_QUJ","set13","98","character","Carl Fredricksen & Russell","Intrepid Explorers","Shift 4 {I}

OUTDOOR SKILLS While this character is at a location, all characters at that location get +1 {L} and gain Evasive.","","src/cards/013/characters/098-carl-fredricksen-russell-intrepid-explorers.i18n.ts","translated"
"set13-099","d10","ci_d10","set13","99","character","Mickey Mouse & Minnie Mouse","Adventuring Duo","Duo Shift 0 {I} (You may pay 0 {I} to play this on top of two of your characters, one named Mickey Mouse and one named Minnie Mouse.)

THINKING OF YOU If this character would be banished, put them into your inkwell facedown and exerted instead.","","src/cards/013/characters/099-mickey-mouse-minnie-mouse-adventuring-duo.i18n.ts","translated"
"set13-100","xno","ci_xno","set13","100","character","Rapunzel & Flynn Rider","Unlikely Pair","Shift 3 {I}
CLEVER SWAP Whenever this character quests, you may draw a card, then choose and discard a card.
FRESH START During your turn, whenever you discard a character card, you may play that character from your discard. (You pay all costs.)","","src/cards/013/characters/100-rapunzel-flynn-rider-unlikely-pair.i18n.ts","translated"
"set13-101","ib5","ci_ib5","set13","101","action","To Wither a Flower","","Deal 2 damage to each opposing damaged character.","","src/cards/013/actions/101-to-wither-a-flower.i18n.ts","translated"
"set13-102","jj2","ci_jj2","set13","102","action","Piercing Attack","","Deal 2 damage to chosen character. This damage can't be reduced by Resist.","","src/cards/013/actions/102-piercing-attack.i18n.ts","translated"
"set13-103","qbi","ci_qbi","set13","103","action","Put That Thing Back","","Return chosen character or item to their player's hand.","","src/cards/013/actions/103-put-that-thing-back.i18n.ts","translated"
"set13-104","11v","ci_11v","set13","104","action","Scout Ahead","","If an opponent has more lore than you, gain 2 lore.","","src/cards/013/actions/104-scout-ahead.i18n.ts","translated"
"set13-105","5EJ","ci_5EJ","set13","105","item","Potato","","FULL OF POTENTIAL This item enters play exerted.","","src/cards/013/items/105-potato.i18n.ts","translated"
"set13-106","ph9","ci_ph9","set13","106","item","My Adventure Book","","NEW MEMORIES {E}, 1{I} — Reveal the top card of your deck. If it's a non-character card or a character card named Kevin, put it into your hand. Otherwise, put it on the bottom of your deck.","","src/cards/013/items/106-my-adventure-book.i18n.ts","translated"
"set13-107","sMI","ci_sMI","set13","107","item","Vine Pod","","FRAGILE HUSK This item enters play exerted.
REGENERATE {E}, 1{I} — Banish chosen character of yours. You may play a character with the same name as that character for free.","","src/cards/013/items/107-vine-pod.i18n.ts","translated"
"set13-108","g5D","ci_g5D","set13","108","location","Paradise Falls","Exotic Destination","\Quite a Sight\ While you have a character here, this location gets +3 {L}.","","src/cards/013/locations/108-paradise-falls-exotic-destination.i18n.ts","translated"
"set13-109","S3p","ci_S3p","set13","109","character","Dash Parr","Super Fast","Shift 3 {I}

Evasive

\Follow Me!\ Whenever this character quests, you may reveal the top card of your deck. If you do, you may play it. Otherwise, put it into your discard. (You pay all costs.)","","src/cards/013/characters/109-dash-parr-super-fast.i18n.ts","translated"
"set13-110","Znx","ci_Znx","set13","110","character","Yzma","Choosy Customer","\Get This Right\ When you play this character, each opponent loses 1 lore.","","src/cards/013/characters/110-yzma-choosy-customer.i18n.ts","translated"
"set13-111","Cqh","ci_Cqh","set13","111","character","Kuzco","Picky Customer","undefined","","src/cards/013/characters/111-kuzco-picky-customer.i18n.ts","translated"
"set13-112","W16","ci_W16","set13","112","character","The Bear","Territorial Animal","\Savage Fury\ While this character has damage, he gets +3 {S}.","","src/cards/013/characters/112-the-bear-territorial-animal.i18n.ts","translated"
"set13-113","Vst","ci_Vst","set13","113","character","Carl Fredricksen","On the Move","MOVING PARTNER Whenever you play a location, you may move this character and up to 1 of your other characters to that location for free.

ADVENTURE AWAITS Whenever this character quests while at a location, draw cards equal to that location's {L}.","","src/cards/013/characters/113-carl-fredricksen-on-the-move.i18n.ts","translated"
"set13-114","ABg","ci_ABg","set13","114","character","Dash Parr","Dodgeball Dynamo","Evasive","","src/cards/013/characters/114-dash-parr-dodgeball-dynamo.i18n.ts","translated"
"set13-115","kLX","ci_kLX","set13","115","character","Gaston","Created by the Vine","DRAWING STRENGTH Your Floodborn characters get +1 {S}.","","src/cards/013/characters/115-gaston-created-by-the-vine.i18n.ts","translated"
"set13-116","vH4","ci_vH4","set13","116","character","Colonel Hathi","On the March","\Hup, Two, Three, Four\ Whenever this character quests, you may move him to one of your locations for free.","","src/cards/013/characters/116-colonel-hathi-on-the-march.i18n.ts","translated"
"set13-117","TXW","ci_TXW","set13","117","character","Splodyhead","Experiment 619","undefined","","src/cards/013/characters/117-splodyhead-experiment-619.i18n.ts","translated"
"set13-118","b3s","ci_b3s","set13","118","character","Pacha","Panicked Customer","Reckless

\Adrenaline Surge\ During your turn, this character gets +4 {S}.","","src/cards/013/characters/118-pacha-panicked-customer.i18n.ts","translated"
"set13-119","wnn","ci_wnn","set13","119","character","Sun Yee","Red Panda Spirit","Temporary Red Panda Shift 2 {I} (You may pay 2 {I} to play this on top of one of your Red Panda characters. At the end of your turn, remove all damage from this character and return only this card to your hand.)","","src/cards/013/characters/119-sun-yee-red-panda-spirit.i18n.ts","translated"
"set13-120","ZQC","ci_ZQC","set13","120","character","Grandma Wu","Fierce Red Panda","Temporary Shift 4 {I} (You may pay 4 {I} to play this on top of one of your characters named Grandma Wu. At the end of your turn, remove all damage from this character and return only this card to your hand.)

\Intimidating Charge\ Whenever this character challenges another character, you gain 2 lore and each opponent loses 2 lore.","","src/cards/013/characters/120-grandma-wu-fierce-red-panda.i18n.ts","translated"
"set13-121","9lN","ci_9lN","set13","121","character","King Louie","King of Swing","Singer 6","","src/cards/013/characters/121-king-louie-king-of-swing.i18n.ts","translated"
"set13-122","C3L","ci_C3L","set13","122","character","Beast","Fierce Defender","\Formidable Love\ While you have a character named Belle in play, this character gets +2 {S}.","","src/cards/013/characters/122-beast-fierce-defender.i18n.ts","translated"
"set13-123","sQP","ci_sQP","set13","123","character","Randall Boggs","Envious Coworker","Evasive

\After-Hours Project\ While all cards in your inkwell are exerted, this character gets +2 {L}.","","src/cards/013/characters/123-randall-boggs-envious-coworker.i18n.ts","translated"
"set13-124","dDv","ci_dDv","set13","124","character","Donald Duck","Vineling Rider","Rush","","src/cards/013/characters/124-donald-duck-vineling-rider.i18n.ts","translated"
"set13-125","KWX","ci_KWX","set13","125","character","Meilin Lee","Popular Red Panda","Temporary Shift 3 {I} (You may pay 3 {I} to play this on top of one of your characters named Meilin Lee. At the end of your turn, remove all damage from this character and return only this card to your hand.)

KARAOKE QUEEN Once during your turn, whenever this character sings a song, gain 3 lore.","","src/cards/013/characters/125-meilin-lee-popular-red-panda.i18n.ts","translated"
"set13-126","OKL","ci_OKL","set13","126","character","Tigger","Hunny Barbarian","Reckless

PROTECTIVE CHARGE Once during your turn, whenever this character challenges another character, you may ready chosen Hunny character. If you do, that character can't quest for the rest of this turn.","","src/cards/013/characters/126-tigger-hunny-barbarian.i18n.ts","translated"
"set13-127","YmS","ci_X9A","set13","127","character","Boo","Energetic Child","Rush

KID-TASTROPHE! Whenever this character challenges another character with 3 {S} or less, banish that character. (No damage is dealt in that challenge.)","","src/cards/013/characters/127-boo-energetic-child.i18n.ts","translated"
"set13-128","hUj","ci_hUj","set13","128","character","Sulley","Protective Monster","\Fearsome Glare\ When you play this character, you may exert all cards in your inkwell.

\Riled Up\ While all cards in your inkwell are exerted, this character gains Rush. (They can challenge the turn they're played.)","","src/cards/013/characters/128-sulley-protective-monster.i18n.ts","translated"
"set13-129","oGi","ci_oGi","set13","129","character","Ming Lee","Giant Red Panda","Temporary Shift 7 {I} (You may pay 7 {I} to play this on top of one of your characters named Ming Lee. At the end of your turn, remove all damage from this character and return only this card to your hand.)

\Path of Destruction\ Whenever this character challenges another character, ready her. She can't quest for the rest of this turn.","","src/cards/013/characters/129-ming-lee-giant-red-panda.i18n.ts","translated"
"set13-130","ner","ci_ner","set13","130","character","Captain Hook","Conniving Pirate","\Have At You\ Whenever this character challenges another character, gain 1 lore.","","src/cards/013/characters/130-captain-hook-conniving-pirate.i18n.ts","translated"
"set13-131","W1X","ci_W1X","set13","131","character","Peter Pan","Vine Duelist","undefined","","src/cards/013/characters/131-peter-pan-vine-duelist.i18n.ts","translated"
"set13-132","kAB","ci_ibA","set13","132","character","Belle & Beast","Certain as the Sun","Shift 6 {I}
INSPIRING DANCE Whenever this character quests, ready all cards in your inkwell.
APPRECIATIVE AUDIENCE 6 {I} — Ready your other characters. They can't quest for the rest of this turn.","","src/cards/013/characters/132-belle-beast-certain-as-the-sun.i18n.ts","translated"
"set13-133","d3T","ci_d3T","set13","133","character","Dash Parr & Violet Parr","Super Siblings","Combo Shift 6 {I}

Evasive, Resist +1
\Incredible Tactics\ Whenever this character quests or challenges, draw a card for each card under them.","","src/cards/013/characters/133-dash-parr-violet-parr-super-siblings.i18n.ts","translated"
"set13-134","9IV","ci_9IV","set13","134","action","Red Moon Ritual","","Sing Together 7 (Any number of your or your teammates' characters with total cost 7 or more may {E} to sing this song for free.)

Banish chosen character.","","src/cards/013/actions/134-red-moon-ritual.i18n.ts","translated"
"set13-135","qZ0","ci_qZ0","set13","135","action","Red Alert","","Banish chosen character with 3 {S} or less. If you have a Monster character in play, chosen opponent loses 1 lore.","","src/cards/013/actions/135-red-alert.i18n.ts","translated"
"set13-136","rm3","ci_rm3","set13","136","action","RAHR!","","Chosen character gets +3 {S} this turn.","","src/cards/013/actions/136-rahr.i18n.ts","translated"
"set13-137","5nw","ci_5nw","set13","137","action","Prophetic Vision","","Shuffle your deck, then reveal the top card. If it's an action card, you may play it for free. Otherwise, put it on the bottom of your deck, then each opponent loses 1 lore and you gain 1 lore.","","src/cards/013/actions/137-prophetic-vision.i18n.ts","translated"
"set13-138","5UQ","ci_5UQ","set13","138","action","It's Gonna Be Great!","","Ready chosen character. They can't quest for the rest of this turn.","","src/cards/013/actions/138-its-gonna-be-great.i18n.ts","translated"
"set13-139","K9I","ci_K9I","set13","139","item","Scream Canister","","\Erratic Screams\ {E}, 2 {I} — Exert all cards in your inkwell. Exert chosen opposing character with 2 {S} or less.","","src/cards/013/items/139-scream-canister.i18n.ts","translated"
"set13-140","PAC","ci_PAC","set13","140","item","Bunch of Balloons","","\Float Away\ When you play this item, choose a location of yours. While this item is in play, that location gains Evasive. (Only characters with Evasive can challenge it.)

\Out of Sight\ 3 {I} — Return this item to your hand.","","src/cards/013/items/140-bunch-of-balloons.i18n.ts","translated"
"set13-141","pbQ","ci_pbQ","set13","141","location","Beast's Castle","Overrun by the Vine","\Imminent Threat\ Your Floodborn characters gain Rush. (They can challenge the turn they're played.)","","src/cards/013/locations/141-beasts-castle-overrun-by-the-vine.i18n.ts","translated"
"set13-142","Zwu","ci_Zwu","set13","142","location","Carl's House","Flying High","\Moving Day\ Once during your turn, you may move chosen character from here to another location for free. If you do, gain 1 lore.","","src/cards/013/locations/142-carls-house-flying-high.i18n.ts","translated"
"set13-143","id9","ci_id9","set13","143","character","Launchpad","Sky Patrol","Alert (This character can challenge as if they had Evasive.)","","src/cards/013/characters/143-launchpad-sky-patrol.i18n.ts","translated"
"set13-144","BnV","ci_BnV","set13","144","character","Dug","Good Boy","\Fetch!\ When you play this character, if you have an item in play, draw a card.","","src/cards/013/characters/144-dug-good-boy.i18n.ts","translated"
"set13-145","zgm","ci_zgm","set13","145","character","Roz","Always Watching","\Always\ Each opponent plays with the top card of their deck faceup.","","src/cards/013/characters/145-roz-always-watching.i18n.ts","translated"
"set13-146","ZPO","ci_7cP","set13","146","character","Merlin","Envisioning the Future","\Minor Trickery\ When you play this character, you may draw a card from the bottom of your deck.

\Age of Inconvenience\ When this character is banished, put this card from your discard on the bottom of your deck.","","src/cards/013/characters/146-merlin-envisioning-the-future.i18n.ts","translated"
"set13-147","Lhx","ci_Lhx","set13","147","character","Quackerjack","Loony Toymaker","EVIL DESIGN When you play this character and whenever he quests, put the top 4 cards of your deck into your discard. You may deal 1 damage to chosen character for each item card put into your discard this way.","","src/cards/013/characters/147-quackerjack-loony-toymaker.i18n.ts","translated"
"set13-148","WGT","ci_WGT","set13","148","character","Belle","Always Reading","DREAMING OF MORE You pay 1 {I} less to shift a character on top of this character.","","src/cards/013/characters/148-belle-always-reading.i18n.ts","translated"
"set13-149","i2l","ci_i2l","set13","149","character","Ellie Fredricksen","Adventure Partner","\Always with You\ When this character is banished, you may put this card into your inkwell facedown and exerted.","","src/cards/013/characters/149-ellie-fredricksen-adventure-partner.i18n.ts","translated"
"set13-150","iGe","ci_iGe","set13","150","character","Mrs. Hasagawa","Fruit Vendor","undefined","","src/cards/013/characters/150-mrs-hasagawa-fruit-vendor.i18n.ts","translated"
"set13-151","iIf","ci_iIf","set13","151","character","Alpha","Pack Leader","\Who Wants a Treat?\ Whenever you play an item, chosen character gets +1 {S} and gains Resist +1 this turn.","","src/cards/013/characters/151-alpha-pack-leader.i18n.ts","translated"
"set13-152","7g9","ci_7g9","set13","152","character","Sulley","Strategic Scarer","\Jump Scare\ While you have 5 or more cards in your inkwell, this character gets +2 {S}.","","src/cards/013/characters/152-sulley-strategic-scarer.i18n.ts","translated"
"set13-153","ioe","ci_ioe","set13","153","character","Randall Boggs","Scary Smart","GET OUTTA HERE! When you play this character, put chosen character of yours into your inkwell facedown and exerted.

DEVIOUS PLAN At the end of your turn, if all cards in your inkwell are exerted, gain 1 lore.","","src/cards/013/characters/153-randall-boggs-scary-smart.i18n.ts","translated"
"set13-154","ckw","ci_ckw","set13","154","character","Piglet","Hunny Mage Apprentice","undefined","","src/cards/013/characters/154-piglet-hunny-mage-apprentice.i18n.ts","translated"
"set13-155","JLp","ci_JLp","set13","155","character","Mickey Mouse","Inquisitive Explorer","undefined","","src/cards/013/characters/155-mickey-mouse-inquisitive-explorer.i18n.ts","translated"
"set13-156","iib","ci_iib","set13","156","character","Hades","Meticulous Schemer","Ward","","src/cards/013/characters/156-hades-meticulous-schemer.i18n.ts","translated"
"set13-157","5gt","ci_5gt","set13","157","character","Antonio Madrigal","Animal Doctor","HEALING HANDS When you play this character, you may remove up to 3 damage from chosen character of yours. If you removed damage this way, put the top card of your deck into your inkwell facedown and exerted.","","src/cards/013/characters/157-antonio-madrigal-animal-doctor.i18n.ts","translated"
"set13-158","0is","ci_0is","set13","158","character","Maid Marian","Created by the Vine","INKFLOW Whenever one of your Floodborn characters is banished, you may put the top card of your deck into your inkwell facedown and exerted.","","src/cards/013/characters/158-maid-marian-created-by-the-vine.i18n.ts","translated"
"set13-159","0c7","ci_0c7","set13","159","character","Robin Hood","Created by the Vine","\Keen-Eyed\ Your Floodborn characters gain Alert. (They can challenge as if they had Evasive.)","","src/cards/013/characters/159-robin-hood-created-by-the-vine.i18n.ts","translated"
"set13-160","aJj","ci_aJj","set13","160","character","Boo","Human Child","MAKING MEMORIES While you have 5 or more cards in your inkwell, this character gets +2 {L}.","","src/cards/013/characters/160-boo-human-child.i18n.ts","translated"
"set13-161","mVt","ci_mVt","set13","161","character","Pluto","Suspicious Sentry","Support","","src/cards/013/characters/161-pluto-suspicious-sentry.i18n.ts","translated"
"set13-162","I7b","ci_I7b","set13","162","character","Charles Muntz","Obsessive Explorer","USEFUL GEAR Whenever you play an item, look at the top card of your deck. Put it on either the top or the bottom of your deck.

FIND THAT BIRD! Whenever this character quests, look at the top card of your deck. If it's a character card named Kevin, you may reveal it and put it into your hand to gain 3 lore. Otherwise, put it on either the top or the bottom of your deck.","","src/cards/013/characters/162-charles-muntz-obsessive-explorer.i18n.ts","translated"
"set13-163","Ush","ci_Ush","set13","163","character","Henry J. Waternoose III","Chief Executive Officer","\The Bottom Line\ While you have more cards in your inkwell than each opposing player, this character gets +2 {L} and gains Ward.","","src/cards/013/characters/163-henry-j-waternoose-iii-chief-executive-officer.i18n.ts","translated"
"set13-164","AWz","ci_AWz","set13","164","character","Eeyore","Hunny Scholar","HUNNYTACTICS Whenever this character quests, chosen Hunny character of yours gets +1 {L} and gains Ward until the start of your next turn.","","src/cards/013/characters/164-eeyore-hunny-scholar.i18n.ts","translated"
"set13-165","UbM","ci_UbM","set13","165","character","Darkwing Duck & Launchpad","St. Canard's Finest","Shift 5 {I}

Ward

\Victory Pose\ During your turn, whenever this character banishes another character in a challenge, gain 2 lore.","","src/cards/013/characters/165-darkwing-duck-launchpad-st-canards-finest.i18n.ts","translated"
"set13-166","qAT","ci_qAT","set13","166","action","Power Surge","","Each player puts the top 2 cards of their deck into their inkwell facedown and exerted.","","src/cards/013/actions/166-power-surge.i18n.ts","translated"
"set13-167","Uhe","ci_Uhe","set13","167","action","Focused Search","","Look at the top 4 cards of your deck. You may reveal a character card named Kevin or an item card and put it into your hand. Put the rest on the bottom of your deck in any order.","","src/cards/013/actions/167-focused-search.i18n.ts","translated"
"set13-168","X0p","ci_X0p","set13","168","action","We've Got a Lot to Do!","","Put chosen item or location into its player's inkwell facedown and exerted.","","src/cards/013/actions/168-weve-got-a-lot-to-do.i18n.ts","translated"
"set13-169","beG","ci_beG","set13","169","action","Startle","","Chosen character gets -3 {S} this turn.","","src/cards/013/actions/169-startle.i18n.ts","translated"
"set13-170","NTO","ci_NTO","set13","170","item","Closet Door Portal","","\Knock, Knock\ This item enters play exerted.

\Who's There?\ {E}, 2 {I} — Look at the top 3 cards of your deck. You may reveal a character, item, or location card with cost 6 or less and play it for free. Put the rest on the bottom of your deck in any order. Put this card into your inkwell facedown and exerted.","","src/cards/013/items/170-closet-door-portal.i18n.ts","translated"
"set13-171","3gV","ci_3gV","set13","171","item","Hana's Inkcaster","","\Rejuvenating Flourish\ {E} — Remove up to 2 damage from chosen character. If there's a card under that character, they gain Resist +1 until the start of your next turn.","","src/cards/013/items/171-hanas-inkcaster.i18n.ts","translated"
"set13-172","3R1","ci_3R1","set13","172","item","Laugh Canister","","\Copycat\ {E} — Put the top card of your deck into your inkwell facedown and exerted. Chosen opponent may put the top card of their deck into their inkwell facedown and exerted.","","src/cards/013/items/172-laugh-canister.i18n.ts","translated"
"set13-173","bPp","ci_bPp","set13","173","item","Translation Collar","","YOU ARE MY FRIEND {E}, 1{I} — Chosen character gets +1 {L} and gains Support this turn. (Whenever they quest, you may add their {S} to another chosen character's {S} this turn.)","","src/cards/013/items/173-translation-collar.i18n.ts","translated"
"set13-174","Es5","ci_Es5","set13","174","item","Big Book of Hunny","","INVOKE HUNNY {E}, 2 {I} — Reveal the top card of your deck. If it's a Hunny card, put it into your hand. Otherwise, put it on the bottom of your deck.","","src/cards/013/items/174-big-book-of-hunny.i18n.ts","translated"
"set13-175","gIc","ci_gIc","set13","175","location","Hundred Acre Wood","Hunny Campsite","\Home Away from Home\ Characters get +1 {W} while here.

\Hunny Quest\ Hunny characters get +1 {L} while here.","","src/cards/013/locations/175-hundred-acre-wood-hunny-campsite.i18n.ts","translated"
"set13-176","Fqd","ci_Fqd","set13","176","character","Violet Parr","Super Resilient","Shift 3 (You may pay 3 ink to play this on top of one of your characters named Violet Parr.)
Resist +1 
HEROIC SYNERGY Whenever you play this or another Hero character, you may draw a card, then choose and discard a card.","","src/cards/013/characters/176-violet-parr-super-resilient.i18n.ts","translated"
"set13-177","bsG","ci_bsG","set13","177","character","Aladdin","Created by the Vine","\The Vine Provides\ Whenever one of your Floodborn characters quests, you may draw a card, then choose and discard a card.","","src/cards/013/characters/177-aladdin-created-by-the-vine.i18n.ts","translated"
"set13-178","jjR","ci_jjR","set13","178","character","Willie the Giant","Created by the Vine","DEFEND THE STALK Your Floodborn characters gain Resist +1.","","src/cards/013/characters/178-willie-the-giant-created-by-the-vine.i18n.ts","translated"
"set13-179","YA4","ci_YA4","set13","179","character","Sprout","Experiment 509","Resist +1

BOTANICAL EVIL When you play this character, you may choose and discard an Alien character card or a location card from your hand. If you do, deal 2 damage to chosen character.","","src/cards/013/characters/179-sprout-experiment-509.i18n.ts","translated"
"set13-180","kT3","ci_kT3","set13","180","character","Stitch","Protector of Frogs","undefined","","src/cards/013/characters/180-stitch-protector-of-frogs.i18n.ts","translated"
"set13-181","y59","ci_y59","set13","181","character","Sheriff of Nottingham","Vine Slayer","Challenger +3","","src/cards/013/characters/181-sheriff-of-nottingham-vine-slayer.i18n.ts","translated"
"set13-182","r0B","ci_r0B","set13","182","character","Mata","Meat Hut Waitress","undefined","","src/cards/013/characters/182-mata-meat-hut-waitress.i18n.ts","translated"
"set13-183","F0D","ci_F0D","set13","183","character","Violet Parr","Force Field Practice","Resist +1","","src/cards/013/characters/183-violet-parr-force-field-practice.i18n.ts","translated"
"set13-184","0zk","ci_0zk","set13","184","character","Dr. Hamsterviel","Evil Observer","Alert (This character can challenge as if they had Evasive.)","","src/cards/013/characters/184-dr-hamsterviel-evil-observer.i18n.ts","translated"
"set13-185","dxV","ci_dxV","set13","185","character","Owl","Hunny Ranger","HUNNY ALLIANCE While you have another Hunny character in play, this character gains Resist +2.","","src/cards/013/characters/185-owl-hunny-ranger.i18n.ts","translated"
"set13-186","uDC","ci_uDC","set13","186","character","Megavolt","Electrical Menace","FORCE FIELD While you have no cards in your hand, this character gains Resist +2.","","src/cards/013/characters/186-megavolt-electrical-menace.i18n.ts","translated"
"set13-187","dn0","ci_dn0","set13","187","character","Darkwing Duck","Shadowy Superhero","PREEMPTIVE STRIKE When you play this character, you may deal 1 damage to chosen character.","","src/cards/013/characters/187-darkwing-duck-shadowy-superhero.i18n.ts","translated"
"set13-188","mlq","ci_mlq","set13","188","character","Omnidroid","Scanning for Threats","FACTORY SETTINGS While this character has no damage, it gets +2 strength.","","src/cards/013/characters/188-omnidroid-scanning-for-threats.i18n.ts","translated"
"set13-189","F5v","ci_F5v","set13","189","character","Flynn Rider","High-Climbing Rogue","WE CAN WORK THIS OUT Whenever an opponent chooses this character for an action or ability, they choose and discard a card.","","src/cards/013/characters/189-flynn-rider-high-climbing-rogue.i18n.ts","translated"
"set13-190","NXO","ci_NXO","set13","190","character","The Irate Chef","Meat Hut Cook","undefined","","src/cards/013/characters/190-the-irate-chef-meat-hut-cook.i18n.ts","translated"
"set13-191","Ocg","ci_Vy6","set13","191","character","Kronk","Meat Hut Cook","Resist +1

\Pickup!\ Once during your turn, you may pay 1 {I} to draw a card, then choose and discard a card.","","src/cards/013/characters/191-kronk-meat-hut-cook.i18n.ts","translated"
"set13-192","v6P","ci_v6P","set13","192","character","Mulan","Created by the Vine","DEMOLISH Whenever you play this or another Floodborn character, you may banish chosen item.","","src/cards/013/characters/192-mulan-created-by-the-vine.i18n.ts","translated"
"set13-193","mTj","ci_mTj","set13","193","character","Diablo","Protecting His Mistress","\Flurry of Feathers\ Your characters named Maleficent gain Resist +1.","","src/cards/013/characters/193-diablo-protecting-his-mistress.i18n.ts","translated"
"set13-194","MAE","ci_MAE","set13","194","character","Scar","Created by the Vine","\Victor's Reward\ During your turn, whenever one of your Floodborn characters banishes another character in a challenge, gain 1 lore.

\Fill the Ranks\ During an opponent's turn, whenever one of your Floodborn characters is banished, draw a card.","","src/cards/013/characters/194-scar-created-by-the-vine.i18n.ts","translated"
"set13-195","jjL","ci_b1z","set13","195","character","Maximus","Relentless Stallion","NO ESCAPE If you discarded a card this turn, this character gains Challenger +2 and can challenge ready characters this turn. (They get +2 strength while challenging.)","","src/cards/013/characters/195-maximus-relentless-stallion.i18n.ts","translated"
"set13-196","NTm","ci_NTm","set13","196","character","Omnidroid","Ultimate Iteration","Shift 6 (You may pay 6 ink to play this on top of one of your characters named Omnidroid.)
Resist +2 
RETURN ON INVESTMENT When you shift this character, you may return all cards under it to your hand.","","src/cards/013/characters/196-omnidroid-ultimate-iteration.i18n.ts","translated"
"set13-197","H1d","ci_H1d","set13","197","character","The Vine","Towering Stalk","Floodborn Shift 7 {I} (You may pay 7 {I} to play this on top of one of your Floodborn characters.)
SATURATE Your other exerted Floodborn characters gain Bodyguard.
HOSTILE SWARM During an opponent's turn, whenever one of your Floodborn characters is banished, deal 1 damage to each opposing character.","","src/cards/013/characters/197-the-vine-towering-stalk.i18n.ts","translated"
"set13-198","jI0","ci_jI0","set13","198","action","Cower Before Me!","","Up to 2 chosen opposing characters can't challenge during their next turn.","","src/cards/013/actions/198-cower-before-me.i18n.ts","translated"
"set13-199","zjC","ci_zjC","set13","199","action","We'll Save Our Village","","Your characters and locations gain Resist +1 until the start of your next turn.","","src/cards/013/actions/199-well-save-our-village.i18n.ts","translated"
"set13-200","3rW","ci_3rW","set13","200","action","Look What You've Done","","Deal 2 damage to chosen character. During your turn, when you discard this card, you may play it from your discard. (You pay all costs.)","","src/cards/013/actions/200-look-what-youve-done.i18n.ts","translated"
"set13-201","jQI","ci_jQI","set13","201","action","You Broke My Smolder","","Discard your hand. Draw 2 cards.","","src/cards/013/actions/201-you-broke-my-smolder.i18n.ts","translated"
"set13-202","MBy","ci_MBy","set13","202","action","Attack of the Vine!","","Your Floodborn characters gain Resist +2 and can challenge ready characters this turn.","","src/cards/013/actions/202-attack-of-the-vine.i18n.ts","translated"
"set13-203","WkJ","ci_WkJ","set13","203","action","Windstorm","","Deal 1 damage to each opposing character and location. Then, deal 2 damage to each opposing character with Evasive and each opposing location with Evasive.","","src/cards/013/actions/203-windstorm.i18n.ts","translated"
"set13-204","htD","ci_htD","set13","204","item","Discarded Armor","","FOUND EQUIPMENT exert — If you discarded a card this turn, chosen character of yours gains Resist +1 until the start of your next turn.","","src/cards/013/items/204-discarded-armor.i18n.ts","translated"
"set13-205","qNx","ci_qNx","set13","205","item","The Weedwhacker","","\Full Power\ {E}, 1 {I} — Chosen character gains Challenger +2 this turn. (They get +2 {S} while challenging.)

\Clear-Cut\ 2 {I}, Banish this item — Banish chosen Vineling character.","","src/cards/013/items/205-the-weedwhacker.i18n.ts","translated"
"set13-206","Kjs","ci_Kjs","set13","206","item","Absorbing Bloom","","\Metamorphosis\ {E}, 1 {I} — If a character was banished in a challenge this turn, draw a card.","","src/cards/013/items/206-absorbing-bloom.i18n.ts","translated"
"set13-207","Rb1","ci_Rb1","set13","207","location","Vine Entrance","Ominous Passageway","\Root of Power\ The first time a Floodborn character moves here each turn, you may deal 1 damage to chosen character.","","src/cards/013/locations/207-vine-entrance-ominous-passageway.i18n.ts","translated"
"set13-213-epic","gQJ","ci_qAV","set13","213","character","Mrs. Incredible","Created by the Vine","TORRENT Whenever one of your Floodborn characters quests, you pay 1{I} less for the next character you shift this turn.","","src/cards/013/characters/213-mrs-incredible-created-by-the-vine-epic.i18n.ts","translated"
"set13-216-epic","9kq","ci_9kq","set13","216","character","Peter Pan","Created by the Vine","\Clever Trick\ Whenever one of your Floodborn characters is challenged, the challenging player chooses and discards a card.","","src/cards/013/characters/216-peter-pan-created-by-the-vine-epic.i18n.ts","translated"
"set13-224-epic","51H","ci_v6P","set13","224","character","Mulan","Created by the Vine","DEMOLISH Whenever you play this or another Floodborn character, you may banish chosen item.","","src/cards/013/characters/224-mulan-created-by-the-vine-epic.i18n.ts","translated"
"set13-226-enchanted","Cuq","ci_35R","set13","226","character","Mike Wazowski","Heroic Climber","FIND A FRIEND When you play this character and whenever he quests, each player reveals the top card of their deck. If it's a character card, they may put it into their hand. Otherwise, put it on the bottom of their deck.","","src/cards/013/characters/226-mike-wazowski-heroic-climber-enchanted.i18n.ts","translated"
"set13-227-enchanted","3UG","ci_uQO","set13","227","character","Pocahontas & Meeko","Adventurous Friends","Shift 2 {I}
Evasive
WELCOME RETURN Whenever this character quests, you may return chosen character of yours with cost 1 to your hand. If you do, you may play a character with cost 1 for free.","","src/cards/013/characters/227-pocahontas-meeko-adventurous-friends-enchanted.i18n.ts","translated"
"set13-228-enchanted","ZP1","ci_OZw","set13","228","character","Woody & Buzz Lightyear","Best Buddies","Shift 5 {I}
TO INFINITY... When you play this character, if chosen opponent has more cards in their hand than you, draw cards until you have the same number.... AND BEYOND! Whenever this character quests, you may play a card with cost 2 or less for free.","","src/cards/013/characters/228-woody-buzz-lightyear-best-buddies-enchanted.i18n.ts","translated"
"set13-229-enchanted","eNg","ci_1Iy","set13","229","character","Sulley & Boo","Scare Buddies","Combo Shift 4 {I}

THE POWER OF FRIENDSHIP When this character is banished, if any of the cards that were under them are character cards, you may play those characters from your discard for free.","","src/cards/013/characters/229-sulley-boo-scare-buddies-enchanted.i18n.ts","translated"
"set13-230-enchanted","bF7","ci_wAj","set13","230","character","The Madrigal Family","Every Generation","Madrigal Shift 3 {I} (You may pay 3 {I} to play this on top of one of your Madrigal characters.)

FAMILY BLESSINGS Once during your turn, whenever you remove 1 or more damage from one of your characters, put the top card of your deck into your inkwell facedown and exerted.","","src/cards/013/characters/230-the-madrigal-family-every-generation-enchanted.i18n.ts","translated"
"set13-231-enchanted","4YL","ci_EAT","set13","231","character","Merida","Wisp Conjurer","FOCUSED ENERGY This character may enter play exerted to draw a card.

BECKON During your turn, whenever another character of yours enters play exerted, you may draw a card.","","src/cards/013/characters/231-merida-wisp-conjurer-enchanted.i18n.ts","translated"
"set13-232-enchanted","bLm","ci_qev","set13","232","character","Aladdin & Genie","Mischievous Pals","Shift 3 (You may pay 3 to play this on top of one of your characters named Aladdin or Genie.)
SLEIGHT OF HAND When you play this character, you may put any number of cards from your hand on the bottom of your deck in any order. If you do, draw that number of cards plus 1.","","src/cards/013/characters/232-aladdin-genie-mischievous-pals-enchanted.i18n.ts","translated"
"set13-233-enchanted","FAK","ci_3n0","set13","233","character","Peter Pan & Tinker Bell","Fast Friends","Shift 4 {I}
YOU CAN FLY! Your characters gain Evasive.","","src/cards/013/characters/233-peter-pan-tinker-bell-fast-friends-enchanted.i18n.ts","translated"
"set13-234-enchanted","5EY","ci_NXy","set13","234","character","Winnie the Pooh & Piglet","Hunny Mages","Shift 3 {I}

MAGICAL MIX This character gets +1 {L} for each different ink type of characters you have in play.","","src/cards/013/characters/234-winnie-the-pooh-piglet-hunny-mages-enchanted.i18n.ts","translated"
"set13-235-enchanted","a1i","ci_yFO","set13","235","character","Maleficent & Diablo","Evil Incarnate","Shift 5 {I}

\Fools!\ You may put 5 character cards from your discard on the bottom of your deck in any order to shift this character for free.

\Raven's Call\ During your turn, whenever this character exerts, draw a card.","","src/cards/013/characters/235-maleficent-diablo-evil-incarnate-enchanted.i18n.ts","translated"
"set13-236-enchanted","33r","ci_zHc","set13","236","character","Tod & Copper","Best of Friends","Shift 2 {I}

Evasive","","src/cards/013/characters/236-tod-copper-best-of-friends-enchanted.i18n.ts","translated"
"set13-237-enchanted","Lco","ci_QUJ","set13","237","character","Carl Fredricksen & Russell","Intrepid Explorers","Shift 4 {I}

OUTDOOR SKILLS While this character is at a location, all characters at that location get +1 {L} and gain Evasive.","","src/cards/013/characters/237-carl-fredricksen-russell-intrepid-explorers-enchanted.i18n.ts","translated"
"set13-238-enchanted","ZTE","ci_d10","set13","238","character","Mickey Mouse & Minnie Mouse","Adventuring Duo","Duo Shift 0 {I} (You may pay 0 {I} to play this on top of two of your characters, one named Mickey Mouse and one named Minnie Mouse.)

THINKING OF YOU If this character would be banished, put them into your inkwell facedown and exerted instead.","","src/cards/013/characters/238-mickey-mouse-minnie-mouse-adventuring-duo-enchanted.i18n.ts","translated"
"set13-239-enchanted","8NM","ci_xno","set13","239","character","Rapunzel & Flynn Rider","Unlikely Pair","Shift 3 {I}
CLEVER SWAP Whenever this character quests, you may draw a card, then choose and discard a card.
FRESH START During your turn, whenever you discard a character card, you may play that character from your discard. (You pay all costs.)","","src/cards/013/characters/239-rapunzel-flynn-rider-unlikely-pair-enchanted.i18n.ts","translated"
"set13-240-enchanted","zCZ","ci_KWX","set13","240","character","Meilin Lee","Popular Red Panda","Temporary Shift 3 {I} (You may pay 3 {I} to play this on top of one of your characters named Meilin Lee. At the end of your turn, remove all damage from this character and return only this card to your hand.)

KARAOKE QUEEN Once during your turn, whenever this character sings a song, gain 3 lore.","","src/cards/013/characters/240-meilin-lee-popular-red-panda-enchanted.i18n.ts","translated"
"set13-241-enchanted","6a4","ci_d3T","set13","241","character","Dash Parr & Violet Parr","Super Siblings","Combo Shift 6 {I}

Evasive, Resist +1
\Incredible Tactics\ Whenever this character quests or challenges, draw a card for each card under them.","","src/cards/013/characters/241-dash-parr-violet-parr-super-siblings-enchanted.i18n.ts","translated"
"set13-242-enchanted","nWN","ci_UbM","set13","242","character","Darkwing Duck & Launchpad","St. Canard's Finest","Shift 5 {I}

Ward

\Victory Pose\ During your turn, whenever this character banishes another character in a challenge, gain 2 lore.","","src/cards/013/characters/242-darkwing-duck-launchpad-st-canards-finest-enchanted.i18n.ts","translated"
"set13-243-enchanted","dpD","ci_MAE","set13","243","character","Scar","Created by the Vine","\Victor's Reward\ During your turn, whenever one of your Floodborn characters banishes another character in a challenge, gain 1 lore.

\Fill the Ranks\ During an opponent's turn, whenever one of your Floodborn characters is banished, draw a card.","","src/cards/013/characters/243-scar-created-by-the-vine-enchanted.i18n.ts","translated"
"set13-244-iconic","jdZ","ci_Hvk","set13","244","character","Lilo & Stitch","Fun-Loving Friends","Shift 3 {I}

Resist +1

Support","","src/cards/013/characters/244-lilo-stitch-fun-loving-friends-iconic.i18n.ts","translated"
"set13-245-iconic","1aZ","ci_ibA","set13","245","character","Belle & Beast","Certain as the Sun","Shift 6 {I}
INSPIRING DANCE Whenever this character quests, ready all cards in your inkwell.
APPRECIATIVE AUDIENCE 6 {I} — Ready your other characters. They can't quest for the rest of this turn.","","src/cards/013/characters/245-belle-beast-certain-as-the-sun-iconic.i18n.ts","translated"
"set13-p4-009-challenge","q7p","ci_yd8","set13-p4","9","character","Morph","Little Imitator","ADVANCED MIMICRY You can shift any character on top of this character. (This includes all Shift variants.)","","src/cards/013/characters/p4-009-morph-little-imitator-challenge.i18n.ts","translated"
"set13-p4-010-challenge","s3Z","ci_EL8","set13-p4","10","character","Meilin Lee","Lead Vocalist","Singer 3
BAND LOYALTY This character can't sing songs without Sing Together.","","src/cards/013/characters/p4-010-meilin-lee-lead-vocalist-challenge.i18n.ts","translated"
"set13-p4-011-challenge","Eyk","ci_ioe","set13-p4","11","character","Randall Boggs","Scary Smart","GET OUTTA HERE! When you play this character, put chosen character of yours into your inkwell facedown and exerted.

DEVIOUS PLAN At the end of your turn, if all cards in your inkwell are exerted, gain 1 lore.","","src/cards/013/characters/p4-011-randall-boggs-scary-smart-challenge.i18n.ts","translated"
"set13-p4-015-challenge","oH7","ci_zg8","set13-p4","15","character","Rapunzel","Escaping the Tower","THE CALL OF ADVENTURE Once during your turn, you may discard a card to give this character +1 {L} and Evasive until the start of your next turn.","","src/cards/013/characters/p4-015-rapunzel-escaping-the-tower-challenge.i18n.ts","translated"
"set13-p4-016-challenge","nor","ci_zg8","set13-p4","16","character","Rapunzel","Escaping the Tower","THE CALL OF ADVENTURE Once during your turn, you may discard a card to give this character +1 {L} and Evasive until the start of your next turn.","","src/cards/013/characters/p4-016-rapunzel-escaping-the-tower-challenge.i18n.ts","translated"
"set13-pd1-003-promo","4vv","ci_4vv","set13-pd1","3","character","Pocahontas","Guiding the Tribe","\Stay Close\ When you play this character, you may play a character with cost 1 for free.","","src/cards/013/characters/pd1-003-pocahontas-guiding-the-tribe-promo.i18n.ts","translated"
"set13-pd1-004-promo","iYJ","ci_iYJ","set13-pd1","4","character","Vixey","Expert Fisher","\Stealing In\ When you play this character, if you have a character with Evasive in play, you may return chosen character, item, or location with cost 2 or less to their player's hand.","","src/cards/013/characters/pd1-004-vixey-expert-fisher-promo.i18n.ts","translated"
"set13-pd1-005-promo","cAP","ci_cAP","set13-pd1","5","character","Buzz Lightyear","Providing Cover","\Action Figure\ When you play this character, choose one of the following. If you have another Toy character in play, choose both instead:
• You may return an action card with cost 2 or less from your discard to your hand.
• You may play an action with cost 2 or less for free.","","src/cards/013/characters/pd1-005-buzz-lightyear-providing-cover-promo.i18n.ts","translated"
"set13-pd1-006-promo","X9A","ci_X9A","set13-pd1","6","character","Boo","Energetic Child","Rush

KID-TASTROPHE! Whenever this character challenges another character with 3 {S} or less, banish that character. (No damage is dealt in that challenge.)","","src/cards/013/characters/pd1-006-boo-energetic-child-promo.i18n.ts","translated"
"set13-pd1-007-promo","7cP","ci_7cP","set13-pd1","7","character","Merlin","Envisioning the Future","\Minor Trickery\ When you play this character, you may draw a card from the bottom of your deck.

\Age of Inconvenience\ When this character is banished, put this card from your discard on the bottom of your deck.","","src/cards/013/characters/pd1-007-merlin-envisioning-the-future-promo.i18n.ts","translated"
"set13-pd1-008-promo","yg0","ci_b1z","set13-pd1","8","character","Maximus","Relentless Stallion","NO ESCAPE If you discarded a card this turn, this character gains Challenger +2 and can challenge ready characters this turn. (They get +2 strength while challenging.)","","src/cards/013/characters/pd1-008-maximus-relentless-stallion-promo.i18n.ts","translated"
"set2-001","0Tb","ci_0Tb","set2","1","character","Bashful","Hopeless Romantic","OH, GOSH! This character can't quest unless you have another Seven Dwarfs character in play.","Life is sweeter with friends.","src/cards/002/characters/001-bashful-hopeless-romantic.i18n.ts","translated"
"set2-002","2fz","ci_2fz","set2","2","character","Christopher Robin","Adventurer","WE'LL ALWAYS BE TOGETHER Whenever you ready this character, if you have 2 or more other characters in play, gain 2 lore.","Look, Pooh! Have you ever seen anything so grand? —Christopher Robin","src/cards/002/characters/002-christopher-robin-adventurer.i18n.ts","translated"
"set2-003","D9h","ci_Djx","set2","3","character","Cinderella","Ballroom Sensation","Singer 3","With a magical dress and a song in her heart, she dazzled everyone at the ball.","src/cards/002/characters/003-cinderella-ballroom-sensation.i18n.ts","translated"
"set2-004","2vT","ci_2vT","set2","4","character","Cobra Bubbles","Just a Social Worker","undefined","Let me get this straight. Your ‘magic’ spellbook got washed away in a flood of ‘magic’ ink?","src/cards/002/characters/004-cobra-bubbles-just-a-social-worker.i18n.ts","translated"
"set2-005","bgG","ci_bgG","set2","5","character","Doc","Leader of the Seven Dwarfs","SHARE AND SHARE ALIKE Whenever this character quests, you pay 1 {I} less for the next character you play this turn.","He's in charge of this outfit.","src/cards/002/characters/005-doc-leader-of-the-seven-dwarfs.i18n.ts","translated"
"set2-006","2Jv","ci_2Jv","set2","6","character","Dopey","Always Playful","ODD ONE OUT When this character is banished, your other Seven Dwarfs characters get +2 {S} until the start of your next turn.","He's a real gem.","src/cards/002/characters/006-dopey-always-playful.i18n.ts","translated"
"set2-007","3Gy","ci_3Gy","set2","7","character","Eudora","Accomplished Seamstress","undefined","Love holds everything together.","src/cards/002/characters/007-eudora-accomplished-seamstress.i18n.ts","translated"
"set2-008","Rc3","ci_Rc3","set2","8","character","Gaston","Baritone Bully","Singer 5","No one... sings like Gaston!","src/cards/002/characters/008-gaston-baritone-bully.i18n.ts","translated"
"set2-009","4Ol","ci_4Ol","set2","9","character","Grand Duke","Advisor to the King","YES, YOUR MAJESTY Your Prince, Princess, King, and Queen characters get +1 {S}.","He takes being opinionated to a higher level.","src/cards/002/characters/009-grand-duke-advisor-to-the-king.i18n.ts","translated"
"set2-010","Xv5","ci_Xv5","set2","10","character","Grumpy","Bad-Tempered","THERE'S TROUBLE A-BREWIN' Your other Seven Dwarfs characters get +1 {S}.","Sour as a green gooseberry!","src/cards/002/characters/010-grumpy-bad-tempered.i18n.ts","translated"
"set2-011","Rek","ci_Rek","set2","11","character","Happy","Good-Natured","Support","You couldn't pick a better friend.","src/cards/002/characters/011-happy-good-natured.i18n.ts","translated"
"set2-012","184","ci_184","set2","12","character","King Louie","Jungle VIP","LAY IT ON THE LINE Whenever another character is banished, you may remove up to 2 damage from this character.","Cool it, boy. Unwind yourself.","src/cards/002/characters/012-king-louie-jungle-vip.i18n.ts","translated"
"set2-013","igT","ci_igT","set2","13","character","Mickey Mouse","Friendly Face","GLAD YOU'RE HERE! Whenever this character quests, you pay 3 {I} less for the next character you play this turn.","Come on in—there’s lots to explore.","src/cards/002/characters/013-mickey-mouse-friendly-face.i18n.ts","translated"
"set2-014","dcy","ci_dcy","set2","14","character","Mufasa","Betrayed Leader","THE SUN WILL SET When this character is banished, you may reveal the top card of your deck. If it's a character card, you may play that character for free and they enter play exerted. Otherwise, put it on the top of your deck.","","src/cards/002/characters/014-mufasa-betrayed-leader.i18n.ts","translated"
"set2-015","8GL","ci_Dqt","set2","15","character","Mulan","Free Spirit","Support","Everything looks better when you’re free to be yourself.","src/cards/002/characters/015-mulan-free-spirit.i18n.ts","translated"
"set2-016","1Ib","ci_1Ib","set2","16","character","Mulan","Reflecting","Shift 2
HONOR TO THE ANCESTORS Whenever this character quests, you may reveal the top card of your deck. If it's a song card, you may play it for free. Otherwise, put it on the top of your deck.","","src/cards/002/characters/016-mulan-reflecting.i18n.ts","translated"
"set2-017","RVI","ci_RVI","set2","17","character","Nana","Darling Family Pet","NURSEMAID Whenever you play a Floodborn character, you may remove all damage from chosen character.","Children are a dog’s best friend.","src/cards/002/characters/017-nana-darling-family-pet.i18n.ts","translated"
"set2-018","sVL","ci_sVL","set2","18","character","Piglet","Very Small Animal","undefined","For a very small animal, he has an awfully big heart.","src/cards/002/characters/018-piglet-very-small-animal.i18n.ts","translated"
"set2-019","LF9","ci_jGU","set2","19","character","Rapunzel","Gifted Artist","Shift 3
LET YOUR POWER SHINE Whenever you remove 1 or more damage from one of your characters, you may draw a card.","","src/cards/002/characters/019-rapunzel-gifted-artist.i18n.ts","translated"
"set2-020","W5W","ci_Zyl","set2","20","character","Rapunzel","Sunshine","MAGIC HAIR {E} — Remove up to 2 damage from chosen character.","We can all make the world a little brighter in our own way.","src/cards/002/characters/020-rapunzel-sunshine.i18n.ts","translated"
"set2-021","42K","ci_42K","set2","21","character","Sleepy","Nodding Off","YAWN! This character enters play exerted.","He never gets tired of naps.","src/cards/002/characters/021-sleepy-nodding-off.i18n.ts","translated"
"set2-022","hWr","ci_hWr","set2","22","character","Sneezy","Very Allergic","AH-CHOO! Whenever you play this character or another Seven Dwarfs character, you may give chosen character -1 {S} this turn.","Look out! He’s gonna blow!","src/cards/002/characters/022-sneezy-very-allergic.i18n.ts","translated"
"set2-023","sl6","ci_sl6","set2","23","character","Snow White","Lost in the Forest","I WON'T HURT YOU When you play this character, you may remove up to 2 damage from chosen character.","Why, you’re all alone, just like me.","src/cards/002/characters/023-snow-white-lost-in-the-forest.i18n.ts","translated"
"set2-024","BdH","ci_BdH","set2","24","character","Snow White","Unexpected Houseguest","HOW DO YOU DO? You pay 1 {I} less to play Seven Dwarfs characters.","Nothing says ‘hello’ better than a fresh-baked pie.","src/cards/002/characters/024-snow-white-unexpected-houseguest.i18n.ts","translated"
"set2-025","qiq","ci_IGd","set2","25","character","Snow White","Well Wisher","Shift 4
WISHES COME TRUE Whenever this character quests, you may return a character card from your discard to your hand.","","src/cards/002/characters/025-snow-white-well-wisher.i18n.ts","translated"
"set2-026","A9v","ci_A9v","set2","26","character","The Queen","Commanding Presence","Shift 2
WHO IS THE FAIREST? Whenever this character quests, chosen opposing character gets -4 {S} this turn and chosen character gets +4 {S} this turn.","","src/cards/002/characters/026-the-queen-commanding-presence.i18n.ts","translated"
"set2-027","h77","ci_RBq","set2","27","character","The Queen","Regal Monarch","undefined","Don’t question her. Don’t doubt her. And above all, don’t disobey her.","src/cards/002/characters/027-the-queen-regal-monarch.i18n.ts","translated"
"set2-028","T4i","ci_T4i","set2","28","action","Hold Still","","Remove up to 4 damage from chosen character.","This might sting a little.","src/cards/002/actions/028-hold-still.i18n.ts","translated"
"set2-029","Eg2","ci_Eg2","set2","29","action","Last Stand","","Banish chosen character who was challenged this turn.","Let’s finish this, binturi. —Namaari","src/cards/002/actions/029-last-stand.i18n.ts","translated"
"set2-030","jP1","ci_jP1","set2","30","action","Painting the Roses Red","","Up to 2 chosen characters get -1 {S} this turn. Draw a card.","","src/cards/002/actions/030-painting-the-roses-red.i18n.ts","translated"
"set2-031","KVh","ci_NsP","set2","31","action","World's Greatest Criminal Mind","","Banish chosen character with 5 {S} or more.","","src/cards/002/actions/031-worlds-greatest-criminal-mind.i18n.ts","translated"
"set2-032","YND","ci_YND","set2","32","action","Zero to Hero","","Count the number of characters you have in play. You pay that amount of {I} less for the next character you play this turn.","","src/cards/002/actions/032-zero-to-hero.i18n.ts","translated"
"set2-033","1DR","ci_1DR","set2","33","item","Dragon Gem","","BRING BACK TO LIFE {E}, 3 {I} — Return a character card with Support from your discard to your hand.","Hope shines in even the darkest situations.","src/cards/002/items/033-dragon-gem.i18n.ts","translated"
"set2-034","duq","ci_duq","set2","34","item","Sleepy's Flute","","A SILLY SONG {E} — If you played a song this turn, gain 1 lore.","","src/cards/002/items/034-sleepys-flute.i18n.ts","translated"
"set2-035","Dn8","ci_tMV","set2","35","character","Arthur","Wizard's Apprentice","STUDENT Whenever this character quests, you may return another chosen character of yours to your hand to gain 2 lore.","Hmm.. what spell should I try next?","src/cards/002/characters/035-arthur-wizards-apprentice.i18n.ts","translated"
"set2-036","llN","ci_llN","set2","36","character","Blue Fairy","Rewarding Good Deeds","Evasive
ETHEREAL GLOW Whenever you play a Floodborn character, you may draw a card.","To make Geppetto’s wish come true will be entirely up to you. —Blue Fairy","src/cards/002/characters/036-blue-fairy-rewarding-good-deeds.i18n.ts","translated"
"set2-037","8TZ","ci_8TZ","set2","37","character","Chip the Teacup","Gentle Soul","undefined","Wanna see me do a trick?","src/cards/002/characters/037-chip-the-teacup-gentle-soul.i18n.ts","translated"
"set2-038","25Q","ci_25Q","set2","38","character","Dr. Facilier","Savvy Opportunist","Evasive","","src/cards/002/characters/038-dr-facilier-savvy-opportunist.i18n.ts","translated"
"set2-039","oOJ","ci_in4","set2","39","character","Elsa","Gloves Off","Challenger +3","The power of ice may not stop the flood, but it will help protect Lorcana.","src/cards/002/characters/039-elsa-gloves-off.i18n.ts","translated"
"set2-040","yFu","ci_yFu","set2","40","character","Fairy Godmother","Here to Help","undefined","Use a humdrum spell, and you’ll end up with humdrum magic. I like my magic to have something special!","src/cards/002/characters/040-fairy-godmother-here-to-help.i18n.ts","translated"
"set2-041","1WY","ci_1WY","set2","41","character","Fairy Godmother","Mystic Armorer","Shift 2
FORGET THE COACH, HERE'S A SWORD Whenever this character quests, your characters gain Challenger +3 and ""When this character is banished in a challenge, return this card to your hand"" this turn. (They get +3 {S} while challenging.)","","src/cards/002/characters/041-fairy-godmother-mystic-armorer.i18n.ts","translated"
"set2-042","4li","ci_4li","set2","42","character","Fairy Godmother","Pure Heart","JUST LEAVE IT TO ME Whenever you play a character named Cinderella, you may exert chosen character.","We’ll have to hurry, because even miracles take a little time.","src/cards/002/characters/042-fairy-godmother-pure-heart.i18n.ts","translated"
"set2-043","ziG","ci_aw8","set2","43","character","HeiHei","Persistent Presence","HE'S BACK! When this character is banished in a challenge, return this card to your hand.","Power. Beauty. HeiHei.","src/cards/002/characters/043-heihei-persistent-presence.i18n.ts","translated"
"set2-044","C3x","ci_C3x","set2","44","character","Jiminy Cricket","Pinocchio's Conscience","Evasive
THAT STILL, SMALL VOICE When you play this character, if you have a character named Pinocchio in play, you may draw a card.","Say, that's pretty swell.","src/cards/002/characters/044-jiminy-cricket-pinocchios-conscience.i18n.ts","translated"
"set2-045","mVP","ci_AlR","set2","45","character","Kuzco","Wanted Llama","OK, WHERE AM I? When this character is banished, you may draw a card.","So there I was. Perfectly in control of the situation.","src/cards/002/characters/045-kuzco-wanted-llama.i18n.ts","translated"
"set2-046","XBE","ci_XBE","set2","46","character","Madam Mim","Fox","CHASING THE RABBIT When you play this character, banish her or return another chosen character of yours to your hand.
Rush","","src/cards/002/characters/046-madam-mim-fox.i18n.ts","translated"
"set2-047","EHY","ci_xvT","set2","47","character","Madam Mim","Purple Dragon","Evasive
I WIN, I WIN! When you play this character, banish her or return another 2 chosen characters of yours to your hand.","Did I say no purple dragons? Did I?","src/cards/002/characters/047-madam-mim-purple-dragon.i18n.ts","translated"
"set2-048","ozR","ci_ozR","set2","48","character","Madam Mim","Rival of Merlin","Shift 3
GRUESOME AND GRIM {E} — Play a character with cost 4 or less for free. They gain Rush. At the end of the turn, banish them. (They can challenge the turn they're played.)","","src/cards/002/characters/048-madam-mim-rival-of-merlin.i18n.ts","translated"
"set2-049","zyO","ci_zyO","set2","49","character","Madam Mim","Snake","JUST YOU WAIT When you play this character, banish her or return another chosen character of yours to your hand.","I’ve got you rattled now!","src/cards/002/characters/049-madam-mim-snake.i18n.ts","translated"
"set2-050","mYZ","ci_mYZ","set2","50","character","Merlin","Crab","READY OR NOT! When you play this character and when he leaves play, chosen character gains Challenger +3 this turn. (They get +3 {S} while challenging.)","He’ll be out of this in a snap!","src/cards/002/characters/050-merlin-crab.i18n.ts","translated"
"set2-051","nZn","ci_nZn","set2","51","character","Merlin","Goat","HERE I COME! When you play this character and when he leaves play, gain 1 lore.","He always was a stubborn old goat.%—Madam Mim","src/cards/002/characters/051-merlin-goat.i18n.ts","translated"
"set2-052","LZe","ci_LZe","set2","52","character","Merlin","Rabbit","HOPPITY HIP! When you play this character and when he leaves play, you may draw a card.","It was turning out to be a bad hare day.","src/cards/002/characters/052-merlin-rabbit.i18n.ts","translated"
"set2-053","ijy","ci_ijy","set2","53","character","Merlin","Shapeshifter","BATTLE OF WITS Whenever one of your other characters is returned to your hand from play, this character gets +1 {L} this turn.","Oh, blast it all—I can’t make up my mind.","src/cards/002/characters/053-merlin-shapeshifter.i18n.ts","translated"
"set2-054","sGp","ci_sGp","set2","54","character","Merlin","Squirrel","LOOK BEFORE YOU LEAP When you play this character and when he leaves play, look at the top card of your deck. Put it on either the top or the bottom of your deck.","You can’t always trust to luck, boy.","src/cards/002/characters/054-merlin-squirrel.i18n.ts","translated"
"set2-055","qvr","ci_5eN","set2","55","character","Peter Pan's Shadow","Not Sewn On","Evasive
Rush
TIPTOE Your other characters with Rush gain Evasive.","","src/cards/002/characters/055-peter-pans-shadow-not-sewn-on.i18n.ts","translated"
"set2-056","2SS","ci_2SS","set2","56","character","Pinocchio","Star Attraction","undefined","With that personality, that profile, that physique... Why, I can see your name in lights, lights six feet high. —Honest John","src/cards/002/characters/056-pinocchio-star-attraction.i18n.ts","translated"
"set2-057","e9v","ci_e9v","set2","57","character","Pinocchio","On the Run","Shift 3
LISTEN TO YOUR CONSCIENCE When you play this character, you may return chosen character or item with cost 3 or less to their player's hand.","He raced into the Inklands without a thought.","src/cards/002/characters/057-pinocchio-on-the-run.i18n.ts","translated"
"set2-058","nsa","ci_RgG","set2","58","character","Pinocchio","Talkative Puppet","TELLING LIES When you play this character, you may exert chosen opposing character.","A lie keeps growing and growing until it’s as plain as the nose on your face. —Blue Fairy","src/cards/002/characters/058-pinocchio-talkative-puppet.i18n.ts","translated"
"set2-059","Ij0","ci_ITi","set2","59","character","Winnie the Pooh","Hunny Wizard","undefined","He’d always felt a kinship with honey. They were both golden, and sweet, and likely to end up in sticky situations.","src/cards/002/characters/059-winnie-the-pooh-hunny-wizard.i18n.ts","translated"
"set2-060","mCu","ci_mCu","set2","60","character","Yzma","Scary Beyond All Reason","Shift 4
CRUEL IRONY When you play this character, shuffle another chosen character card into their player's deck. That player draws 2 cards.","","src/cards/002/characters/060-yzma-scary-beyond-all-reason.i18n.ts","translated"
"set2-061","T45","ci_T45","set2","61","character","Yzma","Without Beauty Sleep","undefined","Yzma: Llamas! All I see when I close my eyes is llamas!%Kronk: Weird. I just saw one in the flood. Poor little guy.","src/cards/002/characters/061-yzma-without-beauty-sleep.i18n.ts","translated"
"set2-062","bqW","ci_bqW","set2","62","action","Gruesome and Grim","","Play a character with cost 4 or less for free. They gain Rush. At the end of the turn, banish them. (They can challenge the turn they're played.)","","src/cards/002/actions/062-gruesome-and-grim.i18n.ts","translated"
"set2-063","HjB","ci_KhI","set2","63","action","I'm Stuck!","","Chosen exerted character can't ready at the start of their next turn.","Oh, bother—not again.","src/cards/002/actions/063-im-stuck.i18n.ts","translated"
"set2-064","Sw8","ci_Sw8","set2","64","action","Legend of the Sword in the Stone","","Chosen character gains Challenger +3 this turn. (They get +3 {S} while challenging.)","A legend is sung of when England was young And knights were brave and bold","src/cards/002/actions/064-legend-of-the-sword-in-the-stone.i18n.ts","translated"
"set2-065","DNe","ci_DNe","set2","65","item","Binding Contract","","FOR ALL ETERNITY {E}, {E} one of your characters — Exert chosen character.","Just a standard form, nothing to worry about.","src/cards/002/items/065-binding-contract.i18n.ts","translated"
"set2-066","Jp2","ci_Jp2","set2","66","item","Croquet Mallet","","HURTLING HEDGEHOG Banish this item — Chosen character gains Rush this turn. (They can challenge the turn they're played.)","","src/cards/002/items/066-croquet-mallet.i18n.ts","translated"
"set2-067","xK3","ci_xK3","set2","67","item","Perplexing Signposts","","TO WONDERLAND Banish this item — Return chosen character of yours to your hand.","Alice: I just wanted to ask you which way I ought to go. Cheshire Cat: Well, that depends on where you want to get to.","src/cards/002/items/067-perplexing-signposts.i18n.ts","translated"
"set2-068","ES1","ci_ES1","set2","68","item","The Sorcerer's Spellbook","","KNOWLEDGE {E}, 1 {I} — Gain 1 lore.","Illumineers seek the power of knowledge—but must be aware of the price.","src/cards/002/items/068-the-sorcerers-spellbook.i18n.ts","translated"
"set2-069","Dov","ci_Dov","set2","69","character","Arthur","Trained Swordsman","undefined","It’s not just fancy horses and swinging a sword around, you know! A true master must use his brain as well as his blade. —Merlin","src/cards/002/characters/069-arthur-trained-swordsman.i18n.ts","translated"
"set2-070","p7b","ci_oX9","set2","70","character","Beast","Relentless","SECOND WIND Whenever an opposing character is damaged, you may ready this character.","","src/cards/002/characters/070-beast-relentless.i18n.ts","translated"
"set2-071","cql","ci_cql","set2","71","character","Belle","Bookworm","USE YOUR IMAGINATION While an opponent has no cards in their hand, this character gets +2 {L}.","There's nothing more tempting than a pile of unread books.","src/cards/002/characters/071-belle-bookworm.i18n.ts","translated"
"set2-072","df2","ci_df2","set2","72","character","Belle","Hidden Archer","Shift 3
THORNY ARROWS Whenever this character is challenged, the challenging character's player discards all cards in their hand.","She slips through the trees as easily as shadow.","src/cards/002/characters/072-belle-hidden-archer.i18n.ts","translated"
"set2-073","U2v","ci_q4H","set2","73","character","Bucky","Squirrel Squeak Tutor","SQUEAK Whenever you play a Floodborn character, if you used Shift to play them, each opponent chooses and discards a card.","There’s a lot of nuance to squirrel. —Kronk","src/cards/002/characters/073-bucky-squirrel-squeak-tutor.i18n.ts","translated"
"set2-074","Eis","ci_Eis","set2","74","character","Cheshire Cat","Always Grinning","undefined","Alice felt quite confused. But I don’t see much ink here at all. How can the flood still be changing the Inklands?%Things are always changing, you know, said the cat. It would be quite a change if they didn’t.","src/cards/002/characters/074-cheshire-cat-always-grinning.i18n.ts","translated"
"set2-075","zI1","ci_zI1","set2","75","character","Cheshire Cat","From the Shadows","Shift 5
Evasive
WICKED SMILE {E} — Banish chosen damaged character.","","src/cards/002/characters/075-cheshire-cat-from-the-shadows.i18n.ts","translated"
"set2-076","2mw","ci_BEH","set2","76","character","Daisy Duck","Secret Agent","THWART Whenever this character quests, each opponent chooses and discards a card.","","src/cards/002/characters/076-daisy-duck-secret-agent.i18n.ts","translated"
"set2-077","fS0","ci_rpq","set2","77","character","Donald Duck","Perfect Gentleman","Shift 3
ALLOW ME At the start of your turn, each player may draw a card.","","src/cards/002/characters/077-donald-duck-perfect-gentleman.i18n.ts","translated"
"set2-078","a77","ci_P3k","set2","78","character","Donald Duck","Sleepwalker","STARTLED AWAKE Whenever you play an action, this character gets +2 {S} this turn.","Heading toward a rude awakening!","src/cards/002/characters/078-donald-duck-sleepwalker.i18n.ts","translated"
"set2-079","WRE","ci_WRE","set2","79","character","Dr. Facilier","Fortune Teller","Evasive
YOU'RE IN MY WORLD Whenever this character quests, chosen opposing character can't quest during their next turn.","","src/cards/002/characters/079-dr-facilier-fortune-teller.i18n.ts","translated"
"set2-080","q7w","ci_pH4","set2","80","character","Enchantress","Unexpected Judge","TRUE FORM While being challenged, this character gets +2 {S}.","Appearances can be deceiving.","src/cards/002/characters/080-enchantress-unexpected-judge.i18n.ts","translated"
"set2-081","Svn","ci_Svn","set2","81","character","Flynn Rider","Confident Vagabond","undefined","I love a good fan club, but they could at least <try> to get the nose right!","src/cards/002/characters/081-flynn-rider-confident-vagabond.i18n.ts","translated"
"set2-082","Q7q","ci_Q7q","set2","82","character","Flynn Rider","His Own Biggest Fan","Shift 2
Evasive
ONE LAST, BIG SCORE This character gets -1 {L} for each card in your opponents' hands.","","src/cards/002/characters/082-flynn-rider-his-own-biggest-fan.i18n.ts","translated"
"set2-083","yh1","ci_yh1","set2","83","character","Gaston","Scheming Suitor","YES, I'M INTIMIDATING While one or more opponents have no cards in their hands, this character gets +3 {S}.","Don't I deserve the best?","src/cards/002/characters/083-gaston-scheming-suitor.i18n.ts","translated"
"set2-084","A4r","ci_A4r","set2","84","character","Little John","Loyal Friend","undefined","What’s the rush, Rob? Take a load off! There’s plenty of time to go lookin’ for lore lost in that crazy ink.","src/cards/002/characters/084-little-john-loyal-friend.i18n.ts","translated"
"set2-085","NN3","ci_NN3","set2","85","character","Lucifer","Cunning Cat","MOUSE CATCHER When you play this character, each opponent chooses and discards either 2 cards or 1 action card.","There must be <something> good about him. —Cinderella","src/cards/002/characters/085-lucifer-cunning-cat.i18n.ts","translated"
"set2-086","qfi","ci_qfi","set2","86","character","Pain","Underworld Imp","COMING, YOUR MOST LUGUBRIOUSNESS While this character has 5 {S} or more, he gets +2 {L}.","Get a move on! I'm a busy god, lots to do—meetings, curses, a little light scheming.%—Hades","src/cards/002/characters/086-pain-underworld-imp.i18n.ts","translated"
"set2-087","Ixv","ci_Ixv","set2","87","character","Panic","Underworld Imp","I CAN HANDLE IT When you play this character, chosen character gets +2 {S} this turn. If the chosen character is named Pain, he gets +4 {S} instead.","Who says it’s hard to find good help these days? Oh, yeah... ME! —Hades","src/cards/002/characters/087-panic-underworld-imp.i18n.ts","translated"
"set2-088","2R8","ci_rio","set2","88","character","Pete","Bad Guy","Ward
TAKE THAT! Whenever you play an action, this character gets +2 {S} this turn.
WHO'S NEXT? While this character has 7 {S} or more, he gets +2 {L}.","","src/cards/002/characters/088-pete-bad-guy.i18n.ts","translated"
"set2-089","Jlo","ci_Jlo","set2","89","character","Prince John","Greediest of All","Ward
I SENTENCE YOU Whenever your opponent discards 1 or more cards, you may draw a card for each card discarded.","Taxes! Taxes! Beautiful, lovely taxes!","src/cards/002/characters/089-prince-john-greediest-of-all.i18n.ts","translated"
"set2-090","VtO","ci_VtO","set2","90","character","Queen of Hearts","Quick-Tempered","ROYAL RAGE When you play this character, deal 1 damage to chosen damaged opposing character.","You know, we could make her really angry. Shall we try?%—Cheshire Cat","src/cards/002/characters/090-queen-of-hearts-quick-tempered.i18n.ts","translated"
"set2-091","yTi","ci_yTi","set2","91","character","Ratigan","Criminal Mastermind","Evasive","I’ve outdone myself this time! Soon I will have everything I deserve. Riches... power... an entire kingdom at my feet!","src/cards/002/characters/091-ratigan-criminal-mastermind.i18n.ts","translated"
"set2-092","Jkc","ci_Jkc","set2","92","character","Ray","Easygoing Firefly","Evasive","He may be hard to follow, but his heart isn't.","src/cards/002/characters/092-ray-easygoing-firefly.i18n.ts","translated"
"set2-093","zX1","ci_zX1","set2","93","character","The Queen","Disguised Peddler","A PERFECT DISGUISE {E}, Choose and discard a character card — Gain lore equal to the discarded character's {L}.","This is no ordinary apple...","src/cards/002/characters/093-the-queen-disguised-peddler.i18n.ts","translated"
"set2-094","dRI","ci_dRI","set2","94","character","Tiana","True Princess","undefined","Finding your true self will set your heart aglow.","src/cards/002/characters/094-tiana-true-princess.i18n.ts","translated"
"set2-095","3ZI","ci_N3z","set2","95","character","Virana","Fang Chief","undefined","I must make the hard decisions to protect my daughter, especially in this unfamiliar world.","src/cards/002/characters/095-virana-fang-chief.i18n.ts","translated"
"set2-096","GrH","ci_GrH","set2","96","action","Bibbidi Bobbidi Boo","","Return chosen character of yours to your hand to play another character with the same cost or less for free.","It’ll do magic, believe it or not","src/cards/002/actions/096-bibbidi-bobbidi-boo.i18n.ts","translated"
"set2-097","FHZ","ci_FHZ","set2","97","action","Bounce","","Return chosen character of yours to your hand to return another chosen character to their player's hand.","Are you ready for some bouncing? —Tigger","src/cards/002/actions/097-bounce.i18n.ts","translated"
"set2-098","Sez","ci_Sez","set2","98","action","Hypnotize","","Each opponent chooses and discards a card. Draw a card.","Look me in the eye when I’m speaking to you.","src/cards/002/actions/098-hypnotize.i18n.ts","translated"
"set2-099","EPR","ci_nRj","set2","99","action","Improvise","","Chosen character gets +1 {S} this turn. Draw a card.","Shan-Yu: It looks like you’re out of ideas. Mulan: Not quite!","src/cards/002/actions/099-improvise.i18n.ts","translated"
"set2-100","GkR","ci_GkR","set2","100","action","Pack Tactics","","Gain 1 lore for each damaged character opponents have in play.","Pacha: You want to survive the jungle? Start thinking like you belong here.%Kuzco: No problem... Grrr, look at me, I’m a jaguar.","src/cards/002/actions/100-pack-tactics.i18n.ts","translated"
"set2-101","EWe","ci_9sx","set2","101","action","Ring the Bell","","Banish chosen damaged character.","I'm afraid that you've gone and upset me. —Ratigan","src/cards/002/actions/101-ring-the-bell.i18n.ts","translated"
"set2-102","Faq","ci_Faq","set2","102","item","Ratigan's Marvelous Trap","","SNAP! BOOM! TWANG! Banish this item — Each opponent loses 2 lore.","Simple in purpose, elaborate in execution—just like Ratigan.","src/cards/002/items/102-ratigans-marvelous-trap.i18n.ts","translated"
"set2-103","U0W","ci_U0W","set2","103","character","Baloo","Fun-Loving Bear","undefined","The bees are buzzin' in the tree to make some honey just for me!","src/cards/002/characters/103-baloo-fun-loving-bear.i18n.ts","translated"
"set2-104","POP","ci_POP","set2","104","character","Boun","Precocious Entrepreneur","undefined","If you see any hungry faces, send ’em my way.","src/cards/002/characters/104-boun-precocious-entrepreneur.i18n.ts","translated"
"set2-105","V2r","ci_lN7","set2","105","character","Card Soldiers","Full Deck","undefined","You’ll have to deal with them sooner or later.","src/cards/002/characters/105-card-soldiers-full-deck.i18n.ts","translated"
"set2-106","2q9","ci_2q9","set2","106","character","Donald Duck","Not Again!","Evasive
PHOOEY! This character gets +1 {L} for each 1 damage on him.","","src/cards/002/characters/106-donald-duck-not-again.i18n.ts","translated"
"set2-107","Wz0","ci_Wz0","set2","107","character","Felicia","Always Hungry","Reckless","This isn’t how most cat-and-mouse games go, is it, Dr. Dawson?%—Basil","src/cards/002/characters/107-felicia-always-hungry.i18n.ts","translated"
"set2-108","HKW","ci_HKW","set2","108","character","Fidget","Ratigan's Henchman","Evasive","When a normal henchman just won't cut it.","src/cards/002/characters/108-fidget-ratigans-henchman.i18n.ts","translated"
"set2-109","3zO","ci_3zO","set2","109","character","Honest John","Not That Honest","EASY STREET Whenever you play a Floodborn character, each opponent loses 1 lore.","A thing like that ought to be worth a fortune to someone!","src/cards/002/characters/109-honest-john-not-that-honest.i18n.ts","translated"
"set2-110","key","ci_KcF","set2","110","character","Lady Tremaine","Imperious Queen","Shift 4
POWER TO RULE AT LAST When you play this character, each opponent chooses and banishes one of their characters.","The twelfth Rule of Villainy: If you don't have a throne, take one.","src/cards/002/characters/110-lady-tremaine-imperious-queen.i18n.ts","translated"
"set2-111","B8N","ci_B8N","set2","111","character","Lady Tremaine","Overbearing Matriarch","NOT FOR YOU When you play this character, each opponent with more lore than you loses 1 lore.","Make no mistake: this time I will make certain the key remains safe!","src/cards/002/characters/111-lady-tremaine-overbearing-matriarch.i18n.ts","translated"
"set2-112","3B5","ci_3B5","set2","112","character","Lumiere","Hotheaded Candelabra","undefined","When things heat up, no one can hold a candle to him.","src/cards/002/characters/112-lumiere-hotheaded-candelabra.i18n.ts","translated"
"set2-113","7jJ","ci_7jJ","set2","113","character","Minnie Mouse","Stylish Surfer","Evasive","This goes into my top ten most fun things!","src/cards/002/characters/113-minnie-mouse-stylish-surfer.i18n.ts","translated"
"set2-114","8gH","ci_OUg","set2","114","character","Minnie Mouse","Wide-Eyed Diver","Shift 2
Evasive
UNDERSEA ADVENTURE Whenever you play a second action in a turn, this character gets +2 {L} this turn.","","src/cards/002/characters/114-minnie-mouse-wide-eyed-diver.i18n.ts","translated"
"set2-115","tsF","ci_tsF","set2","115","character","Minnie Mouse","Zipping Around","undefined","Zero to fun in under three seconds!","src/cards/002/characters/115-minnie-mouse-zipping-around.i18n.ts","translated"
"set2-116","5YN","ci_5YN","set2","116","character","Mother Gothel","Withered and Wicked","WHAT HAVE YOU DONE?! This character enters play with 3 damage.","Her feelings are written all over her face.","src/cards/002/characters/116-mother-gothel-withered-and-wicked.i18n.ts","translated"
"set2-117","d6s","ci_d6s","set2","117","character","Mulan","Soldier in Training","Rush","I have to do something!","src/cards/002/characters/117-mulan-soldier-in-training.i18n.ts","translated"
"set2-118","SWw","ci_SWw","set2","118","character","Namaari","Nemesis","THIS SHOULDN'T TAKE LONG {E}, Banish this character — Banish chosen character.","I don't need swords to beat you. They just make it more fun.","src/cards/002/characters/118-namaari-nemesis.i18n.ts","translated"
"set2-119","D0w","ci_cCq","set2","119","character","Queen of Hearts","Impulsive Ruler","Rush","The glow of lore in the flood caught her eye. The spellbook! she cried. Don’t let it get away!","src/cards/002/characters/119-queen-of-hearts-impulsive-ruler.i18n.ts","translated"
"set2-120","DCW","ci_Il0","set2","120","character","Queen of Hearts","Sensing Weakness","Shift 2
LET THE GAME BEGIN Whenever one of your characters challenges another character, you may draw a card.","","src/cards/002/characters/120-queen-of-hearts-sensing-weakness.i18n.ts","translated"
"set2-121","jfe","ci_jfe","set2","121","character","Ratigan","Very Large Mouse","THIS IS MY KINGDOM When you play this character, exert chosen opposing character with 3 {S} or less. Choose one of your characters and ready them. They can't quest for the rest of this turn.","This time, nothing, not even Basil, can stand in my way!","src/cards/002/characters/121-ratigan-very-large-mouse.i18n.ts","translated"
"set2-122","8Xm","ci_DLC","set2","122","character","Raya","Headstrong","NOTE TO SELF, DON'T DIE During your turn, whenever this character banishes another character in a challenge, you may ready this character. She can't quest for the rest of this turn.","Two parts bravery, one part cleverness, and a whole lot of determination.","src/cards/002/characters/122-raya-headstrong.i18n.ts","translated"
"set2-123","rSb","ci_rSb","set2","123","character","Raya","Leader of Heart","Shift 4
CHAMPION OF KUMANDRA Whenever this character challenges a damaged character, she takes no damage from the challenge.","","src/cards/002/characters/123-raya-leader-of-heart.i18n.ts","translated"
"set2-124","NXq","ci_NXq","set2","124","character","Raya","Warrior of Kumandra","undefined","My ba dreams of a united Kumandra. I fight to honor that dream.","src/cards/002/characters/124-raya-warrior-of-kumandra.i18n.ts","translated"
"set2-125","U8O","ci_U8O","set2","125","character","Scar","Vicious Cheater","Rush
DADDY ISN'T HERE TO SAVE YOU During your turn, whenever this character banishes another character in a challenge, you may ready this character. He can't quest for the rest of this turn.","","src/cards/002/characters/125-scar-vicious-cheater.i18n.ts","translated"
"set2-126","1RH","ci_68m","set2","126","character","Shere Khan","Menacing Predator","DON'T INSULT MY INTELLIGENCE Whenever one of your characters challenges another character, gain 1 lore.","The sixth Rule of Villainy: Keep your mind sharp and your claws sharper.","src/cards/002/characters/126-shere-khan-menacing-predator.i18n.ts","translated"
"set2-127","n3U","ci_n3U","set2","127","character","Tigger","One of a Kind","ENERGETIC Whenever you play an action, this character gets +2 {S} this turn.","Bouncing in to save the day!","src/cards/002/characters/127-tigger-one-of-a-kind.i18n.ts","translated"
"set2-128","xpC","ci_xpC","set2","128","character","Tuk Tuk","Wrecking Ball","Reckless","A good friend is always ready to roll.","src/cards/002/characters/128-tuk-tuk-wrecking-ball.i18n.ts","translated"
"set2-129","lwc","ci_lwc","set2","129","action","Go the Distance","","Ready chosen damaged character of yours. They can't quest for the rest of this turn. Draw a card.","","src/cards/002/actions/129-go-the-distance.i18n.ts","translated"
"set2-130","4lC","ci_4lC","set2","130","action","Teeth and Ambitions","","Deal 2 damage to chosen character of yours to deal 2 damage to another chosen character.","Of course, quid pro quo, you're expected To take certain duties on board","src/cards/002/actions/130-teeth-and-ambitions.i18n.ts","translated"
"set2-131","7eC","ci_7eC","set2","131","action","The Most Diabolical Scheme","","Banish chosen Villain of yours to banish chosen character.","Now comes the real tour de force Tricky and wicked, of course","src/cards/002/actions/131-the-most-diabolical-scheme.i18n.ts","translated"
"set2-132","Dew","ci_Dew","set2","132","action","What Did You Call Me?","","Chosen damaged character gets +3 {S} this turn.","No one can have a higher opinion of you than I have, and I think you're a slimy, contemptible sewer rat! —Basil","src/cards/002/actions/132-what-did-you-call-me.i18n.ts","translated"
"set2-133","1AV","ci_JGS","set2","133","action","You Can Fly!","","Chosen character gains Evasive until the start of your next turn.","","src/cards/002/actions/133-you-can-fly.i18n.ts","translated"
"set2-134","kRQ","ci_T7g","set2","134","item","Dinner Bell","","YOU KNOW WHAT HAPPENS {E}, 2 {I} — Draw cards equal to the damage on chosen character of yours, then banish them.","The delicate sound of impending doom.","src/cards/002/items/134-dinner-bell.i18n.ts","translated"
"set2-135","USv","ci_USv","set2","135","item","Peter Pan's Dagger","","Your characters with Evasive get +1 {S}.","Like so much other lore, Peter Pan's dagger was safe in the Great Illuminary until the flood.","src/cards/002/items/135-peter-pans-dagger.i18n.ts","translated"
"set2-136","zL0","ci_zL0","set2","136","item","Sword in the Stone","","{E}, 2 {I} — Chosen character gets +1 {S} this turn for each 1 damage on them.","Whoso pulleth out this sword of this stone and anvil is rightwise king born of England.","src/cards/002/items/136-sword-in-the-stone.i18n.ts","translated"
"set2-137","Tmr","ci_Gej","set2","137","character","Alice","Growing Girl","GOOD ADVICE Your other characters gain Support. (Whenever they quest, you may add their {S} to another chosen character's {S} this turn.)
WHAT DID I DO? While this character has 10 {S} or more, she gets +4 {L}.","","src/cards/002/characters/137-alice-growing-girl.i18n.ts","translated"
"set2-138","rNe","ci_rNe","set2","138","character","Basil","Great Mouse Detective","Shift 5
THERE'S ALWAYS A CHANCE If you used Shift to play this character, you may draw 2 cards when he enters play.","A solution always presents itself.","src/cards/002/characters/138-basil-great-mouse-detective.i18n.ts","translated"
"set2-139","sCa","ci_sCa","set2","139","character","Basil","Of Baker Street","Support","What an ingenious device! If its light is refracted through these, then its images must resolve somewhere below.","src/cards/002/characters/139-basil-of-baker-street.i18n.ts","translated"
"set2-140","Vg9","ci_Vg9","set2","140","character","Basil","Perceptive Investigator","undefined","There is no question: something is afoot in the Great Illuminary.","src/cards/002/characters/140-basil-perceptive-investigator.i18n.ts","translated"
"set2-141","NTh","ci_NTh","set2","141","character","Caterpillar","Calm and Collected","undefined","Keep your tempo.","src/cards/002/characters/141-caterpillar-calm-and-collected.i18n.ts","translated"
"set2-142","oib","ci_oib","set2","142","character","Cogsworth","Grandfather Clock","Shift 3
Ward
UNWIND Your other characters gain Resist +1","","src/cards/002/characters/142-cogsworth-grandfather-clock.i18n.ts","translated"
"set2-143","xGr","ci_xGr","set2","143","character","Cogsworth","Talking Clock","WAIT A MINUTE Your characters with Reckless gain ""{E} — Gain 1 lore.""","This has gone far enough. I'm in charge here.","src/cards/002/characters/143-cogsworth-talking-clock.i18n.ts","translated"
"set2-144","RUT","ci_YdA","set2","144","character","Cruella De Vil","Fashionable Cruiser","NOW GET GOING During your turn, this character gains Evasive. (They can challenge characters with Evasive.)","Isn’t it just gorgeous, darling? And just as stylish as I am.","src/cards/002/characters/144-cruella-de-vil-fashionable-cruiser.i18n.ts","translated"
"set2-145","8wy","ci_8wy","set2","145","character","Cruella De Vil","Perfectly Wretched","Shift 3
OH, NO YOU DON'T Whenever this character quests, chosen opposing character gets -2 {S} this turn.","It's ink couture, darling. I wear only the best!","src/cards/002/characters/145-cruella-de-vil-perfectly-wretched.i18n.ts","translated"
"set2-146","MRG","ci_MRG","set2","146","character","Duke Weaselton","Small-Time Crook","Ward","It's <Wee>-sel-ton.","src/cards/002/characters/146-duke-weaselton-small-time-crook.i18n.ts","translated"
"set2-147","E5w","ci_E5w","set2","147","character","Gaston","Intellectual Powerhouse","Shift 4
DEVELOPED BRAIN When you play this character, look at the top 3 cards of your deck. You may put one into your hand. Put the rest on the bottom of your deck in any order.","","src/cards/002/characters/147-gaston-intellectual-powerhouse.i18n.ts","translated"
"set2-148","iZk","ci_KJO","set2","148","character","Grand Pabbie","Oldest and Wisest","ANCIENT INSIGHT Whenever you remove 1 or more damage from one of your characters, gain 2 lore.","When he talks, even the sky listens.","src/cards/002/characters/148-grand-pabbie-oldest-and-wisest.i18n.ts","translated"
"set2-149","LsX","ci_LsX","set2","149","character","Hiram Flaversham","Toymaker","ARTIFICER When you play this character and whenever he quests, you may banish one of your items to draw 2 cards.","His creations are even more wondrous with the Illuminary's resources at his fingertips.","src/cards/002/characters/149-hiram-flaversham-toymaker.i18n.ts","translated"
"set2-150","OCC","ci_OCC","set2","150","character","James","Role Model","NEVER, EVER LOSE SIGHT When this character is banished, you may put this card into your inkwell facedown and exerted.","","src/cards/002/characters/150-james-role-model.i18n.ts","translated"
"set2-151","kVO","ci_OtD","set2","151","character","Jasmine","Heir of Agrabah","I'M A FAST LEARNER When you play this character, remove up to 1 damage from chosen character of yours.","She may be young, but she’s got the spirit of a true leader.","src/cards/002/characters/151-jasmine-heir-of-agrabah.i18n.ts","translated"
"set2-152","mSk","ci_pT4","set2","152","character","Judy Hopps","Optimistic Officer","DON'T CALL ME CUTE When you play this character, you may banish chosen item. Its player draws a card.","I’ll get to the bottom of what happened with that locked lorebook. You can count on me!","src/cards/002/characters/152-judy-hopps-optimistic-officer.i18n.ts","translated"
"set2-153","IFJ","ci_IFJ","set2","153","character","Mrs. Judson","Housekeeper","TIDY UP Whenever you play a Floodborn character, you may put the top card of your deck into your inkwell facedown and exerted.","I know just the thing. Let me fetch you a pot of tea and some of my fresh cheese crumpets.","src/cards/002/characters/153-mrs-judson-housekeeper.i18n.ts","translated"
"set2-154","0FC","ci_0FC","set2","154","character","Nick Wilde","Wily Fox","IT'S CALLED A HUSTLE When you play this character, you may return an item card named Pawpsicle from your discard to your hand.","It’s criminal how good these things taste!","src/cards/002/characters/154-nick-wilde-wily-fox.i18n.ts","translated"
"set2-155","blI","ci_blI","set2","155","character","Noi","Orphaned Thief","HIDE AND SEEK While you have an item in play, this character gains Resist +1 and Ward. (Damage dealt to this character is reduced by 1. Opponents can't choose this character except to challenge.)","","src/cards/002/characters/155-noi-orphaned-thief.i18n.ts","translated"
"set2-156","S4z","ci_S4z","set2","156","character","Owl","Logical Lecturer","undefined","For instance, based on the quality of the light and the subtle change in wind direction, I can safely say that it is time for tea.","src/cards/002/characters/156-owl-logical-lecturer.i18n.ts","translated"
"set2-157","MlM","ci_MlM","set2","157","character","Prince Charming","Heir to the Throne","undefined","He’d searched across the Inklands for the young woman who’d stolen his heart at the ball, only to find more mysteries.","src/cards/002/characters/157-prince-charming-heir-to-the-throne.i18n.ts","translated"
"set2-158","Y22","ci_Y22","set2","158","character","Rabbit","Reluctant Host","undefined","Pooh: Isn't there anybody here at all?%Rabbit: Nobody!%Pooh: Somebody's there... because somebody must have said 'Nobody.' ","src/cards/002/characters/158-rabbit-reluctant-host.i18n.ts","translated"
"set2-159","GZk","ci_mTe","set2","159","character","Sisu","Divine Water Dragon","I TRUST YOU Whenever this character quests, look at the top 2 cards of your deck. You may put one into your hand. Put the rest on the bottom of your deck in any order.","No matter her shape, you can’t mistake her heart.","src/cards/002/characters/159-sisu-divine-water-dragon.i18n.ts","translated"
"set2-160","2Pk","ci_2Pk","set2","160","character","The Nokk","Water Spirit","Ward","As elusive as water.","src/cards/002/characters/160-the-nokk-water-spirit.i18n.ts","translated"
"set2-161","ZKc","ci_nqc","set2","161","character","Winnie the Pooh","Having a Think","HUNNY POT Whenever this character quests, you may put a card from your hand into your inkwell facedown.","When he thought, he thought in the most thoughtful way he could think.","src/cards/002/characters/161-winnie-the-pooh-having-a-think.i18n.ts","translated"
"set2-162","kL9","ci_kL9","set2","162","action","Falling Down the Rabbit Hole","","Each player chooses one of their characters and puts them into their inkwell facedown and exerted.","Down, down, down she went, floating in a swirl of ink. How curious!","src/cards/002/actions/162-falling-down-the-rabbit-hole.i18n.ts","translated"
"set2-163","6Xn","ci_jY8","set2","163","action","Four Dozen Eggs","","Your characters gain Resist +2 until the start of your next turn.","","src/cards/002/actions/163-four-dozen-eggs.i18n.ts","translated"
"set2-164","Ysg","ci_Ysg","set2","164","action","Launch","","Banish chosen item of yours to deal 5 damage to chosen character.","Ready... aim... coconut?","src/cards/002/actions/164-launch.i18n.ts","translated"
"set2-165","VnI","ci_VnI","set2","165","action","Nothing to Hide","","Each opponent reveals their hand. Draw a card.","Helps you avoid unpleasant surprises.","src/cards/002/actions/165-nothing-to-hide.i18n.ts","translated"
"set2-166","B1T","ci_B1T","set2","166","item","Fang Crossbow","","CAREFUL AIM {E}, 2 {I} — Chosen character gets -2 {S} this turn.
STAY BACK! {E}, Banish this item — Banish chosen Dragon character.","","src/cards/002/items/166-fang-crossbow.i18n.ts","translated"
"set2-167","MEA","ci_A51","set2","167","item","Gumbo Pot","","THE BEST I'VE EVER TASTED {E} — Remove 1 damage each from up to 2 chosen characters.","A gift this special just got to be shared. —James","src/cards/002/items/167-gumbo-pot.i18n.ts","translated"
"set2-168","Xlt","ci_Xlt","set2","168","item","Maurice's Workshop","","LOOKING FOR THIS? Whenever you play another item, you may pay 1 {I} to draw a card.","The solution you need could be just a few adjustments away.","src/cards/002/items/168-maurices-workshop.i18n.ts","translated"
"set2-169","VrY","ci_VrY","set2","169","item","Pawpsicle","","JUMBO POP When you play this item, you may draw a card.
THAT'S REDWOOD Banish this item — Remove up to 2 damage from chosen character.","","src/cards/002/items/169-pawpsicle.i18n.ts","translated"
"set2-170","QGa","ci_QGa","set2","170","item","Sardine Can","","FLIGHT CABIN Your exerted characters gain Ward.","Flight 3759 boarding now! Let’s go get that lore!%—Orville","src/cards/002/items/170-sardine-can.i18n.ts","translated"
"set2-171","LxQ","ci_LxQ","set2","171","character","Beast","Forbidding Recluse","YOU'RE NOT WELCOME HERE When you play this character, you may deal 1 damage to chosen character.","Woe to the one who draws his gaze.","src/cards/002/characters/171-beast-forbidding-recluse.i18n.ts","translated"
"set2-172","sLs","ci_sLs","set2","172","character","Beast","Selfless Protector","SHIELD ANOTHER Whenever one of your other characters would be dealt damage, put that many damage counters on this character instead.","You'll have to go through me first.","src/cards/002/characters/172-beast-selfless-protector.i18n.ts","translated"
"set2-173","VVb","ci_VVb","set2","173","character","Beast","Tragic Hero","Shift 3
IT'S BETTER THIS WAY At the start of your turn, if this character has no damage, draw a card. Otherwise, he gets +4 {S} this turn.","It must be my destiny—to remain a beast forever.","src/cards/002/characters/173-beast-tragic-hero.i18n.ts","translated"
"set2-174","z98","ci_pfZ","set2","174","character","Benja","Guardian of the Dragon Gem","WE HAVE A CHOICE When you play this character, you may banish chosen item.","Don’t mistake spirit for skill.","src/cards/002/characters/174-benja-guardian-of-the-dragon-gem.i18n.ts","translated"
"set2-175","mU4","ci_mU4","set2","175","character","Chief Bogo","Respected Officer","INSUBORDINATION! Whenever you play a Floodborn character, deal 1 damage to each opposing character.","We can confirm the ink flood was caused by an explosion. We have it under control—now clear the area.","src/cards/002/characters/175-chief-bogo-respected-officer.i18n.ts","translated"
"set2-176","FdD","ci_Nol","set2","176","character","Cinderella","Knight in Training","HAVE COURAGE When you play this character, you may draw a card, then choose and discard a card.","She's always had the heart of a champion—now she'll have the skills, too.","src/cards/002/characters/176-cinderella-knight-in-training.i18n.ts","translated"
"set2-177","T3C","ci_T3C","set2","177","character","Cinderella","Stouthearted","Shift 5
Resist +2
THE SINGING SWORD Whenever you play a song, this character may challenge ready characters this turn.","","src/cards/002/characters/177-cinderella-stouthearted.i18n.ts","translated"
"set2-178","iVk","ci_iVk","set2","178","character","Donald Duck","Deep-Sea Diver","undefined","You go ahead, Minnie! I’m going to see if there’s any lore over here.","src/cards/002/characters/178-donald-duck-deep-sea-diver.i18n.ts","translated"
"set2-179","Mx7","ci_Mx7","set2","179","character","Eli La Bouff","Big Daddy","undefined","I don’t suppose y’all could whip up some more magical beignets with them inkcasters?","src/cards/002/characters/179-eli-la-bouff-big-daddy.i18n.ts","translated"
"set2-180","JDP","ci_JDP","set2","180","character","Goofy","Knight for a Day","undefined","It’s a banner day for Sir Goofy, who is steeled to prove his mettle against anyone courting trouble—joust in case.","src/cards/002/characters/180-goofy-knight-for-a-day.i18n.ts","translated"
"set2-181","rNY","ci_1UQ","set2","181","character","Hercules","Divine Hero","Shift 4
Resist +2","A good guy to have around when something wrecks your inkworks.","src/cards/002/characters/181-hercules-divine-hero.i18n.ts","translated"
"set2-182","GRk","ci_GRk","set2","182","character","Hercules","Hero in Training","undefined","No need to call IX-I-I!","src/cards/002/characters/182-hercules-hero-in-training.i18n.ts","translated"
"set2-183","OLg","ci_OLg","set2","183","character","Jafar","Dreadnought","Shift 2
NOW WHERE WERE WE? During your turn, whenever this character banishes another character in a challenge, you may draw a card.","","src/cards/002/characters/183-jafar-dreadnought.i18n.ts","translated"
"set2-184","uIO","ci_9gw","set2","184","character","Jafar","Royal Vizier","I DON'T TRUST HIM, SIRE During your turn, this character gains Evasive. (They can challenge characters with Evasive.)","Soon you’ll learn who holds the <real> power!","src/cards/002/characters/184-jafar-royal-vizier.i18n.ts","translated"
"set2-185","XpE","ci_XpE","set2","185","character","Kronk","Junior Chipmunk","Resist +1
SCOUT LEADER During your turn, whenever this character banishes another character in a challenge, you may deal 2 damage to chosen character.","","src/cards/002/characters/185-kronk-junior-chipmunk.i18n.ts","translated"
"set2-186","W1g","ci_HIY","set2","186","character","Lawrence","Jealous Manservant","PAYBACK While this character has no damage, he gets +4 {S}.","In this new world, the crown could finally be his.","src/cards/002/characters/186-lawrence-jealous-manservant.i18n.ts","translated"
"set2-187","vB7","ci_vB7","set2","187","character","Li Shang","Archery Instructor","ARCHERY LESSON Whenever this character quests, your characters gain Evasive this turn. (They can challenge characters with Evasive.)","Learn what to do, then learn to do it without thought.","src/cards/002/characters/187-li-shang-archery-instructor.i18n.ts","translated"
"set2-188","QlQ","ci_QlQ","set2","188","character","Magic Broom","Industrial Model","MAKE IT SHINE When you play this character, chosen character gains Resist +1 until the start of your next turn.","Even with a hauling weight of seriously, a lot, it can only do so much in a magical flood.","src/cards/002/characters/188-magic-broom-industrial-model.i18n.ts","translated"
"set2-189","EAX","ci_PU4","set2","189","character","Namaari","Morning Mist","Bodyguard
BLADES This character can challenge ready characters.","","src/cards/002/characters/189-namaari-morning-mist.i18n.ts","translated"
"set2-190","SED","ci_SED","set2","190","character","Pacha","Village Leader","undefined","Don’t be fooled by the folksy peasant look. —Kuzco","src/cards/002/characters/190-pacha-village-leader.i18n.ts","translated"
"set2-191","A9R","ci_DSe","set2","191","character","Prince Naveen","Penniless Royal","undefined","All he's got is his charm.","src/cards/002/characters/191-prince-naveen-penniless-royal.i18n.ts","translated"
"set2-192","1vc","ci_1vc","set2","192","character","Queen of Hearts","Capricious Monarch","OFF WITH THEIR HEADS! Whenever an opposing character is banished, you may ready this character.","The fourth Rule of Villainy: Do whatever it takes to get ahead.","src/cards/002/characters/192-queen-of-hearts-capricious-monarch.i18n.ts","translated"
"set2-193","4Zj","ci_Puv","set2","193","character","Robin Hood","Capable Fighter","SKIRMISH {E} — Deal 1 damage to chosen character.","Capable? You don’t know the half of it. —Little John","src/cards/002/characters/193-robin-hood-capable-fighter.i18n.ts","translated"
"set2-194","GSI","ci_GSI","set2","194","character","The Huntsman","Reluctant Enforcer","CHANGE OF HEART Whenever this character quests, you may draw a card, then choose and discard a card.","Run away, hide! In the woods, anywhere!","src/cards/002/characters/194-the-huntsman-reluctant-enforcer.i18n.ts","translated"
"set2-195","jp9","ci_jp9","set2","195","character","The Prince","Never Gives Up","Bodyguard
Resist +1","","src/cards/002/characters/195-the-prince-never-gives-up.i18n.ts","translated"
"set2-196","ivr","ci_ivr","set2","196","character","Tiana","Celebrating Princess","Resist +2
WHAT YOU GIVE IS WHAT YOU GET While this character is exerted and you have no cards in your hand, opponents can't play actions.","","src/cards/002/characters/196-tiana-celebrating-princess.i18n.ts","translated"
"set2-197","XAu","ci_ni7","set2","197","character","Tiana","Diligent Waitress","undefined","<My> place is going be special, with great food to fill people’s bellies and hot jazz to feed their souls!","src/cards/002/characters/197-tiana-diligent-waitress.i18n.ts","translated"
"set2-198","FWM","ci_FWM","set2","198","action","Charge!","","Chosen character gains Challenger +2 and Resist +2 this turn. (They get +2 {S} while challenging. Damage dealt to them is reduced by 2.)","Sometimes subtlety is required. This is not one of those times.","src/cards/002/actions/198-charge.i18n.ts","translated"
"set2-199","404","ci_404","set2","199","action","Let the Storm Rage On","","Deal 2 damage to chosen character. Draw a card.","The cold never bothered me anyway","src/cards/002/actions/199-let-the-storm-rage-on.i18n.ts","translated"
"set2-200","3r0","ci_3r0","set2","200","action","Pick a Fight","","Chosen character can challenge ready characters this turn.","I'm gonna wreck it!","src/cards/002/actions/200-pick-a-fight.i18n.ts","translated"
"set2-201","rHN","ci_s73","set2","201","action","Strength of a Raging Fire","","Deal damage to chosen character equal to the number of characters you have in play.","Tranquil as a forest But on fire within","src/cards/002/actions/201-strength-of-a-raging-fire.i18n.ts","translated"
"set2-202","Q9b","ci_Q9b","set2","202","item","Last Cannon","","ARM YOURSELF 1 {I}, Banish this item — Chosen character gains Challenger +3 this turn. (They get +3 {S} while challenging.)","One shot can change everything.","src/cards/002/items/202-last-cannon.i18n.ts","translated"
"set2-203","ab5","ci_ab5","set2","203","item","Mouse Armor","","PROTECTION {E} — Chosen character gains Resist +1 until the start of your next turn.","Built by the tiniest of hands for the bravest of hearts.","src/cards/002/items/203-mouse-armor.i18n.ts","translated"
"set2-204","X1T","ci_X1T","set2","204","item","Weight Set","","TRAINING Whenever you play a character with 4 {S} or more, you may pay 1 {I} to draw a card.","Personally endorsed by Hercules himself!","src/cards/002/items/204-weight-set.i18n.ts","translated"
"set2-205-enchanted","6kY","ci_Djx","set2","205","character","Cinderella","Ballroom Sensation","Singer 3","","src/cards/002/characters/205-cinderella-ballroom-sensation-enchanted.i18n.ts","translated"
"set2-206-enchanted","65h","ci_IGd","set2","206","character","Snow White","Well Wisher","Shift 4
WISHES COME TRUE Whenever this character quests, you may return a character card from your discard to your hand.","","src/cards/002/characters/206-snow-white-well-wisher-enchanted.i18n.ts","translated"
"set2-207-enchanted","RJn","ci_tMV","set2","207","character","Arthur","Wizard's Apprentice","STUDENT Whenever this character quests, you may return another chosen character of yours to your hand to gain 2 lore.","","src/cards/002/characters/207-arthur-wizards-apprentice-enchanted.i18n.ts","translated"
"set2-208-enchanted","auv","ci_xvT","set2","208","character","Madam Mim","Purple Dragon","Evasive
I WIN, I WIN! When you play this character, banish her or return another 2 chosen characters of yours to your hand.","Did I say no purple dragons? Did I?","src/cards/002/characters/208-madam-mim-purple-dragon-enchanted.i18n.ts","translated"
"set2-209-enchanted","DRq","ci_rio","set2","209","character","Pete","Bad Guy","Ward
TAKE THAT! Whenever you play an action, this character gets +2 {S} this turn.
WHO'S NEXT? While this character has 7 {S} or more, he gets +2 {L}.","","src/cards/002/characters/209-pete-bad-guy-enchanted.i18n.ts","translated"
"set2-210-enchanted","rez","ci_oX9","set2","210","character","Beast","Relentless","SECOND WIND Whenever an opposing character is damaged, you may ready this character.","","src/cards/002/characters/210-beast-relentless-enchanted.i18n.ts","translated"
"set2-211-enchanted","Toy","ci_KcF","set2","211","character","Lady Tremaine","Imperious Queen","Shift 4
POWER TO RULE AT LAST When you play this character, each opponent chooses and banishes one of their characters.","","src/cards/002/characters/211-lady-tremaine-imperious-queen-enchanted.i18n.ts","translated"
"set2-212-enchanted","2eV","ci_68m","set2","212","character","Shere Khan","Menacing Predator","DON'T INSULT MY INTELLIGENCE Whenever one of your characters challenges another character, gain 1 lore.","","src/cards/002/characters/212-shere-khan-menacing-predator-enchanted.i18n.ts","translated"
"set2-213-enchanted","qb5","ci_Gej","set2","213","character","Alice","Growing Girl","GOOD ADVICE Your other characters gain Support. (Whenever they quest, you may add their {S} to another chosen character's {S} this turn.)
WHAT DID I DO? While this character has 10 {S} or more, she gets +4 {L}.","","src/cards/002/characters/213-alice-growing-girl-enchanted.i18n.ts","translated"
"set2-214-enchanted","Gxv","ci_mTe","set2","214","character","Sisu","Divine Water Dragon","I TRUST YOU Whenever this character quests, look at the top 2 cards of your deck. You may put one into your hand. Put the rest on the bottom of your deck in any order.","","src/cards/002/characters/214-sisu-divine-water-dragon-enchanted.i18n.ts","translated"
"set2-215-enchanted","X9s","ci_1UQ","set2","215","character","Hercules","Divine Hero","Shift 4
Resist +2","","src/cards/002/characters/215-hercules-divine-hero-enchanted.i18n.ts","translated"
"set2-216-enchanted","ccI","ci_PU4","set2","216","character","Namaari","Morning Mist","Bodyguard
BLADES This character can challenge ready characters.","","src/cards/002/characters/216-namaari-morning-mist-enchanted.i18n.ts","translated"
"set2-c1-003-challenge","hEZ","ci_T3C","set2-c1","3","character","Cinderella","Stouthearted","Shift 5
Resist +2
THE SINGING SWORD Whenever you play a song, this character may challenge ready characters this turn.","","src/cards/002/characters/c1-003-cinderella-stouthearted-challenge.i18n.ts","translated"
"set2-d23-002","4ya","ci_T3C","set2-d23","2","character","Cinderella","Stouthearted","Shift 5

Resist +2

\The Singing Sword\ Whenever you play a song, this character may challenge ready characters this turn.","","src/cards/002/characters/d23-002-cinderella-stouthearted.i18n.ts","translated"
"set2-p1-014-promo","z4W","ci_Nol","set2-p1","14","character","Cinderella","Knight in Training","HAVE COURAGE When you play this character, you may draw a card, then choose and discard a card.","","src/cards/002/characters/p1-014-cinderella-knight-in-training-promo.i18n.ts","translated"
"set2-p1-015-promo","ttV","ci_q4H","set2-p1","15","character","Bucky","Squirrel Squeak Tutor","SQUEAK Whenever you play a Floodborn character, if you used Shift to play them, each opponent chooses and discards a card.","","src/cards/002/characters/p1-015-bucky-squirrel-squeak-tutor-promo.i18n.ts","translated"
"set2-p1-016-promo","X42","ci_OUg","set2-p1","16","character","Minnie Mouse","Wide-Eyed Diver","Shift 2
Evasive
UNDERSEA ADVENTURE Whenever you play a second action in a turn, this character gets +2 {L} this turn.","","src/cards/002/characters/p1-016-minnie-mouse-wide-eyed-diver-promo.i18n.ts","translated"
"set2-p1-017-promo","2b1","ci_Puv","set2-p1","17","character","Robin Hood","Capable Fighter","SKIRMISH {E} — Deal 1 damage to chosen character.","","src/cards/002/characters/p1-017-robin-hood-capable-fighter-promo.i18n.ts","translated"
"set2-p1-018","udf","ci_igT","set2-p1","18","character","Mickey Mouse","Friendly Face","\Glad You're Here!\ Whenever this character quests, you pay 3 {I} less for the next character you play this turn.","","src/cards/002/characters/p1-018-mickey-mouse-friendly-face.i18n.ts","translated"
"set2-p1-019","pCk","ci_in4","set2-p1","19","character","Elsa","Gloves Off","Challenger +3","","src/cards/002/characters/p1-019-elsa-gloves-off.i18n.ts","translated"
"set2-p1-031-promo","aqh","ci_jGU","set2-p1","31","character","Rapunzel","Gifted Artist","Shift 3
LET YOUR POWER SHINE Whenever you remove 1 or more damage from one of your characters, you may draw a card.","","src/cards/002/characters/p1-031-rapunzel-gifted-artist-promo.i18n.ts","translated"
"set2-p1-032-promo","jcE","ci_RgG","set2-p1","32","character","Pinocchio","Talkative Puppet","TELLING LIES When you play this character, you may exert chosen opposing character.","","src/cards/002/characters/p1-032-pinocchio-talkative-puppet-promo.i18n.ts","translated"
"set2-p1-033-promo","Uv6","ci_jY8","set2-p1","33","action","Four Dozen Eggs","","Your characters gain Resist +2 until the start of your next turn.","","src/cards/002/actions/p1-033-four-dozen-eggs-promo.i18n.ts","translated"
"set3-001","LOs","ci_LOs","set3","1","character","Baloo","von Bruinwald XIII","Bodyguard
LET'S MAKE LIKE A TREE When this character is banished, gain 2 lore.","","src/cards/003/characters/001-baloo-von-bruinwald-xiii.i18n.ts","translated"
"set3-002","oTM","ci_oTM","set3","2","character","Bernard","Brand-New Agent","I'LL CHECK IT OUT At the end of your turn, if this character is exerted, you may ready another chosen character of yours.","You stay there. I'll look for scattered lore.","src/cards/003/characters/002-bernard-brand-new-agent.i18n.ts","translated"
"set3-003","xP0","ci_dKG","set3","3","character","Chernabog","Evildoer","THE POWER OF EVIL For each character card in your discard, you pay 1 {I} less to play this character.
SUMMON THE SPIRITS When you play this character, shuffle all character cards from your discard into your deck.","Darkness calls to minions everywhere.","src/cards/003/characters/003-chernabog-evildoer.i18n.ts","translated"
"set3-005","eZE","ci_eZE","set3","5","character","Joshua Sweet","The Doctor","Bodyguard","Heading out to the Inklands? Come on back if you need patching up.","src/cards/003/characters/005-joshua-sweet-the-doctor.i18n.ts","translated"
"set3-006","6Uk","ci_6Uk","set3","6","character","Kida","Atlantean","undefined","Welcome to the Inklands!","src/cards/003/characters/006-kida-atlantean.i18n.ts","translated"
"set3-007","jkb","ci_L03","set3","7","character","Kida","Protector of Atlantis","Shift 3
PERHAPS WE CAN SAVE OUR FUTURE When you play this character, all characters get -3 {S} until the start of your next turn.","She has been chosen. —King Kashekim Nedakh","src/cards/003/characters/007-kida-protector-of-atlantis.i18n.ts","translated"
"set3-008","nH3","ci_nH3","set3","8","character","Lucky","The 15th Puppy","GOOD AS NEW {E} — Reveal the top 3 cards of your deck. You may put each character card with cost 2 or less into your hand. Put the rest on the bottom of your deck in any order.
PUPPY LOVE Whenever this character quests, if you have 4 or more other characters in play, your other characters get +1 {L} this turn.","","src/cards/003/characters/008-lucky-the-15th-puppy.i18n.ts","translated"
"set3-009","8V8","ci_8V8","set3","9","character","Minnie Mouse","Musical Artist","Singer 3
ENTOURAGE Whenever you play a character with Bodyguard, you may remove up to 2 damage from chosen character.","Her musical talents are off the charts!","src/cards/003/characters/009-minnie-mouse-musical-artist.i18n.ts","translated"
"set3-010","psy","ci_psy","set3","10","character","Miss Bianca","Rescue Aid Society Agent","Singer 4","Our society has never failed to answer a call for help. —Mr. Chairman","src/cards/003/characters/010-miss-bianca-rescue-aid-society-agent.i18n.ts","translated"
"set3-011","kVc","ci_kVc","set3","11","character","Mr. Snoops","Inept Businessman","undefined","This is simple, Snoops! I want that lore! The one that shines like a diamond! —Madame Medusa","src/cards/003/characters/011-mr-snoops-inept-businessman.i18n.ts","translated"
"set3-012","5yO","ci_2at","set3","12","character","Nani","Protective Sister","Bodyguard","Let me handle this, Lilo.","src/cards/003/characters/012-nani-protective-sister.i18n.ts","translated"
"set3-013","Rcs","ci_Rcs","set3","13","character","Orville","Ace Pilot","undefined","Boy, look at those things go! Whaddaya call 'em? Inkrunners? I wish I could fly like that.","src/cards/003/characters/013-orville-ace-pilot.i18n.ts","translated"
"set3-014","530","ci_530","set3","14","character","Patch","Intimidating Pup","BARK {E} — Chosen character gets -2 {S} until the start of your next turn.","Just like Thunderbolt, he’ll stand up to any bad guy.","src/cards/003/characters/014-patch-intimidating-pup.i18n.ts","translated"
"set3-015","fgK","ci_fgK","set3","15","character","Perdita","Devoted Mother","COME ALONG, CHILDREN When you play this character and whenever she quests, you may play a character with cost 2 or less from your discard for free.","Her pups will follow her anywhere.","src/cards/003/characters/015-perdita-devoted-mother.i18n.ts","translated"
"set3-016","3W0","ci_51V","set3","16","character","Piglet","Pooh Pirate Captain","AND I'M THE CAPTAIN! While you have 2 or more other characters in play, this character gets +2 {L}.","Ahoy! There’s lore out there, and I’m g-gonna find it!","src/cards/003/characters/016-piglet-pooh-pirate-captain.i18n.ts","translated"
"set3-017","MU4","ci_Iga","set3","17","character","Pluto","Determined Defender","Shift 5
Bodyguard
GUARD DOG At the start of your turn, remove up to 3 damage from this character.","","src/cards/003/characters/017-pluto-determined-defender.i18n.ts","translated"
"set3-018","Dl1","ci_jIB","set3","18","character","Pluto","Friendly Pooch","GOOD DOG {E} — You pay 1 {I} less for the next character you play this turn.","He just can't wait for new friends to arrive!","src/cards/003/characters/018-pluto-friendly-pooch.i18n.ts","translated"
"set3-019","6fe","ci_4Yx","set3","19","character","Pongo","Determined Father","TWILIGHT BARK Once per turn, you may pay 2 {I} to reveal the top card of your deck. If it's a character card, put it into your hand. Otherwise, put it on the bottom of your deck.","We’ll find our way. I know we will!","src/cards/003/characters/019-pongo-determined-father.i18n.ts","translated"
"set3-020","VAS","ci_0HZ","set3","20","character","Queen of Hearts","Wonderland Empress","ALL WAYS HERE ARE MY WAYS Whenever this character quests, your other Villain characters get +1 {L} this turn.","The more of the Inklands she claims, the more she wants.","src/cards/003/characters/020-queen-of-hearts-wonderland-empress.i18n.ts","translated"
"set3-021","5D2","ci_5D2","set3","21","character","Rolly","Hungry Pup","Support","I’m hungry, Mother. I really am.","src/cards/003/characters/021-rolly-hungry-pup.i18n.ts","translated"
"set3-022","NlL","ci_CV5","set3","22","character","Tinker Bell","Generous Fairy","MAKE A NEW FRIEND When you play this character, look at the top 4 cards of your deck. You may reveal a character card and put it into your hand. Put the rest on the bottom of your deck in any order.","Plenty of berries—and friendship—to go around.","src/cards/003/characters/022-tinker-bell-generous-fairy.i18n.ts","translated"
"set3-023","cDB","ci_cDB","set3","23","character","Wendy Darling","Talented Sailor","undefined","With Tink’s upgrades in place, Wendy took them to the skies to find the missing mermaid.","src/cards/003/characters/023-wendy-darling-talented-sailor.i18n.ts","translated"
"set3-024","V75","ci_V75","set3","24","action","99 Puppies","","Whenever one of your characters quests this turn, gain 1 lore.","Two, four, six, and three is nine, plus two is 11... —Roger","src/cards/003/actions/024-99-puppies.i18n.ts","translated"
"set3-025","8aE","ci_8aE","set3","25","action","Boss's Orders","","Chosen character gains Support this turn. (Whenever they quest, you may add their {S} to another chosen character's {S} this turn.)","Snoops! I know you can look harder! Find me that lore! —Madame Medusa","src/cards/003/actions/025-bosss-orders.i18n.ts","translated"
"set3-026","qoo","ci_ol7","set3","26","action","Heal What Has Been Hurt","","Remove up to 3 damage from chosen character. Draw a card.","Let your power shine Make the clock reverse...","src/cards/003/actions/026-heal-what-has-been-hurt.i18n.ts","translated"
"set3-027","Wq8","ci_Wq8","set3","27","action","Quick Patch","","Remove up to 3 damage from chosen location.","Good as new! Well, almost.","src/cards/003/actions/027-quick-patch.i18n.ts","translated"
"set3-028","chI","ci_chI","set3","28","action","The Bare Necessities","","Chosen opponent reveals their hand and discards a non-character card of your choice.","Forget about your worries and your strife....","src/cards/003/actions/028-the-bare-necessities.i18n.ts","translated"
"set3-029","fol","ci_fol","set3","29","item","Cleansing Rainwater","","ANCIENT POWER Banish this item — Remove up to 2 damage from each of your characters.","Rainwater lands as stone melts and dragons fly again.","src/cards/003/items/029-cleansing-rainwater.i18n.ts","translated"
"set3-030","cVL","ci_cVL","set3","30","item","Heart of Atlantis","","LIFE GIVER {E} — You pay 2 {I} less for the next character you play this turn.","It’s what's keeping you—all of Atlantis—alive! —Milo Thatch","src/cards/003/items/030-heart-of-atlantis.i18n.ts","translated"
"set3-031","vtL","ci_vtL","set3","31","item","Wildcat's Wrench","","REBUILD {E} — Remove up to 2 damage from chosen location.","The right tool makes all the difference.","src/cards/003/items/031-wildcats-wrench.i18n.ts","translated"
"set3-032","E8P","ci_E8P","set3","32","location","Never Land","Mermaid Lagoon","undefined","The mermaids told Peter they’d seen some items floating by several days earlier, but they were more concerned that one of their sisters had gone missing.","src/cards/003/locations/032-never-land-mermaid-lagoon.i18n.ts","translated"
"set3-033","se2","ci_udL","set3","33","location","Pride Lands","Pride Rock","WE ARE ALL CONNECTED Characters get +2 {W} while here.
LION HOME If you have a Prince or King character here, you pay 1 {I} less to play characters.","","src/cards/003/locations/033-pride-lands-pride-rock.i18n.ts","translated"
"set3-034","MoB","ci_MoB","set3","34","location","Tiana's Palace","Jazz Restaurant","NIGHT OUT Characters can't be challenged while here.","In New Orleans, dreams can come true.","src/cards/003/locations/034-tianas-palace-jazz-restaurant.i18n.ts","translated"
"set3-035","Vs7","ci_Vs7","set3","35","character","Alice","Tea Alchemist","CURIOUSER AND CURIOUSER {E} — Exert chosen opposing character and all other opposing characters with the same name.","With the right tea leaves and a little magic, she creates the perfect cup for any party guest.","src/cards/003/characters/035-alice-tea-alchemist.i18n.ts","translated"
"set3-036","gNW","ci_gNW","set3","36","character","Chernabog's Followers","Creatures of Evil","RESTLESS SOULS Whenever this character quests, you may banish them to draw a card.","Let chaos reign.","src/cards/003/characters/036-chernabogs-followers-creatures-of-evil.i18n.ts","translated"
"set3-037","6Jh","ci_6Jh","set3","37","character","Diablo","Faithful Pet","LOOKING FOR AURORA Whenever you play a character named Maleficent, you may look at the top card of your deck. Put it on either the top or the bottom of your deck.","With a little ink-enhanced magic, nothing escapes his sight.","src/cards/003/characters/037-diablo-faithful-pet.i18n.ts","translated"
"set3-038","0Ac","ci_pLA","set3","38","character","Genie","Supportive Friend","THREE WISHES Whenever this character quests, you may shuffle this card into your deck to draw 3 cards.","Right here, direct from the lamp, right here for your very much wish fulfillment.","src/cards/003/characters/038-genie-supportive-friend.i18n.ts","translated"
"set3-039","vgI","ci_vgI","set3","39","character","Hydros","Ice Titan","BLIZZARD {E} — Exert chosen character.","Freeze Zeus!","src/cards/003/characters/039-hydros-ice-titan.i18n.ts","translated"
"set3-040","lhS","ci_lhS","set3","40","character","Iago","Pretty Polly","Evasive","Your majesty certainly has a way with dumb animals. —Jafar","src/cards/003/characters/040-iago-pretty-polly.i18n.ts","translated"
"set3-041","ley","ci_oLk","set3","41","character","Jafar","Lamp Thief","I AM YOUR MASTER NOW When you play this character, look at the top 2 cards of your deck. Put one on the top of your deck and the other on the bottom.","I will rule as far as the eye can see.","src/cards/003/characters/041-jafar-lamp-thief.i18n.ts","translated"
"set3-042","4un","ci_7x1","set3","42","character","Jafar","Striking Illusionist","Shift 5
Evasive
POWER BEYOND MEASURE During your turn, while this character is exerted, whenever you draw a card, gain 1 lore.","","src/cards/003/characters/042-jafar-striking-illusionist.i18n.ts","translated"
"set3-043","tnp","ci_tnp","set3","43","character","Lena Sabrewing","Rebellious Teenager","Rush","Born from the shadows. Saved by friendship.","src/cards/003/characters/043-lena-sabrewing-rebellious-teenager.i18n.ts","translated"
"set3-044","hC1","ci_hC1","set3","44","character","Magic Broom","Dancing Duster","POWER CLEAN When you play this character, if you have a Sorcerer character in play, you may exert chosen opposing character. They can't ready at the start of their next turn.","Super-smooth tidiness.","src/cards/003/characters/044-magic-broom-dancing-duster.i18n.ts","translated"
"set3-045","sUV","ci_sUV","set3","45","character","Magic Broom","Swift Cleaner","Rush
CLEAN THIS, CLEAN THAT When you play this character, you may shuffle all Broom cards from your discard into your deck.","Super-speedy tidiness.","src/cards/003/characters/045-magic-broom-swift-cleaner.i18n.ts","translated"
"set3-046","W8m","ci_W8m","set3","46","character","Magic Broom","The Big Sweeper","CLEAN SWEEP While this character is at a location, it gets +2 {S}.","Super-sized tidiness.","src/cards/003/characters/046-magic-broom-the-big-sweeper.i18n.ts","translated"
"set3-047","oLg","ci_oLg","set3","47","character","Magic Carpet","Flying Rug","Evasive
FIND THE WAY {E} — Move a character of yours to a location for free.","Carpet and I can swoop in, grab the lore, and be back before anyone knows it!%—Aladdin","src/cards/003/characters/047-magic-carpet-flying-rug.i18n.ts","translated"
"set3-048","xwX","ci_xwX","set3","48","character","Magica De Spell","Ambitious Witch","undefined","Feed my power, Dark Eclipse. Free my form from the abyss. Dormant magic now unchain, the Shadow Queen be whole again!","src/cards/003/characters/048-magica-de-spell-ambitious-witch.i18n.ts","translated"
"set3-049","XJy","ci_XJy","set3","49","character","Magica De Spell","The Midas Touch","Shift 5
ALL MINE Whenever this character quests, gain lore equal to the cost of one of your items in play.","I can feel my powers growing the closer I get to Scrooge's precious dime!","src/cards/003/characters/049-magica-de-spell-the-midas-touch.i18n.ts","translated"
"set3-050","iq5","ci_iq5","set3","50","character","Magica De Spell","Thieving Sorceress","TELEKINESIS {E} — Return chosen item with cost equal to or less than this character's {S} to its player's hand.","Do you know what I call this? A good start!","src/cards/003/characters/050-magica-de-spell-thieving-sorceress.i18n.ts","translated"
"set3-051","rHc","ci_FwY","set3","51","character","Maleficent","Mistress of All Evil","DARK KNOWLEDGE Whenever this character quests, you may draw a card.
DIVINATION During your turn, whenever you draw a card, you may move 1 damage counter from chosen character to chosen opposing character.","","src/cards/003/characters/051-maleficent-mistress-of-all-evil.i18n.ts","translated"
"set3-052","MGp","ci_7n1","set3","52","character","Mama Odie","Voice of Wisdom","LISTEN TO YOUR MAMA NOW Whenever this character quests, you may move up to 2 damage counters from chosen character to chosen opposing character.","That’s the way to give it what it needs, Juju!","src/cards/003/characters/052-mama-odie-voice-of-wisdom.i18n.ts","translated"
"set3-053","rYO","ci_rYO","set3","53","character","Pua","Potbellied Buddy","ALWAYS THERE When this character is banished, you may shuffle this card into your deck.","Always ready to lend a hand... er, snout.","src/cards/003/characters/053-pua-potbellied-buddy.i18n.ts","translated"
"set3-054","YW7","ci_s33","set3","54","character","Rafiki","Mystical Fighter","Challenger +3
ANCIENT SKILLS Whenever he challenges a Hyena character, this character takes no damage from the challenge.","Mind the stick!","src/cards/003/characters/054-rafiki-mystical-fighter.i18n.ts","translated"
"set3-055","NxG","ci_NxG","set3","55","character","Stratos","Tornado Titan","Evasive
CYCLONE {E} — Gain lore equal to the number of Titan characters you have in play.","Blow Zeus away!","src/cards/003/characters/055-stratos-tornado-titan.i18n.ts","translated"
"set3-056","RNV","ci_RNV","set3","56","character","The Firebird","Force of Destruction","undefined","It rages through the forest, Wings spread wide with flame Spring sings its ancient chorus And green renews its claim","src/cards/003/characters/056-the-firebird-force-of-destruction.i18n.ts","translated"
"set3-057","F4E","ci_F4E","set3","57","character","The Queen","Hateful Rival","undefined","A cobweb’s strand to hold her fast An eagle’s eye to see her well Sands of time to steal her past Thus I cast my magic spell!","src/cards/003/characters/057-the-queen-hateful-rival.i18n.ts","translated"
"set3-058","gsz","ci_gsz","set3","58","character","Treasure Guardian","Protector of the Cave","WHO DISTURBS MY SLUMBER? This character can't challenge or quest unless it is at a location.","Only one may enter here.","src/cards/003/characters/058-treasure-guardian-protector-of-the-cave.i18n.ts","translated"
"set3-059","14O","ci_1J4","set3","59","character","Ursula","Sea Witch","YOU'RE TOO LATE Whenever this character quests, chosen opposing character can't ready at the start of their next turn.","The secret contract has already been written.","src/cards/003/characters/059-ursula-sea-witch.i18n.ts","translated"
"set3-060","3hQ","ci_3hQ","set3","60","action","Bestow a Gift","","Move 1 damage counter from chosen character to chosen opposing character.","From magic ink I call this gift. Fly my minion, thy wings be swift! —Maleficent","src/cards/003/actions/060-bestow-a-gift.i18n.ts","translated"
"set3-061","LAX","ci_LAX","set3","61","action","It Calls Me","","Draw a card. Then, choose up to 3 cards from chosen opponent's discard and shuffle them into their deck.","I am everything I’ve learned and more","src/cards/003/actions/061-it-calls-me.i18n.ts","translated"
"set3-062","vq2","ci_04M","set3","62","action","Last-Ditch Effort","","Exert chosen opposing character. Then chosen character of yours gains Challenger +2 this turn. (They get +2 {S} while challenging.)","I got your back.","src/cards/003/actions/062-last-ditch-effort.i18n.ts","translated"
"set3-063","rx8","ci_rx8","set3","63","action","The Boss is on a Roll","","Look at the top 5 cards of your deck. Put any number of them on the top or the bottom of your deck in any order. Gain 1 lore.","Go ahead! Make your choice!","src/cards/003/actions/063-the-boss-is-on-a-roll.i18n.ts","translated"
"set3-064","gxn","ci_gxn","set3","64","item","The Lamp","","GOOD OR EVIL Banish this item — If you have a character named Jafar in play, draw 2 cards. If you have a character named Genie in play, return chosen character with cost 4 or less to their player's hand.","","src/cards/003/items/064-the-lamp.i18n.ts","translated"
"set3-065","2fQ","ci_4Wb","set3","65","item","The Sorcerer's Hat","","INCREDIBLE ENERGY {E}, 1 {I} — Name a card, then reveal the top card of your deck. If it's the named card, put that card into your hand. Otherwise, put it on the top of your deck.","Minnie approached it cautiously. Whoever had placed it here might have prepared traps.","src/cards/003/items/065-the-sorcerers-hat.i18n.ts","translated"
"set3-066","189","ci_189","set3","66","location","Forbidden Mountain","Maleficent's Castle","undefined","An eerie quiet surrounds the castle—but beware of the dangerous occupant within.","src/cards/003/locations/066-forbidden-mountain-maleficents-castle.i18n.ts","translated"
"set3-067","2mb","ci_2mb","set3","67","location","The Queen's Castle","Mirror Chamber","USING THE MIRROR At the start of your turn, for each character you have here, you may draw a card.","Those who visit the mirror can choose their question—but not the answer.","src/cards/003/locations/067-the-queens-castle-mirror-chamber.i18n.ts","translated"
"set3-068","GJL","ci_GJL","set3","68","location","The Sorcerer's Tower","Wondrous Workspace","BROOM CLOSET Your characters named Magic Broom may move here for free.
MAGICAL POWER Characters get +1 {L} while here.","Everything you need to make some magic.","src/cards/003/locations/068-the-sorcerers-tower-wondrous-workspace.i18n.ts","translated"
"set3-069","3Fn","ci_3Fn","set3","69","character","Cubby","Mighty Lost Boy","THE BEAR Whenever this character moves to a location, he gets +3 {S} this turn.","With Peter holding off Hook, Cubby did what he does best: break stuff.","src/cards/003/characters/069-cubby-mighty-lost-boy.i18n.ts","translated"
"set3-070","c1H","ci_8Dp","set3","70","character","Cursed Merfolk","Ursula's Handiwork","POOR SOULS Whenever this character is challenged, each opponent chooses and discards a card.","Now it's happened once or twice, someone couldn't pay the price....%—Ursula","src/cards/003/characters/070-cursed-merfolk-ursulas-handiwork.i18n.ts","translated"
"set3-071","0La","ci_0La","set3","71","character","Don Karnage","Prince of Pirates","Evasive","You didn’t expect to find <me> here, did you? Well neither did I.","src/cards/003/characters/071-don-karnage-prince-of-pirates.i18n.ts","translated"
"set3-072","zgb","ci_zgb","set3","72","character","Flotsam","Riffraff","EERIE PAIR Your characters named Jetsam get +3 {S}.","Ursula needs lore to complete her plan....","src/cards/003/characters/072-flotsam-riffraff.i18n.ts","translated"
"set3-073","29m","ci_29m","set3","73","character","Friar Tuck","Priest of Nottingham","YOU THIEVING SCOUNDREL When you play this character, the player or players with the most cards in their hand chooses and discards a card.","Get outta my church! Out! Out! Out!","src/cards/003/characters/073-friar-tuck-priest-of-nottingham.i18n.ts","translated"
"set3-074","akr","ci_akr","set3","74","character","Helga Sinclair","Femme Fatale","Shift 3
THIS CHANGES EVERYTHING Whenever this character quests, you may deal 3 damage to chosen damaged character.","","src/cards/003/characters/074-helga-sinclair-femme-fatale.i18n.ts","translated"
"set3-075","1i7","ci_1i7","set3","75","character","Helga Sinclair","Vengeful Partner","NOTHING PERSONAL When this character is challenged and banished, banish the challenging character.","You said we were in this together!","src/cards/003/characters/075-helga-sinclair-vengeful-partner.i18n.ts","translated"
"set3-076","j0a","ci_j0a","set3","76","character","Jetsam","Riffraff","Ward
EERIE PAIR Your characters named Flotsam gain Ward.","There must be powerful lore here, very powerful.","src/cards/003/characters/076-jetsam-riffraff.i18n.ts","translated"
"set3-077","th7","ci_tgU","set3","77","character","Kit Cloudkicker","Tough Guy","SKYSURFING When you play this character, you may return chosen opposing character with 2 {S} or less to their player's hand.","It’s been fun, guys, but I got to be going. Yahoooo!","src/cards/003/characters/077-kit-cloudkicker-tough-guy.i18n.ts","translated"
"set3-078","1Ni","ci_1Ni","set3","78","character","Lyle Tiberius Rourke","Cunning Mercenary","WELL, NOW YOU KNOW When you play this character, chosen opposing character gains Reckless during their next turn. (They can't quest and must challenge if able.)
THANKS FOR VOLUNTEERING Whenever one of your other characters is banished, each opponent loses 1 lore.","","src/cards/003/characters/078-lyle-tiberius-rourke-cunning-mercenary.i18n.ts","translated"
"set3-079","NSM","ci_NSM","set3","79","character","Milo Thatch","Clever Cartographer","undefined","Believe me, studying gibberish really can take you places!","src/cards/003/characters/079-milo-thatch-clever-cartographer.i18n.ts","translated"
"set3-080","cXv","ci_cXv","set3","80","character","Milo Thatch","King of Atlantis","Shift 4
TAKE THEM BY SURPRISE When this character is banished, return all opposing characters to their players' hands.","You don’t know what you’re tampering with.","src/cards/003/characters/080-milo-thatch-king-of-atlantis.i18n.ts","translated"
"set3-081","f1i","ci_LwP","set3","81","character","Morph","Space Goo","MIMICRY You may play any character with Shift on this character as if this character had any name.","You jiggle-headed blob of mischief! —John Silver","src/cards/003/characters/081-morph-space-goo.i18n.ts","translated"
"set3-082","ous","ci_ous","set3","82","character","Peter Pan","Lost Boy Leader","I CAME TO LISTEN TO THE STORIES Once per turn, when this character moves to a location, gain lore equal to that location's {L}.","The Illumineers needed someone to find a missing spellbook, and Peter was the first to volunteer.","src/cards/003/characters/082-peter-pan-lost-boy-leader.i18n.ts","translated"
"set3-083","UGT","ci_UGT","set3","83","character","Prince John","Phony King","COLLECT TAXES Whenever this character quests, each opponent with more lore than you loses 2 lore.","Too late to be known as John the First, he's sure to be known as John the Worst! —Sheriff of Nottingham","src/cards/003/characters/083-prince-john-phony-king.i18n.ts","translated"
"set3-084","tod","ci_kTq","set3","84","character","Robin Hood","Daydreamer","undefined","Some days, it's nice to let the river do the running.","src/cards/003/characters/084-robin-hood-daydreamer.i18n.ts","translated"
"set3-085","BdK","ci_VGS","set3","85","character","Shenzi","Hyena Pack Leader","I'LL HANDLE THIS While this character is at a location, she gets +3 {S}.
WHAT'S THE HURRY? While this character is at a location, whenever she challenges another character, you may draw a card.","Why not stick around for dinner?","src/cards/003/characters/085-shenzi-hyena-pack-leader.i18n.ts","translated"
"set3-086","O7w","ci_O7w","set3","86","character","Sir Hiss","Aggravating Asp","Evasive","Prince John isn’t the only one collecting taxes!","src/cards/003/characters/086-sir-hiss-aggravating-asp.i18n.ts","translated"
"set3-087","Wyz","ci_Wyz","set3","87","character","Skippy","Energetic Rabbit","Ward","Even the bravest outlaw knows when to lie low.","src/cards/003/characters/087-skippy-energetic-rabbit.i18n.ts","translated"
"set3-088","j3Z","ci_j3Z","set3","88","character","Starkey","Devious Pirate","undefined","Point him in the right direction, and he'll do the rest.","src/cards/003/characters/088-starkey-devious-pirate.i18n.ts","translated"
"set3-089","uqB","ci_uqB","set3","89","character","Stitch","Covert Agent","Evasive
HIDE While this character is at a location, he gains Ward.","For such a flashy dresser, he sure is hard to spot.","src/cards/003/characters/089-stitch-covert-agent.i18n.ts","translated"
"set3-090","JSz","ci_Y9v","set3","90","character","Ursula","Deceiver","YOU'LL NEVER EVEN MISS IT When you play this character, chosen opponent reveals their hand and discards a song card of your choice.","Flotsam! Jetsam! Keep an eye out for scattered lore. Find me something special!","src/cards/003/characters/090-ursula-deceiver.i18n.ts","translated"
"set3-091","c16","ci_hfF","set3","91","character","Ursula","Deceiver of All","WHAT A DEAL Whenever this character sings a song, you may play that song again from your discard for free, then put it on the bottom of your deck.","I don't want much—just the most powerful lore!","src/cards/003/characters/091-ursula-deceiver-of-all.i18n.ts","translated"
"set3-092","m0B","ci_8Mj","set3","92","character","Wildcat","Mechanic","Evasive
DISASSEMBLE {E} — Banish chosen item.","I can take <anything> apart in under five minutes!","src/cards/003/characters/092-wildcat-mechanic.i18n.ts","translated"
"set3-093","13r","ci_13r","set3","93","character","Zazu","Steward of the Pride Lands","IT'S TIME TO GO! While this character is at a location, he gets +1 {L}.","I’d be lyin’ if I said I ran the place, but welcome to the Pride Lands all the same!","src/cards/003/characters/093-zazu-steward-of-the-pride-lands.i18n.ts","translated"
"set3-094","1gW","ci_1gW","set3","94","action","Has Set My Heaaaaaaart . . .","","(A character with cost 2 or more can {E} to play this song for free.)

Banish chosen item.","He’s not real smart And yet, he’s touched my little cowhide heart","src/cards/003/actions/094-has-set-my-heaaaaaaart.i18n.ts","translated"
"set3-095","iQ6","ci_iQ6","set3","95","action","I Will Find My Way","","Chosen character of yours gets +2 {S} this turn. They may move to a location for free.","I would go most anywhere To feel like I belong","src/cards/003/actions/095-i-will-find-my-way.i18n.ts","translated"
"set3-096","Uzr","ci_vCE","set3","96","action","Strike a Good Match","","Draw 2 cards, then choose and discard a card.","Please bring honor to us Please bring honor to us all","src/cards/003/actions/096-strike-a-good-match.i18n.ts","translated"
"set3-097","L6c","ci_L6c","set3","97","item","Airfoil","","I GOT TO BE GOING {E} — If you've played 2 or more actions this turn, draw a card.","Discovered in the lost Sea Duck, it looked good as new.","src/cards/003/items/097-airfoil.i18n.ts","translated"
"set3-098","Ezk","ci_Ezk","set3","98","item","Robin's Bow","","FOREST'S GIFT {E} — Deal 1 damage to chosen damaged character or location.
A BIT OF A LARK Whenever a character of yours named Robin Hood quests, you may ready this item.","The forest always provides just what you need. —Robin Hood","src/cards/003/items/098-robins-bow.i18n.ts","translated"
"set3-099","0Az","ci_0Az","set3","99","item","Starlight Vial","","EFFICIENT ENERGY {E} — You pay 2 {I} less for the next action you play this turn.
TRAP 2 {I}, Banish this item — Draw 2 cards, then choose and discard a card.","In the wrong hands, this vial of magic could be disastrous.","src/cards/003/items/099-starlight-vial.i18n.ts","translated"
"set3-100","3bo","ci_3bo","set3","100","location","De Vil Manor","Cruella's Estate","undefined","They say the ol’ place is haunted, or bewitched, or some such fiddle-faddle. —Colonel","src/cards/003/locations/100-de-vil-manor-cruellas-estate.i18n.ts","translated"
"set3-101","AJB","ci_AJB","set3","101","location","Fang","River City","SURROUNDED BY WATER Characters gain Ward and Evasive while here. (Opponents can't choose them except to challenge. Only characters with Evasive can challenge them.)","A nation protected by fierce assassins and their even fiercer cats.","src/cards/003/locations/101-fang-river-city.i18n.ts","translated"
"set3-102","wbE","ci_vRE","set3","102","location","Kuzco's Palace","Home of the Emperor","CITY WALLS Whenever a character is challenged and banished while here, banish the challenging character.","Sure it's a little small, but also it DOESN'T HAVE A POOL! —Kuzco","src/cards/003/locations/102-kuzcos-palace-home-of-the-emperor.i18n.ts","translated"
"set3-103","pA8","ci_6BB","set3","103","character","Ariel","Adventurous Collector","Evasive
INSPIRING VOICE Whenever you play a song, chosen character of yours gains Evasive until the start of your next turn.","Shipwrecks are great places to find lore—and hide from sharks!","src/cards/003/characters/103-ariel-adventurous-collector.i18n.ts","translated"
"set3-104","Wmg","ci_Wmg","set3","104","character","Billy Bones","Keeper of the Map","undefined","He's after me chest, that fiendish cyborg and his band of cutthroats.","src/cards/003/characters/104-billy-bones-keeper-of-the-map.i18n.ts","translated"
"set3-105","DqE","ci_6Vd","set3","105","character","Captain Hook","Master Swordsman","NEMESIS During your turn, whenever this character banishes another character in a challenge, ready this character. He can't quest for the rest of this turn.
MAN-TO-MAN Characters named Peter Pan lose Evasive and can't gain Evasive.","","src/cards/003/characters/105-captain-hook-master-swordsman.i18n.ts","translated"
"set3-106","EO7","ci_EO7","set3","106","character","Della Duck","Unstoppable Mom","Reckless","I survived the moon. How tough could the flooded Inklands be?","src/cards/003/characters/106-della-duck-unstoppable-mom.i18n.ts","translated"
"set3-107","93O","ci_93O","set3","107","character","HeiHei","Accidental Explorer","MINDLESS WANDERING Once per turn, when this character moves to a location, each opponent loses 1 lore.","Considering the coconut.","src/cards/003/characters/107-heihei-accidental-explorer.i18n.ts","translated"
"set3-108","dZ8","ci_dZ8","set3","108","character","Hydra","Deadly Serpent","WATCH THE TEETH Whenever this character is dealt damage, deal that much damage to chosen opposing character.","More heads are better than one.","src/cards/003/characters/108-hydra-deadly-serpent.i18n.ts","translated"
"set3-109","emY","ci_emY","set3","109","character","Jim Hawkins","Space Traveler","THIS IS IT! When you play this character, you may play a location with cost 4 or less for free.
TAKE THE HELM Whenever you play a location, this character may move there for free.","You’re gonna rattle the stars, you are. —John Silver","src/cards/003/characters/109-jim-hawkins-space-traveler.i18n.ts","translated"
"set3-110","n5A","ci_n5A","set3","110","character","Jim Hawkins","Thrill Seeker","undefined","If you want a bigger reward, you’ve got to take bigger risks.","src/cards/003/characters/110-jim-hawkins-thrill-seeker.i18n.ts","translated"
"set3-111","rbY","ci_rbY","set3","111","character","Kakamora","Menacing Sailor","PLUNDER When you play this character, each opponent loses 1 lore.","There’s a bunch more where he came from.","src/cards/003/characters/111-kakamora-menacing-sailor.i18n.ts","translated"
"set3-112","ktd","ci_ktd","set3","112","character","Madame Medusa","The Boss","THAT TERRIBLE WOMAN When you play this character, banish chosen opposing character with 3 {S} or less.","Finding lore will be as easy as taking candy from children.","src/cards/003/characters/112-madame-medusa-the-boss.i18n.ts","translated"
"set3-113","IYc","ci_IYc","set3","113","character","Maui","Soaring Demigod","Reckless
IN MA BELLY Whenever a character of yours named HeiHei quests, this character gets +1 {L} and loses Reckless this turn.","You got any more of those chickens hanging around?","src/cards/003/characters/113-maui-soaring-demigod.i18n.ts","translated"
"set3-114","hjF","ci_8fJ","set3","114","character","Maui","Whale","THIS MISSION IS CURSED This character can't ready at the start of your turn.
I GOT YOUR BACK 2 {I} — Ready this character. He can't quest for the rest of this turn.","Always ready to make a splash.","src/cards/003/characters/114-maui-whale.i18n.ts","translated"
"set3-115","tGe","ci_tGe","set3","115","character","Milo Thatch","Spirited Scholar","I'M YOUR MAN! While this character is at a location, he gets +2 {S}.","My grandpa never told me about <this> place!","src/cards/003/characters/115-milo-thatch-spirited-scholar.i18n.ts","translated"
"set3-116","xR2","ci_xR2","set3","116","character","Moana","Born Leader","Shift 3
WELCOME TO MY BOAT Whenever this character quests while at a location, ready all other characters here. They can't quest for the rest of this turn.","","src/cards/003/characters/116-moana-born-leader.i18n.ts","translated"
"set3-117","XuG","ci_HAc","set3","117","character","Moana","Undeterred Voyager","Evasive","No fire or storm will keep her from her goal.","src/cards/003/characters/117-moana-undeterred-voyager.i18n.ts","translated"
"set3-118","RJ7","ci_RJ7","set3","118","character","Nutsy","Vulture Henchman","undefined","Nutsy, button your beak. —Trigger","src/cards/003/characters/118-nutsy-vulture-henchman.i18n.ts","translated"
"set3-119","kk3","ci_kk3","set3","119","character","Peter Pan","Never Land Hero","Rush
OVER HERE, TINK While you have a character named Tinker Bell in play, this character gets +2 {S}.","With Peter, plans often meant diving headlong into danger.","src/cards/003/characters/119-peter-pan-never-land-hero.i18n.ts","translated"
"set3-120","3nS","ci_rxb","set3","120","character","Peter Pan","Pirate's Bane","Shift 4
Evasive
YOU'RE NEXT! Whenever he challenges a Pirate character, this character takes no damage from the challenge.","","src/cards/003/characters/120-peter-pan-pirates-bane.i18n.ts","translated"
"set3-121","03G","ci_03G","set3","121","character","Prince Eric","Expert Helmsman","SURPRISE MANEUVER When this character is banished, you may banish chosen character.","The storm came out of nowhere, forcing Eric to turn back before he reached the mysterious structure at the edge of Lorcana.","src/cards/003/characters/121-prince-eric-expert-helmsman.i18n.ts","translated"
"set3-122","2ti","ci_2ti","set3","122","character","Scroop","Backstabber","BRUTE While this character has damage, he gets +3 {S}.","Always keep him in front of you. And downwind, if possible.","src/cards/003/characters/122-scroop-backstabber.i18n.ts","translated"
"set3-123","K82","ci_WFz","set3","123","character","Simba","Scrappy Cub","undefined","He’ll join the hunt for lore after he’s had a quick snack.","src/cards/003/characters/123-simba-scrappy-cub.i18n.ts","translated"
"set3-124","pa7","ci_pa7","set3","124","character","Slightly","Lost Boy","THE FOX If you have a character named Peter Pan in play, you pay 1 {I} less to play this character.
Evasive","Pirates sure are easy to trick!","src/cards/003/characters/124-slightly-lost-boy.i18n.ts","translated"
"set3-125","1PU","ci_1PU","set3","125","character","Stitch","Little Rocket","Rush","Who thought giving him power armor was a good idea?! —Nani","src/cards/003/characters/125-stitch-little-rocket.i18n.ts","translated"
"set3-126","7rS","ci_7rS","set3","126","character","Trigger","Not-So-Sharp Shooter","OLD BETSY Your characters named Nutsy get +1 {L}.","Criminently, Trigger! Point that peashooter the other way. —Sheriff of Nottingham","src/cards/003/characters/126-trigger-not-so-sharp-shooter.i18n.ts","translated"
"set3-127","3kz","ci_3kz","set3","127","character","Webby Vanderquack","Enthusiastic Duck","undefined","Finding lore is a lot easier when you have a grappling hook!","src/cards/003/characters/127-webby-vanderquack-enthusiastic-duck.i18n.ts","translated"
"set3-128","lb1","ci_lb1","set3","128","action","Divebomb","","Banish one of your characters with Reckless to banish chosen character with less {S} than that character.","","src/cards/003/actions/128-divebomb.i18n.ts","translated"
"set3-129","aTe","ci_aTe","set3","129","action","I've Got a Dream","","Ready chosen character of yours at a location. They can't quest for the rest of this turn. Gain lore equal to that location's {L}.","Tor would like to quit and be a florist Gunther does interior design","src/cards/003/actions/129-ive-got-a-dream.i18n.ts","translated"
"set3-130","luq","ci_luq","set3","130","action","On Your Feet! Now!","","Ready all your characters and deal 1 damage to each of them. They can't quest for the rest of this turn.","Catch them! Before they get away!","src/cards/003/actions/130-on-your-feet-now.i18n.ts","translated"
"set3-131","Xj3","ci_Xj3","set3","131","action","Voyage","","Move up to 2 characters of yours to the same location for free.","We were voyagers! Why’d we stop? —Moana","src/cards/003/actions/131-voyage.i18n.ts","translated"
"set3-132","chG","ci_chG","set3","132","item","Maui's Fish Hook","","IT'S MAUI TIME! If you have a character named Maui in play, you may use this item's Shapeshift ability for free.
SHAPESHIFT {E}, 2 {I} — Choose one:
• Chosen character gains Evasive until the start of your next turn.
• Chosen character gets +3 {S} this turn.","","src/cards/003/items/132-mauis-fish-hook.i18n.ts","translated"
"set3-133","zQ8","ci_zQ8","set3","133","item","Sumerian Talisman","","SOURCE OF MAGIC During your turn, whenever one of your characters is banished in a challenge, you may draw a card.","Summoned spirit from the dark Show thyself before this arc. —Lena Sabrewing","src/cards/003/items/133-sumerian-talisman.i18n.ts","translated"
"set3-134","42F","ci_Ic5","set3","134","location","Agrabah","Marketplace","undefined","Welcome to Agrabah, city of mystery, of enchantment, and the finest merchandise this side of the river. —Merchant","src/cards/003/locations/134-agrabah-marketplace.i18n.ts","translated"
"set3-135","UV5","ci_UWn","set3","135","location","Jolly Roger","Hook's Ship","LOOK ALIVE, YOU SWABS! Characters gain Rush while here. (They can challenge the turn they're played.)
ALL HANDS ON DECK! Your Pirate characters may move here for free.","","src/cards/003/locations/135-jolly-roger-hooks-ship.i18n.ts","translated"
"set3-136","Lt1","ci_Rim","set3","136","location","RLS Legacy","Solar Galleon","THIS IS OUR SHIP Characters gain Evasive while here.
HEAVE TOGETHER NOW If you have a character here, you pay 2 {I} less to move a character of yours here.","","src/cards/003/locations/136-rls-legacy-solar-galleon.i18n.ts","translated"
"set3-137","2j6","ci_2j6","set3","137","character","Audrey Ramirez","The Engineer","Ward
SPARE PARTS Whenever this character quests, ready one of your items.","How'd you break this thing, anyway?","src/cards/003/characters/137-audrey-ramirez-the-engineer.i18n.ts","translated"
"set3-138","TRx","ci_TRx","set3","138","character","Captain Amelia","First in Command","DISCIPLINE During your turn, this character gains Evasive. (They can challenge characters with Evasive.)","I’ve spotted a strange structure on the horizon. Hard to port, helmsman!","src/cards/003/characters/138-captain-amelia-first-in-command.i18n.ts","translated"
"set3-139","Cbz","ci_V2m","set3","139","character","Dewey","Showy Nephew","Support","I got it! I knew I could do it! Dewey for the win!","src/cards/003/characters/139-dewey-showy-nephew.i18n.ts","translated"
"set3-140","BVy","ci_BVy","set3","140","character","Flintheart Glomgold","Lone Cheater","THEY'LL NEVER SEE IT COMING! During your turn, this character gains Evasive. (They can challenge characters with Evasive.)","Nobody tells Flintheart Glomgold what to do!","src/cards/003/characters/140-flintheart-glomgold-lone-cheater.i18n.ts","translated"
"set3-141","rD1","ci_rD1","set3","141","character","Genie","Cramped in the Lamp","undefined","Ten thousand years will give you such a crick in the neck!","src/cards/003/characters/141-genie-cramped-in-the-lamp.i18n.ts","translated"
"set3-142","1sm","ci_1sm","set3","142","character","Gramma Tala","Keeper of Ancient Stories","THERE WAS ONLY OCEAN When you play this character, look at the top 2 cards of your deck. You may put one into your hand. Put the rest on the bottom of your deck in any order.","Listen with your whole heart, and the ancestors will guide you.","src/cards/003/characters/142-gramma-tala-keeper-of-ancient-stories.i18n.ts","translated"
"set3-143","0Rd","ci_l6C","set3","143","character","Gramma Tala","Spirit of the Ocean","Shift 5
DO YOU KNOW WHO YOU ARE? Whenever a card is put into your inkwell, gain 1 lore.","She will always be with you, no matter how far your journey takes you.","src/cards/003/characters/143-gramma-tala-spirit-of-the-ocean.i18n.ts","translated"
"set3-144","nxo","ci_nxo","set3","144","character","Gyro Gearloose","Gadget Whiz","NOW TRY TO KEEP UP {E} — Put an item card from your discard on the top of your deck.","Maybe the bulb tech will be less evil this time...","src/cards/003/characters/144-gyro-gearloose-gadget-whiz.i18n.ts","translated"
"set3-145","iYO","ci_Qsl","set3","145","character","Huey","Savvy Nephew","Support
THREE NEPHEWS Whenever this character quests, if you have characters named Dewey and Louie in play, you may draw 3 cards.","This looks like part of a larger crystal!","src/cards/003/characters/145-huey-savvy-nephew.i18n.ts","translated"
"set3-146","yXk","ci_yXk","set3","146","character","King Louie","Bandleader","undefined","Hold up, cuz. Why not sit back and enjoy some sweet beats?","src/cards/003/characters/146-king-louie-bandleader.i18n.ts","translated"
"set3-147","RK7","ci_RK7","set3","147","character","Kit Cloudkicker","Navigator","Shift 3
Ward","","src/cards/003/characters/147-kit-cloudkicker-navigator.i18n.ts","translated"
"set3-148","0ke","ci_0ke","set3","148","character","Kit Cloudkicker","Spunky Bear Cub","Ward","Thrilled to have his airfoil back, he launched into the Inklands.","src/cards/003/characters/148-kit-cloudkicker-spunky-bear-cub.i18n.ts","translated"
"set3-149","ph4","ci_VS6","set3","149","character","Louie","Chill Nephew","Support","Found the last one!","src/cards/003/characters/149-louie-chill-nephew.i18n.ts","translated"
"set3-150","q9a","ci_31G","set3","150","character","Maid Marian","Delightful Dreamer","HIGHBORN LADY When you play this character, chosen character gets -2 {S} this turn.","She makes every space more beautiful.","src/cards/003/characters/150-maid-marian-delightful-dreamer.i18n.ts","translated"
"set3-151","0qj","ci_Ul4","set3","151","character","Mama Odie","Mystical Maven","THIS GOING TO BE GOOD Whenever you play a song, you may put the top card of your deck into your inkwell facedown and exerted.","You dig a little deeper, you’ll find everything you need.","src/cards/003/characters/151-mama-odie-mystical-maven.i18n.ts","translated"
"set3-152","bHm","ci_bHm","set3","152","character","Pluto","Mickey's Clever Friend","undefined","Pluto’s job was to keep Gustav’s attention so Minnie could get to the cave.","src/cards/003/characters/152-pluto-mickeys-clever-friend.i18n.ts","translated"
"set3-153","Lpq","ci_Lpq","set3","153","character","Rufus","Orphanage Cat","TOO OLD TO BE CHASING MICE When this character is banished, you may put this card into your inkwell facedown and exerted.","Faith is a bluebird you see from afar.","src/cards/003/characters/153-rufus-orphanage-cat.i18n.ts","translated"
"set3-154","dLT","ci_SyL","set3","154","character","Scrooge McDuck","Richest Duck in the World","I'M GOING HOME! During your turn, this character gains Evasive. (They can challenge characters with Evasive.)
I DIDN'T GET RICH BY BEING STUPID During your turn, whenever this character banishes another character in a challenge, you may play an item for free.","He can make money anywhere.","src/cards/003/characters/154-scrooge-mcduck-richest-duck-in-the-world.i18n.ts","translated"
"set3-155","hec","ci_5aa","set3","155","character","Scrooge McDuck","Uncle Moneybags","TREASURE FINDER Whenever this character quests, you pay 1 {I} less for the next item you play this turn.","A strange new world is the perfect place to make a strange new fortune!","src/cards/003/characters/155-scrooge-mcduck-uncle-moneybags.i18n.ts","translated"
"set3-156","6NN","ci_h2q","set3","156","character","The Queen","Mirror Seeker","CALCULATING AND VAIN Whenever this character quests, you may look at the top 3 cards of your deck and put them back in any order.","She has only one question, and she’d better like the answer.","src/cards/003/characters/156-the-queen-mirror-seeker.i18n.ts","translated"
"set3-157","bd1","ci_bd1","set3","157","character","Tinker Bell","Very Clever Fairy","I CAN USE THAT Whenever one of your items is banished, you may put that card into your inkwell facedown and exerted.","She lives in a world of possibilities.","src/cards/003/characters/157-tinker-bell-very-clever-fairy.i18n.ts","translated"
"set3-158","DdB","ci_DdB","set3","158","character","Wendy Darling","Authority on Peter Pan","Ward
Support","","src/cards/003/characters/158-wendy-darling-authority-on-peter-pan.i18n.ts","translated"
"set3-159","qnK","ci_ktc","set3","159","action","Distract","","Chosen character gets -2 {S} this turn. Draw a card.","","src/cards/003/actions/159-distract.i18n.ts","translated"
"set3-160","wbB","ci_wbB","set3","160","action","Friend Like Me","","Each player puts the top 3 cards of their deck into their inkwell facedown and exerted.","You got some power in your corner now","src/cards/003/actions/160-friend-like-me.i18n.ts","translated"
"set3-161","r73","ci_ySL","set3","161","action","How Far I'll Go","","Look at the top 2 cards of your deck. Put one into your hand and the other into your inkwell facedown and exerted.","","src/cards/003/actions/161-how-far-ill-go.i18n.ts","translated"
"set3-162","2j4","ci_2j4","set3","162","action","Repair","","Remove up to 3 damage from one of your locations or characters.","I’m thinkin’ about opening a shop here. What do you think?","src/cards/003/actions/162-repair.i18n.ts","translated"
"set3-163","kHJ","ci_RAl","set3","163","item","Aurelian Gyrosensor","","SEEKING KNOWLEDGE Whenever one of your characters quests, you may look at the top card of your deck. Put it on either the top or the bottom of your deck.","It can point you toward lost lore, but if you’re not careful, it’ll lead you off a cliff. —Venturo, an Illumineer","src/cards/003/items/163-aurelian-gyrosensor.i18n.ts","translated"
"set3-164","L25","ci_bK7","set3","164","item","Heart of Te Fiti","","CREATE LIFE {E}, 2 {I} — Put the top card of your deck into your inkwell facedown and exerted.","It takes a pure heart to calm the raging storm within.","src/cards/003/items/164-heart-of-te-fiti.i18n.ts","translated"
"set3-165","Vpm","ci_Vpm","set3","165","item","Lucky Dime","","NUMBER ONE {E}, 2 {I} — Choose a character of yours and gain lore equal to their {L}.","This one simple coin changed Scrooge's life forever.","src/cards/003/items/165-lucky-dime.i18n.ts","translated"
"set3-166","7iN","ci_7iN","set3","166","item","Scrooge's Top Hat","","BUSINESS EXPERTISE {E} — You pay 1 {I} less for the next item you play this turn.","Just the thing to top off another brilliant deal.","src/cards/003/items/166-scrooges-top-hat.i18n.ts","translated"
"set3-167","tAF","ci_tAF","set3","167","item","Vault Door","","SEALED AWAY Your locations and characters at locations gain Resist +1.","Only Scrooge knows about <this> vault. And he's going to keep it that way.","src/cards/003/items/167-vault-door.i18n.ts","translated"
"set3-168","jgM","ci_6N3","set3","168","location","Belle's House","Maurice's Workshop","LABORATORY If you have a character here, you pay 1 {I} less to play items.","Some of the most important tools in Lorcana are crafted here.","src/cards/003/locations/168-belles-house-maurices-workshop.i18n.ts","translated"
"set3-169","lTr","ci_lTr","set3","169","location","McDuck Manor","Scrooge's Mansion","undefined","It's only the coolest home in Lorcana! —Webby Vanderquack","src/cards/003/locations/169-mcduck-manor-scrooges-mansion.i18n.ts","translated"
"set3-170","32z","ci_foY","set3","170","location","Motunui","Island Paradise","REINCARNATION Whenever a character is banished while here, you may put that card into your inkwell facedown and exerted.","","src/cards/003/locations/170-motunui-island-paradise.i18n.ts","translated"
"set3-171","a46","ci_a46","set3","171","character","Chief Tui","Proud of Motunui","undefined","Look at our home! There is no better place to be.","src/cards/003/characters/171-chief-tui-proud-of-motunui.i18n.ts","translated"
"set3-172","7qS","ci_n7U","set3","172","character","Eeyore","Overstuffed Donkey","Resist +1","Not much of a roadblock, but I suppose I’ll do.","src/cards/003/characters/172-eeyore-overstuffed-donkey.i18n.ts","translated"
"set3-173","25w","ci_25w","set3","173","character","Gustav the Giant","Terror of the Kingdom","ALL TIED UP This character enters play exerted and can't ready at the start of your turn.
BREAK FREE During your turn, whenever one of your other characters banishes another character in a challenge, you may ready this character.","","src/cards/003/characters/173-gustav-the-giant-terror-of-the-kingdom.i18n.ts","translated"
"set3-174","3Tj","ci_3Tj","set3","174","character","Hades","Hotheaded Ruler","CALL THE TITANS {E} — Ready your Titan characters.","Brothers! Titans! Look at you in your squalid prison. Who put you down there?","src/cards/003/characters/174-hades-hotheaded-ruler.i18n.ts","translated"
"set3-175","Sz8","ci_Sz8","set3","175","character","Helga Sinclair","Right-Hand Woman","Challenger +2","That was an order, not a suggestion. Let’s go!","src/cards/003/characters/175-helga-sinclair-right-hand-woman.i18n.ts","translated"
"set3-176","5zh","ci_Mum","set3","176","character","John Silver","Greedy Treasure Seeker","CHART YOUR OWN COURSE For each location you have in play, this character gains Resist +1 and gets +1 {L}.","I was never much good at games. Always hated to lose.","src/cards/003/characters/176-john-silver-greedy-treasure-seeker.i18n.ts","translated"
"set3-177","wgF","ci_wgF","set3","177","character","Kida","Royal Warrior","Bodyguard","She's seen strange things before, but nothing like this.","src/cards/003/characters/177-kida-royal-warrior.i18n.ts","translated"
"set3-178","qJp","ci_qJp","set3","178","character","Little John","Resourceful Outlaw","Shift 4
OKAY, BIG SHOT While this character is exerted, your characters with Bodyguard gain Resist +1 and get +1 {L}.","","src/cards/003/characters/178-little-john-resourceful-outlaw.i18n.ts","translated"
"set3-179","9Mk","ci_9Mk","set3","179","character","Little John","Robin's Pal","Bodyguard
DISGUISED During your turn, this character gains Evasive. (They can challenge characters with Evasive.)","","src/cards/003/characters/179-little-john-robins-pal.i18n.ts","translated"
"set3-180","Hi2","ci_Hi2","set3","180","character","Lythos","Rock Titan","Resist +2
STONE SKIN {E} — Chosen character gains Resist +2 this turn.","Crush Zeus!","src/cards/003/characters/180-lythos-rock-titan.i18n.ts","translated"
"set3-181","tp9","ci_tp9","set3","181","character","Mickey Mouse","Stalwart Explorer","LET'S TAKE A LOOK This character gets +1 {S} for each location you have in play.","Mickey knew just where to start searching for the Sorcerer’s Hat, but he didn’t expect it to be guarded.","src/cards/003/characters/181-mickey-mouse-stalwart-explorer.i18n.ts","translated"
"set3-182","hh8","ci_gBS","set3","182","character","Mickey Mouse","Trumpeter","SOUND THE CALL {E}, 2 {I} — Play a character for free.","","src/cards/003/characters/182-mickey-mouse-trumpeter.i18n.ts","translated"
"set3-183","xPZ","ci_xPZ","set3","183","character","Minnie Mouse","Funky Spelunker","JOURNEY While this character is at a location, she gets +2 {S}.","She'll never cave under pressure.","src/cards/003/characters/183-minnie-mouse-funky-spelunker.i18n.ts","translated"
"set3-184","7M2","ci_7M2","set3","184","character","Mr. Smee","Bumbling Mate","OH DEAR, DEAR, DEAR At the end of your turn, if this character is exerted and you don't have a Captain character in play, deal 1 damage to this character.","Catch those little—OUCH!","src/cards/003/characters/184-mr-smee-bumbling-mate.i18n.ts","translated"
"set3-185","bHG","ci_bHG","set3","185","character","Mufasa","Champion of the Pride Lands","undefined","Even his name makes enemies quiver in fear.","src/cards/003/characters/185-mufasa-champion-of-the-pride-lands.i18n.ts","translated"
"set3-186","LbB","ci_LbB","set3","186","character","Nala","Fierce Friend","undefined","Pinned ya again.","src/cards/003/characters/186-nala-fierce-friend.i18n.ts","translated"
"set3-187","jKP","ci_jKP","set3","187","character","Pyros","Lava Titan","ERUPTION During your turn, whenever this character banishes another character in a challenge, you may ready chosen character.","Melt Zeus!","src/cards/003/characters/187-pyros-lava-titan.i18n.ts","translated"
"set3-188","Lj2","ci_Lj2","set3","188","character","Razoul","Palace Guard","LOOKY HERE While this character has no damage, he gets +2 {S}.","There’s no princess here to save you this time, street rat.","src/cards/003/characters/188-razoul-palace-guard.i18n.ts","translated"
"set3-189","1k5","ci_1k5","set3","189","character","Robin Hood","Beloved Outlaw","undefined","You call this an ambush? Tsk, tsk. It’s barely a bushwhack.","src/cards/003/characters/189-robin-hood-beloved-outlaw.i18n.ts","translated"
"set3-190","4OB","ci_HOf","set3","190","character","Robin Hood","Champion of Sherwood","Shift 3
SKILLED COMBATANT During your turn, whenever this character banishes another character in a challenge, gain 2 lore.
THE GOOD OF OTHERS When this character is banished in a challenge, you may draw a card.","","src/cards/003/characters/190-robin-hood-champion-of-sherwood.i18n.ts","translated"
"set3-191","0k3","ci_0k3","set3","191","character","Sheriff of Nottingham","Corrupt Official","TAXES SHOULD HURT Whenever you discard a card, you may deal 1 damage to chosen opposing character.","The thirteenth Rule of Villainy: Take everything you can, but do it with a smile.","src/cards/003/characters/191-sheriff-of-nottingham-corrupt-official.i18n.ts","translated"
"set3-192","7KP","ci_7KP","set3","192","character","Simba","Fighting Prince","STEP DOWN OR FIGHT When you play this character and whenever he banishes another character in a challenge during your turn, you may choose one: • Draw 2 cards, then choose and discard 2 cards. • Deal 2 damage to chosen character.","He’s ready to restore the Pride Lands to their former glory.","src/cards/003/characters/192-simba-fighting-prince.i18n.ts","translated"
"set3-193","Pp2","ci_Pp2","set3","193","character","Simba","Rightful King","TRIUMPHANT STANCE During your turn, whenever this character banishes another character in a challenge, chosen opposing character can't challenge during their next turn.","With dangers multiplying all around, the pride needs its guardian.","src/cards/003/characters/193-simba-rightful-king.i18n.ts","translated"
"set3-194","iyr","ci_iyr","set3","194","character","Thaddeus E. Klang","Metallic Leader","MY TEETH ARE SHARPER Whenever this character quests while at a location, you may deal 1 damage to chosen character.","Soon the bells will ring in the sound of your doom!","src/cards/003/characters/194-thaddeus-e-klang-metallic-leader.i18n.ts","translated"
"set3-195","rIR","ci_dTx","set3","195","action","And Then Along Came Zeus","","Deal 5 damage to chosen character or location.","He hurled his thunderbolt—He zapped Locked those suckers in a vault—They're trapped And on his own stopped chaos in its tracks","src/cards/003/actions/195-and-then-along-came-zeus.i18n.ts","translated"
"set3-196","GSJ","ci_GSJ","set3","196","action","Ba-Boom!","","Deal 2 damage to chosen character or location.","Bigger than your average boom!","src/cards/003/actions/196-ba-boom.i18n.ts","translated"
"set3-197","N1o","ci_N1o","set3","197","action","Olympus Would Be That Way","","Your characters get +3 {S} while challenging a location this turn.","Now that I set you free, what is the first thing you are going to do? —Hades","src/cards/003/actions/197-olympus-would-be-that-way.i18n.ts","translated"
"set3-198","uvL","ci_uvL","set3","198","action","Rise of the Titans","","Banish chosen location or item.","Oh, we're in trouble, big trouble! —Hermes","src/cards/003/actions/198-rise-of-the-titans.i18n.ts","translated"
"set3-199","tET","ci_tET","set3","199","item","Captain Hook's Rapier","","GET THOSE SCURVY BRATS! During your turn, whenever one of your characters banishes another character in a challenge, you may pay 1 {I} to draw a card.
LET'S HAVE AT IT! Your characters named Captain Hook gain Challenger +1. (They get +1 {S} while challenging.)","","src/cards/003/items/199-captain-hooks-rapier.i18n.ts","translated"
"set3-200","Ip9","ci_Ip9","set3","200","item","Gizmosuit","","CYBERNETIC ARMOR Banish this item — Chosen character gains Resist +2 until the start of your next turn.","It stands in the Hall of Lorcana, waiting for someone to speak the secret words.","src/cards/003/items/200-gizmosuit.i18n.ts","translated"
"set3-201","Bf0","ci_Bf0","set3","201","item","Map of Treasure Planet","","KEY TO THE PORTAL {E} — You pay 1 {I} less for the next location you play this turn.
SHOW THE WAY You pay 1 {I} less to move your characters to a location.","Gentlemen, this must be kept under lock and key.%—Captain Amelia","src/cards/003/items/201-map-of-treasure-planet.i18n.ts","translated"
"set3-202","8P7","ci_jZZ","set3","202","location","Maui's Place of Exile","Hidden Island","ISOLATED Characters gain Resist +1 while here.","Nothing but boulders and sand—easy to miss.","src/cards/003/locations/202-mauis-place-of-exile-hidden-island.i18n.ts","translated"
"set3-203","cHC","ci_cHC","set3","203","location","Nottingham","Prince John's Castle","undefined","Sir Hiss: I say, sire, your mother's castle will be the perfect place to set up our scheme! Prince John: Mommy!","src/cards/003/locations/203-nottingham-prince-johns-castle.i18n.ts","translated"
"set3-204","RGw","ci_RGw","set3","204","location","The Bayou","Mysterious Swamp","SHOW ME THE WAY Whenever a character quests while here, you may draw a card, then choose and discard a card.","A place to find what you need, not just what you want.","src/cards/003/locations/204-the-bayou-mysterious-swamp.i18n.ts","translated"
"set3-205-enchanted","M9T","ci_dKG","set3","205","character","Chernabog","Evildoer","THE POWER OF EVIL For each character card in your discard, you pay 1 {I} less to play this character.
SUMMON THE SPIRITS When you play this character, shuffle all character cards from your discard into your deck.","","src/cards/003/characters/205-chernabog-evildoer-enchanted.i18n.ts","translated"
"set3-206-enchanted","yew","ci_L03","set3","206","character","Kida","Protector of Atlantis","Shift 3
PERHAPS WE CAN SAVE OUR FUTURE When you play this character, all characters get -3 {S} until the start of your next turn.","","src/cards/003/characters/206-kida-protector-of-atlantis-enchanted.i18n.ts","translated"
"set3-207-enchanted","j0p","ci_udL","set3","207","location","Pride Lands","Pride Rock","WE ARE ALL CONNECTED Characters get +2 {W} while here.
LION HOME If you have a Prince or King character here, you pay 1 {I} less to play characters.","","src/cards/003/locations/207-pride-lands-pride-rock-enchanted.i18n.ts","translated"
"set3-208-enchanted","S0f","ci_7x1","set3","208","character","Jafar","Striking Illusionist","Shift 5
Evasive
POWER BEYOND MEASURE During your turn, while this character is exerted, whenever you draw a card, gain 1 lore.","","src/cards/003/characters/208-jafar-striking-illusionist-enchanted.i18n.ts","translated"
"set3-209-enchanted","l4m","ci_FwY","set3","209","character","Maleficent","Mistress of All Evil","DARK KNOWLEDGE Whenever this character quests, you may draw a card.
DIVINATION During your turn, whenever you draw a card, you may move 1 damage counter from chosen character to chosen opposing character.","","src/cards/003/characters/209-maleficent-mistress-of-all-evil-enchanted.i18n.ts","translated"
"set3-210-enchanted","kFP","ci_4Wb","set3","210","item","The Sorcerer's Hat","","INCREDIBLE ENERGY {E}, 1 {I} — Name a card, then reveal the top card of your deck. If it's the named card, put that card into your hand. Otherwise, put it on the top of your deck.","","src/cards/003/items/210-the-sorcerers-hat-enchanted.i18n.ts","translated"
"set3-211-enchanted","9iA","ci_LwP","set3","211","character","Morph","Space Goo","MIMICRY You may play any character with Shift on this character as if this character had any name.","","src/cards/003/characters/211-morph-space-goo-enchanted.i18n.ts","translated"
"set3-212-enchanted","bW0","ci_hfF","set3","212","character","Ursula","Deceiver of All","WHAT A DEAL Whenever this character sings a song, you may play that song again from your discard for free, then put it on the bottom of your deck.","","src/cards/003/characters/212-ursula-deceiver-of-all-enchanted.i18n.ts","translated"
"set3-213-enchanted","sFE","ci_vRE","set3","213","location","Kuzco's Palace","Home of the Emperor","CITY WALLS Whenever a character is challenged and banished while here, banish the challenging character.","","src/cards/003/locations/213-kuzcos-palace-home-of-the-emperor-enchanted.i18n.ts","translated"
"set3-214-enchanted","1tU","ci_6Vd","set3","214","character","Captain Hook","Master Swordsman","NEMESIS During your turn, whenever this character banishes another character in a challenge, ready this character. He can't quest for the rest of this turn.
MAN-TO-MAN Characters named Peter Pan lose Evasive and can't gain Evasive.","","src/cards/003/characters/214-captain-hook-master-swordsman-enchanted.i18n.ts","translated"
"set3-215-enchanted","Fl6","ci_rxb","set3","215","character","Peter Pan","Pirate's Bane","Shift 4
Evasive
YOU'RE NEXT! Whenever he challenges a Pirate character, this character takes no damage from the challenge.","","src/cards/003/characters/215-peter-pan-pirates-bane-enchanted.i18n.ts","translated"
"set3-216-enchanted","3EB","ci_Rim","set3","216","location","RLS Legacy","Solar Galleon","THIS IS OUR SHIP Characters gain Evasive while here.
HEAVE TOGETHER NOW If you have a character here, you pay 2 {I} less to move a character of yours here.","","src/cards/003/locations/216-rls-legacy-solar-galleon-enchanted.i18n.ts","translated"
"set3-217-enchanted","8Ws","ci_l6C","set3","217","character","Gramma Tala","Spirit of the Ocean","Shift 5
DO YOU KNOW WHO YOU ARE? Whenever a card is put into your inkwell, gain 1 lore.","","src/cards/003/characters/217-gramma-tala-spirit-of-the-ocean-enchanted.i18n.ts","translated"
"set3-218-enchanted","CU2","ci_SyL","set3","218","character","Scrooge McDuck","Richest Duck in the World","I'M GOING HOME! During your turn, this character gains Evasive. (They can challenge characters with Evasive.)
I DIDN'T GET RICH BY BEING STUPID During your turn, whenever this character banishes another character in a challenge, you may play an item for free.","","src/cards/003/characters/218-scrooge-mcduck-richest-duck-in-the-world-enchanted.i18n.ts","translated"
"set3-219-enchanted","yeq","ci_6N3","set3","219","location","Belle's House","Maurice's Workshop","LABORATORY If you have a character here, you pay 1 {I} less to play items.","","src/cards/003/locations/219-belles-house-maurices-workshop-enchanted.i18n.ts","translated"
"set3-220-enchanted","aZ3","ci_gBS","set3","220","character","Mickey Mouse","Trumpeter","SOUND THE CALL {E}, 2 {I} — Play a character for free.","","src/cards/003/characters/220-mickey-mouse-trumpeter-enchanted.i18n.ts","translated"
"set3-221-enchanted","DXW","ci_HOf","set3","221","character","Robin Hood","Champion of Sherwood","Shift 3
SKILLED COMBATANT During your turn, whenever this character banishes another character in a challenge, gain 2 lore.
THE GOOD OF OTHERS When this character is banished in a challenge, you may draw a card.","","src/cards/003/characters/221-robin-hood-champion-of-sherwood-enchanted.i18n.ts","translated"
"set3-222-enchanted","HmY","ci_dTx","set3","222","action","And Then Along Came Zeus","","Deal 5 damage to chosen character or location.","","src/cards/003/actions/222-and-then-along-came-zeus-enchanted.i18n.ts","translated"
"set3-223-epic","c5k","ci_51V","set3","223","character","Piglet","Pooh Pirate Captain","AND I'M THE CAPTAIN! While you have 2 or more other characters in play, this character gets +2 {L}.","Ahoy! There’s lore out there, and I’m g-gonna find it!","src/cards/003/characters/223-piglet-pooh-pirate-captain-epic.i18n.ts","translated"
"set3-d23-003","I40","ci_Y9v","set3-d23","3","character","Ursula","Deceiver","\You'll Never Even Miss It\ When you play this character, chosen opponent reveals their hand and discards a song card of your choice.","","src/cards/003/characters/d23-003-ursula-deceiver.i18n.ts","translated"
"set3-p1-026-promo","OeN","ci_tgU","set3-p1","26","character","Kit Cloudkicker","Tough Guy","SKYSURFING When you play this character, you may return chosen opposing character with 2 {S} or less to their player's hand.","","src/cards/003/characters/p1-026-kit-cloudkicker-tough-guy-promo.i18n.ts","translated"
"set3-p1-027-promo","fLo","ci_UWn","set3-p1","27","location","Jolly Roger","Hook's Ship","LOOK ALIVE, YOU SWABS! Characters gain Rush while here. (They can challenge the turn they're played.)
ALL HANDS ON DECK! Your Pirate characters may move here for free.","","src/cards/003/locations/p1-027-jolly-roger-hooks-ship-promo.i18n.ts","translated"
"set3-p1-028-promo","Jfx","ci_ySL","set3-p1","28","action","How Far I'll Go","","Look at the top 2 cards of your deck. Put one into your hand and the other into your inkwell facedown and exerted.","","src/cards/003/actions/p1-028-how-far-ill-go-promo.i18n.ts","translated"
"set3-p1-029-promo","LqB","ci_Mum","set3-p1","29","character","John Silver","Greedy Treasure Seeker","CHART YOUR OWN COURSE For each location you have in play, this character gains Resist +1 and gets +1 {L}.","","src/cards/003/characters/p1-029-john-silver-greedy-treasure-seeker-promo.i18n.ts","translated"
"set3-p1-030-challenge","WIt","ci_x45","set3-p1","30","character","Stitch","Rock Star","Shift 4

\Adoring Fans\ Whenever you play a character with cost 2 or less, you may exert them to draw a card.","","src/cards/003/characters/p1-030-stitch-rock-star-challenge.i18n.ts","translated"
"set3-p1-039-promo","Xsr","ci_5aa","set3-p1","39","character","Scrooge McDuck","Uncle Moneybags","TREASURE FINDER Whenever this character quests, you pay 1 {I} less for the next item you play this turn.","","src/cards/003/characters/p1-039-scrooge-mcduck-uncle-moneybags-promo.i18n.ts","translated"
"set4-001","pkE","ci_pkE","set4","1","character","Agustin Madrigal","Clumsy Dad","undefined","Falling for Julieta was the easiest thing he’d ever done.","src/cards/004/characters/001-agustin-madrigal-clumsy-dad.i18n.ts","translated"
"set4-002","AOO","ci_AOO","set4","2","character","Alma Madrigal","Family Matriarch","TO THE TABLE When you play this character, you may search your deck for a Madrigal character card and reveal that card to all players. Shuffle your deck and put that card on top of it.","Let's be clear, Abuela runs this show. —Mirabel","src/cards/004/characters/002-alma-madrigal-family-matriarch.i18n.ts","translated"
"set4-003","nfQ","ci_k8k","set4","3","character","Ariel","Singing Mermaid","Singer 7","Watch and you’ll see—some day I’ll be part of your world!","src/cards/004/characters/003-ariel-singing-mermaid.i18n.ts","translated"
"set4-004","Qug","ci_rND","set4","4","character","Cinderella","Melody Weaver","Singer 9
BEAUTIFUL VOICE Whenever this character sings a song, your other Princess characters get +1 {L} this turn.","","src/cards/004/characters/004-cinderella-melody-weaver.i18n.ts","translated"
"set4-005","94i","ci_94i","set4","5","character","Cogsworth","Majordomo","AS YOU WERE! Whenever this character quests, you may give chosen character -2 {S} until the start of your next turn.","If it’s a fight they want, we’ll be ready for them.","src/cards/004/characters/005-cogsworth-majordomo.i18n.ts","translated"
"set4-006","GPw","ci_GPw","set4","6","character","Daisy Duck","Lovely Lady","undefined","Sweet Daisy, the fairest duck I ever met Each flaxen lock a rush of flowing gold Her bill the color of summer sunset Exquisite plumes, a wonder to behold","src/cards/004/characters/006-daisy-duck-lovely-lady.i18n.ts","translated"
"set4-007","de6","ci_rUa","set4","7","character","Daisy Duck","Musketeer Spy","INFILTRATION When you play this character, each opponent chooses and discards a card.","She has a talent for thwarting hidden schemes.","src/cards/004/characters/007-daisy-duck-musketeer-spy.i18n.ts","translated"
"set4-008","1Pa","ci_1Pa","set4","8","character","Donald Duck","Musketeer Soldier","Bodyguard
WAIT FOR ME! When you play this character, chosen character gets +1 {L} this turn.","","src/cards/004/characters/008-donald-duck-musketeer-soldier.i18n.ts","translated"
"set4-009","ROB","ci_ROB","set4","9","character","Félix Madrigal","Fun-Loving Family Man","undefined","Who needs a gift when you’re having this much fun?","src/cards/004/characters/009-flix-madrigal-fun-loving-family-man.i18n.ts","translated"
"set4-010","a3C","ci_a3C","set4","10","character","Gaston","Despicable Dealer","DUBIOUS RECRUITMENT {E} — You pay 2 {I} less for the next character you play this turn.","Yes, yes, everything will be ready. Just make sure you do your part.","src/cards/004/characters/010-gaston-despicable-dealer.i18n.ts","translated"
"set4-011","KkZ","ci_KkZ","set4","11","character","Golden Harp","Enchanter of the Land","STOLEN AWAY At the end of your turn, if you didn't play a song this turn, banish this character.","You’ll miss her when she’s gone.","src/cards/004/characters/011-golden-harp-enchanter-of-the-land.i18n.ts","translated"
"set4-012","PI2","ci_PI2","set4","12","character","Goofy","Musketeer Swordsman","EN GAWRSH! Whenever you play a character with Bodyguard, ready this character. He can't quest for the rest of this turn.","Count me in!","src/cards/004/characters/012-goofy-musketeer-swordsman.i18n.ts","translated"
"set4-013","8gG","ci_YPQ","set4","13","character","Julieta Madrigal","Excellent Cook","SIGNATURE RECIPE When you play this character, you may remove up to 2 damage from chosen character. If you removed damage this way, you may draw a card.","Eat this, mi amor.","src/cards/004/characters/013-julieta-madrigal-excellent-cook.i18n.ts","translated"
"set4-014","6A5","ci_6A5","set4","14","character","Max","Loyal Sheepdog","HERE BOY If you have a character named Prince Eric in play, you pay 1 {I} less to play this character.","","src/cards/004/characters/014-max-loyal-sheepdog.i18n.ts","translated"
"set4-015","HGH","ci_HGH","set4","15","character","Mickey Mouse","Leader of the Band","Support
STRIKE UP THE MUSIC When you play this character, chosen character gains Support this turn.","","src/cards/004/characters/015-mickey-mouse-leader-of-the-band.i18n.ts","translated"
"set4-016","OVa","ci_OVa","set4","16","character","Mickey Mouse","Musketeer Captain","Shift 5
Bodyguard, Support
MUSKETEERS UNITED When you play this character, if you used Shift to play him, you may draw a card for each character with Bodyguard you have in play.","","src/cards/004/characters/016-mickey-mouse-musketeer-captain.i18n.ts","translated"
"set4-017","i9B","ci_AWE","set4","17","character","Minnie Mouse","Musketeer Champion","Bodyguard
DRAMATIC ENTRANCE When you play this character, banish chosen opposing character with 5 {S} or more.","","src/cards/004/characters/017-minnie-mouse-musketeer-champion.i18n.ts","translated"
"set4-018","iqv","ci_iqv","set4","18","character","Mirabel Madrigal","Gift of the Family","Support
SAVING THE MIRACLE Whenever this character quests, your other Madrigal characters get +1 {L} this turn.","","src/cards/004/characters/018-mirabel-madrigal-gift-of-the-family.i18n.ts","translated"
"set4-019","tXZ","ci_tXZ","set4","19","character","Mirabel Madrigal","Prophecy Finder","Support","Why would Bruno break this prophecy? Could it be something dangerous? We have to find out!","src/cards/004/characters/019-mirabel-madrigal-prophecy-finder.i18n.ts","translated"
"set4-020","vP8","ci_hkQ","set4","20","character","Pluto","Rescue Dog","TO THE RESCUE When you play this character, you may remove up to 3 damage from one of your characters.","When you need help, his is the first face you want to see.","src/cards/004/characters/020-pluto-rescue-dog.i18n.ts","translated"
"set4-021","U2e","ci_U2e","set4","21","character","Prince Eric","Seafaring Prince","Bodyguard (This character may enter play exerted. An opposing character who challenges one of your characters must choose a character with Bodyguard if able.)","","src/cards/004/characters/021-prince-eric-seafaring-prince.i18n.ts","translated"
"set4-022","sTh","ci_sTh","set4","22","character","Prince Eric","Ursula's Groom","Shift 4
UNDER VANESSA'S SPELL While you have a character named Ursula in play, this character gains Bodyguard and gets +2 {W}. (An opposing character who challenges one of your characters must choose one with Bodyguard if able.)","","src/cards/004/characters/022-prince-eric-ursulas-groom.i18n.ts","translated"
"set4-023","nA2","ci_xxV","set4","23","character","Stitch","Alien Dancer","undefined","Moving to the music, he begins to understand the true meaning of ohana and how he fits into the family he has found.","src/cards/004/characters/023-stitch-alien-dancer.i18n.ts","translated"
"set4-024","cjn","ci_cjn","set4","24","character","Ursula","Eric's Bride","Shift: Discard a song card (You may discard a song card to play this on top of one of your characters named Ursula.)
VANESSA'S DESIGN Whenever this character quests, chosen opponent reveals their hand and discards a non-character card of your choice.","","src/cards/004/characters/024-ursula-erics-bride.i18n.ts","translated"
"set4-025","PLH","ci_hSt","set4","25","character","Ursula","Vanessa","Singer 4","This magic will certainly do the trick.","src/cards/004/characters/025-ursula-vanessa.i18n.ts","translated"
"set4-026","yxb","ci_RJP","set4","26","action","Bruno's Return","","Return a character card from your discard to your hand. Then remove up to 2 damage from chosen character.","I feel like I missed something important.","src/cards/004/actions/026-brunos-return.i18n.ts","translated"
"set4-027","qRf","ci_qRf","set4","27","action","First Aid","","Remove up to 1 damage from each of your characters.","There, now—isn’t that better?","src/cards/004/actions/027-first-aid.i18n.ts","translated"
"set4-028","U4j","ci_ClP","set4","28","action","Look at This Family","","Sing Together 7 (Any number of your or your teammates' characters with total cost 7 or more may {E} to sing this song for free.)
Look at the top 5 cards of your deck. You may reveal up to 2 character cards and put them into your hand. Put the rest on the bottom of your deck in any order.","","src/cards/004/actions/028-look-at-this-family.i18n.ts","translated"
"set4-029","JHR","ci_HNA","set4","29","action","Lost in the Woods","","All opposing characters get -2 {S} until the start of your next turn.","I’m left behind, wondering if I should follow","src/cards/004/actions/029-lost-in-the-woods.i18n.ts","translated"
"set4-030","zkw","ci_zkw","set4","30","action","Sign the Scroll","","Each opponent may choose and discard a card. For each opponent who doesn't, you gain 2 lore.","","src/cards/004/actions/030-sign-the-scroll.i18n.ts","translated"
"set4-031","vcN","ci_vcN","set4","31","item","Miracle Candle","","ABUELA'S GIFT Banish this item — If you have 3 or more characters in play, gain 2 lore and remove up to 2 damage from chosen location.","","src/cards/004/items/031-miracle-candle.i18n.ts","translated"
"set4-032","2w7","ci_2w7","set4","32","item","Record Player","","LOOK AT THIS! Whenever you play a song, chosen character gets -2 {S} until the start of your next turn.
HIT PARADE Your characters named Stitch count as having +1 cost to sing songs.","","src/cards/004/items/032-record-player.i18n.ts","translated"
"set4-033","XhY","ci_b67","set4","33","location","Atlantica","Concert Hall","UNDERWATER ACOUSTICS Characters count as having +2 cost to sing songs while here.","","src/cards/004/locations/033-atlantica-concert-hall.i18n.ts","translated"
"set4-034","hKJ","ci_hKJ","set4","34","location","The Underworld","River Styx","SAVE A SOUL Whenever a character quests while here, you may pay 3 {I} to return a character card from your discard to your hand.","","src/cards/004/locations/034-the-underworld-river-styx.i18n.ts","translated"
"set4-035","PrU","ci_PrU","set4","35","character","Antonio Madrigal","Animal Expert","undefined","Once upon a time, there was a casita in the mountains with a very special family....","src/cards/004/characters/035-antonio-madrigal-animal-expert.i18n.ts","translated"
"set4-036","xMe","ci_4lK","set4","36","character","Belle","Accomplished Mystic","Shift 3
ENHANCED HEALING When you play this character, move up to 3 damage counters from chosen character to chosen opposing character.","The mixed ink had changed more than just the rose.","src/cards/004/characters/036-belle-accomplished-mystic.i18n.ts","translated"
"set4-037","1Mo","ci_b5v","set4","37","character","Belle","Untrained Mystic","HERE NOW, DON'T DO THAT When you play this character, move up to 1 damage counter from chosen character to chosen opposing character.","No matter what she tried, Belle couldn’t completely heal Beast’s wound.","src/cards/004/characters/037-belle-untrained-mystic.i18n.ts","translated"
"set4-038","Ran","ci_Ran","set4","38","character","Bruno Madrigal","Out of the Shadows","IT WAS YOUR VISION When you play this character, chosen character gains ""When this character is banished in a challenge, you may return this card to your hand"" this turn.","","src/cards/004/characters/038-bruno-madrigal-out-of-the-shadows.i18n.ts","translated"
"set4-039","Hx7","ci_gZa","set4","39","character","Bruno Madrigal","Undetected Uncle","Evasive
YOU JUST HAVE TO SEE IT {E} — Name a card, then reveal the top card of your deck. If it's the named card, put that card into your hand and gain 3 lore. Otherwise, put it on the top of your deck.","","src/cards/004/characters/039-bruno-madrigal-undetected-uncle.i18n.ts","translated"
"set4-040","I0K","ci_GAc","set4","40","character","Camilo Madrigal","Prankster","MANY FORMS At the start of your turn, you may choose one:
• This character gets +1 {L} this turn.
• This character gains Challenger +2 this turn.","","src/cards/004/characters/040-camilo-madrigal-prankster.i18n.ts","translated"
"set4-041","Gf5","ci_xFh","set4","41","character","Dolores Madrigal","Easy Listener","MAGICAL INFORMANT When you play this character, if an opponent has an exerted character in play, you may draw a card.","","src/cards/004/characters/041-dolores-madrigal-easy-listener.i18n.ts","translated"
"set4-042","pQC","ci_pQC","set4","42","character","Elsa","Storm Chaser","TEMPEST {E} — Chosen character gains Challenger +2 and Rush this turn. (They get +2 {S} while challenging. They can challenge the turn they're played.)","After Elsa dispersed Ursula's storm, Anna was nowhere to be found.","src/cards/004/characters/042-elsa-storm-chaser.i18n.ts","translated"
"set4-043","8TS","ci_8TS","set4","43","character","Flotsam","Ursula's ""Baby""","QUICK ESCAPE When this character is banished in a challenge, return this card to your hand.
OMINOUS PAIR Your characters named Jetsam gain ""When this character is banished in a challenge, return this card to your hand.""","Now the crown <and> the trident are mine! —Ursula","src/cards/004/characters/043-flotsam-ursulas-baby.i18n.ts","translated"
"set4-044","Eq7","ci_Lt9","set4","44","character","Flotsam & Jetsam","Entangling Eels","Shift: Discard 2 cards (You may discard 2 cards to play this on top of one of your characters named Flotsam or Jetsam.)
(This character counts as being named both Flotsam and Jetsam.)","","src/cards/004/characters/044-flotsam-jetsam-entangling-eels.i18n.ts","translated"
"set4-045","Kq0","ci_Kq0","set4","45","character","Isabela Madrigal","Golden Child","Evasive
LADIES FIRST During your turn, if no other character has quested this turn, this character gets +3 {L}.
LEAVE IT TO ME Whenever this character quests, your other characters can't quest for the rest of this turn.","","src/cards/004/characters/045-isabela-madrigal-golden-child.i18n.ts","translated"
"set4-046","jZW","ci_jZW","set4","46","character","Jetsam","Ursula's ""Baby""","Challenger +2
OMINOUS PAIR Your characters named Flotsam gain Challenger +2.","He snatched the trident from the betrayed glimmer.","src/cards/004/characters/046-jetsam-ursulas-baby.i18n.ts","translated"
"set4-047","MWD","ci_tVH","set4","47","character","Luisa Madrigal","Magically Strong One","Rush","This rock? No problem. Go get that prophecy, hermana!","src/cards/004/characters/047-luisa-madrigal-magically-strong-one.i18n.ts","translated"
"set4-048","9H2","ci_9H2","set4","48","character","Magic Broom","Illuminary Keeper","NICE AND TIDY Whenever you play another character, you may banish this character to draw a card.","Just a few barnacles away from retirement...","src/cards/004/characters/048-magic-broom-illuminary-keeper.i18n.ts","translated"
"set4-049","9ap","ci_9ap","set4","49","character","Magic Broom","Lively Sweeper","undefined","Clean like no one’s watching.","src/cards/004/characters/049-magic-broom-lively-sweeper.i18n.ts","translated"
"set4-050","S5i","ci_S5i","set4","50","character","Magical Maid","Feather Duster","undefined","Have you ever seen anything so beautiful? she asked, marveling at the Amethyst trees. No, cherie, Lumiere replied, never taking his eyes off her. I have not.","src/cards/004/characters/050-magical-maid-feather-duster.i18n.ts","translated"
"set4-051","cKU","ci_cKU","set4","51","character","Marshmallow","Terrifying Snowman","BEHEMOTH This character gets +1 {S} for each card in your hand.","You’re very strong. Do you work out? —Olaf","src/cards/004/characters/051-marshmallow-terrifying-snowman.i18n.ts","translated"
"set4-052","R9W","ci_R9W","set4","52","character","Mrs. Potts","Enchanted Teapot","IT'LL TURN OUT ALL RIGHT When you play this character, if you have a character named Lumiere or Cogsworth in play, you may draw a card.","","src/cards/004/characters/052-mrs-potts-enchanted-teapot.i18n.ts","translated"
"set4-053","Vvx","ci_Vvx","set4","53","character","Pepa Madrigal","Weather Maker","IT LOOKS LIKE RAIN When you play this character, you may exert chosen opposing character. That character can't ready at the start of their next turn unless they're at a location.","","src/cards/004/characters/053-pepa-madrigal-weather-maker.i18n.ts","translated"
"set4-054","mNf","ci_mNf","set4","54","character","Peter Pan","Shadow Finder","Rush
Evasive
FLY, OF COURSE! Your other characters with Evasive gain Rush.","","src/cards/004/characters/054-peter-pan-shadow-finder.i18n.ts","translated"
"set4-055","Aav","ci_Aav","set4","55","character","Pico","Helpful Toucan","undefined","He spotted a mysterious glow in the mountains nearby. Could it be the missing piece of the prophecy?","src/cards/004/characters/055-pico-helpful-toucan.i18n.ts","translated"
"set4-056","9tn","ci_UpL","set4","56","character","Tick-Tock","Ever-Present Pursuer","Evasive","That cursed beast liked the taste of me so well he’s followed me ever since.... —Captain Hook","src/cards/004/characters/056-tick-tock-ever-present-pursuer.i18n.ts","translated"
"set4-057","pPz","ci_pPz","set4","57","character","Ursula","Mad Sea Witch","Challenger +2","After her, Flotsam! I can’t rule Lorcana without the Hexwell Crown!","src/cards/004/characters/057-ursula-mad-sea-witch.i18n.ts","translated"
"set4-058","APG","ci_CCz","set4","58","character","Ursula","Sea Witch Queen","Shift 5
NOW I AM THE RULER! Whenever this character quests, exert chosen character.
YOU'LL LISTEN TO ME! Other characters can't exert to sing songs.","","src/cards/004/characters/058-ursula-sea-witch-queen.i18n.ts","translated"
"set4-059","gBI","ci_iNw","set4","59","character","Yen Sid","Powerful Sorcerer","TIMELY INTERVENTION When you play this character, if you have a character named Magic Broom in play, you may draw a card.
ARCANE STUDY While you have 2 or more Broom characters in play, this character gets +2 {L}.","","src/cards/004/characters/059-yen-sid-powerful-sorcerer.i18n.ts","translated"
"set4-060","ysE","ci_smr","set4","60","action","Poor Unfortunate Souls","","Return chosen character, item, or location with cost 2 or less to their player's hand.","In pain, in need","src/cards/004/actions/060-poor-unfortunate-souls.i18n.ts","translated"
"set4-061","BPg","ci_oGQ","set4","61","action","Second Star to the Right","","Sing Together 10 (Any number of your or your teammates' characters with total cost 10 or more may {E} to sing this song for free.)
Chosen player draws 5 cards.","Lead us to the land we dream of","src/cards/004/actions/061-second-star-to-the-right.i18n.ts","translated"
"set4-062","bPM","ci_bPM","set4","62","action","Swing into Action","","Chosen character gains Rush this turn. (They can challenge the turn they're played.)","","src/cards/004/actions/062-swing-into-action.i18n.ts","translated"
"set4-063","SrO","ci_SrO","set4","63","action","Ursula’s Plan","","Each opponent chooses and exerts one of their characters. Those characters can't ready at the start of their next turn.","With both the crown and the trident, together we would be unstoppable!","src/cards/004/actions/063-ursulas-plan.i18n.ts","translated"
"set4-064","BsF","ci_BsF","set4","64","item","Mystical Rose","","DISPEL THE ENTANGLEMENT Banish this item — Chosen character named Beast gets +2 {L} this turn. If you have a character named Belle in play, move up to 3 damage counters from chosen character to chosen opposing character.","Ink surrounded Belle's last hope to heal the Beast. With no other choice, she reached out for it...","src/cards/004/items/064-mystical-rose.i18n.ts","translated"
"set4-065","wLO","ci_bo3","set4","65","item","Rose Lantern","","MYSTICAL PETALS {E}, 2 {I} — Move 1 damage counter from chosen character to chosen opposing character.","The transformed rose made short work of the Beast’s wound. But even the gentlest magic comes at a cost.","src/cards/004/items/065-rose-lantern.i18n.ts","translated"
"set4-066","xKb","ci_xKb","set4","66","item","Triton's Trident","","SYMBOL OF POWER Banish this item — Chosen character gets +1 {S} this turn for each card in your hand.","Just imagine all this power in the wrong hands... —Ursula","src/cards/004/items/066-tritons-trident.i18n.ts","translated"
"set4-067","oye","ci_Onk","set4","67","location","Casa Madrigal","Casita","OUR HOME At the start of your turn, if you have a character here gain 1 lore.","","src/cards/004/locations/067-casa-madrigal-casita.i18n.ts","translated"
"set4-068","U6D","ci_S9h","set4","68","location","Ursula’s Lair","Eye of the Storm","SLIPPERY HALLS Whenever a character is banished in a challenge while here, you may return them to your hand.
SEAT OF POWER Characters named Ursula get +1 {L} while here.","","src/cards/004/locations/068-ursulas-lair-eye-of-the-storm.i18n.ts","translated"
"set4-069","pGG","ci_pGG","set4","69","character","Cri-Kee","Lucky Cricket","SPREADING GOOD FORTUNE When you play this character, your other characters get +3 {S} this turn.","Everyone feels better just knowing he's around.","src/cards/004/characters/069-cri-kee-lucky-cricket.i18n.ts","translated"
"set4-070","Mnw","ci_Ljv","set4","70","character","Diablo","Devoted Herald","Shift: Discard an action card (You may discard an action card to play this on top of one of your characters named Diablo.)
Evasive
CIRCLE FAR AND WIDE During each opponent's turn, whenever they draw a card while this character is exerted, you may draw a card.","","src/cards/004/characters/070-diablo-devoted-herald.i18n.ts","translated"
"set4-071","hgt","ci_hgt","set4","71","character","Diablo","Maleficent's Spy","SCOUT AHEAD When you play this character, you may look at each opponent's hand.","Keep an eye on the sea witch, my pet. Tell me everything. —Maleficent","src/cards/004/characters/071-diablo-maleficents-spy.i18n.ts","translated"
"set4-072","2U5","ci_2U5","set4","72","character","Gunther","Interior Designer","SAD-EYED PUPPY When this character is challenged and banished, each opponent chooses one of their characters and returns that card to their hand.","I hate to cover this trap door. It really pulls the room together!","src/cards/004/characters/072-gunther-interior-designer.i18n.ts","translated"
"set4-073","wxy","ci_wxy","set4","73","character","Gus","Champion of Cheese","undefined","You can always rely on him when it comes to cheese.","src/cards/004/characters/073-gus-champion-of-cheese.i18n.ts","translated"
"set4-074","V9W","ci_V9W","set4","74","character","Hades","Double Dealer","HERE'S THE TRADE-OFF {E}, Banish one of your other characters — Play a character with the same name as the banished character for free.","","src/cards/004/characters/074-hades-double-dealer.i18n.ts","translated"
"set4-075","vJ2","ci_Vh7","set4","75","character","HeiHei","Bumbling Rooster","FATTEN YOU UP When you play this character, if an opponent has more cards in their inkwell than you, you may put the top card of your deck into your inkwell facedown and exerted.","","src/cards/004/characters/075-heihei-bumbling-rooster.i18n.ts","translated"
"set4-076","vHX","ci_vHX","set4","76","character","Hera","Queen of the Gods","Ward
PROTECTIVE GODDESS Your characters named Zeus gain Ward.
YOU'RE A TRUE HERO Your characters named Hercules gain Evasive.","","src/cards/004/characters/076-hera-queen-of-the-gods.i18n.ts","translated"
"set4-077","Ck0","ci_Ck0","set4","77","character","Jaq","Connoisseur of Climbing","SNEAKY IDEA When you play this character, chosen opposing character gains Reckless during their next turn. (They can't quest and must challenge if able.)","Teamwork makes the cheese work.","src/cards/004/characters/077-jaq-connoisseur-of-climbing.i18n.ts","translated"
"set4-078","iKc","ci_C4u","set4","78","character","Jasmine","Desert Warrior","CUNNING MANEUVER When you play this character and whenever she's challenged, each opponent chooses and discards a card.","","src/cards/004/characters/078-jasmine-desert-warrior.i18n.ts","translated"
"set4-079","2qv","ci_2qv","set4","79","character","Megara","Captivating Cynic","SHADY DEAL When you play this character, choose and discard a card or banish this character.","With love, there’s always a catch.","src/cards/004/characters/079-megara-captivating-cynic.i18n.ts","translated"
"set4-080","q5j","ci_q5j","set4","80","character","Megara","Liberated One","Ward
PEOPLE ALWAYS DO CRAZY THINGS Whenever you play a character named Hercules, you may ready this character.","","src/cards/004/characters/080-megara-liberated-one.i18n.ts","translated"
"set4-081","eqA","ci_eqA","set4","81","character","Pain","Immortal Sidekick","undefined","We totally took care of that thing you told us to do and definitely did <not> spend the day in Thebes ticketing chariots and stealing people's laundry.","src/cards/004/characters/081-pain-immortal-sidekick.i18n.ts","translated"
"set4-082","AcX","ci_AcX","set4","82","character","Panic","Immortal Sidekick","REPORTING FOR DUTY While this character is exerted, if you have a character named Pain in play, your Villain characters can't be challenged.","We absolutely took care of that thing, boss. No problems, just great.","src/cards/004/characters/082-panic-immortal-sidekick.i18n.ts","translated"
"set4-083","nia","ci_nia","set4","83","character","Pegasus","Cloud Racer","Shift 3
Evasive
HOP ON! When you play this character, if you used Shift to play him, your characters gain Evasive until the start of your next turn.","","src/cards/004/characters/083-pegasus-cloud-racer.i18n.ts","translated"
"set4-084","PD1","ci_Sj7","set4","84","character","Pegasus","Gift for Hercules","Evasive","His name is Pegasus. And he’s all yours.... —Zeus","src/cards/004/characters/084-pegasus-gift-for-hercules.i18n.ts","translated"
"set4-085","NSZ","ci_NSZ","set4","85","character","Pete","Born to Cheat","I CLOBBER YOU! Whenever this character quests while he has 5 {S} or more, return chosen character with 2 {S} or less to their player's hand.","","src/cards/004/characters/085-pete-born-to-cheat.i18n.ts","translated"
"set4-086","qJb","ci_qJb","set4","86","character","Pete","Rotten Guy","undefined","Minnie: This is an outrage!   Pete: No. It’s my nefarious plan to steal the throne.","src/cards/004/characters/086-pete-rotten-guy.i18n.ts","translated"
"set4-087","Z2r","ci_UBa","set4","87","character","Prince Phillip","Vanquisher of Foes","Shift 6
Evasive
SWIFT AND SURE When you play this character, banish all opposing damaged characters.","","src/cards/004/characters/087-prince-phillip-vanquisher-of-foes.i18n.ts","translated"
"set4-088","vCW","ci_eM1","set4","88","character","Prince Phillip","Warden of the Woods","SHINING BEACON Your other Hero characters gain Ward.","He stands ready to protect his friends from any threat.","src/cards/004/characters/088-prince-phillip-warden-of-the-woods.i18n.ts","translated"
"set4-089","Sh7","ci_Sh7","set4","89","character","The Fates","Only One Eye","ALL WILL BE SEEN When you play this character, look at the top card of each opponent's deck.","We know everything. —Lachesis","src/cards/004/characters/089-the-fates-only-one-eye.i18n.ts","translated"
"set4-090","BQW","ci_BQW","set4","90","character","The Muses","Proclaimers of Heroes","Ward
THE GOSPEL TRUTH Whenever you play a song, you may return chosen character with 2 {S} or less to their player's hand.","","src/cards/004/characters/090-the-muses-proclaimers-of-heroes.i18n.ts","translated"
"set4-091","iSO","ci_iSO","set4","91","character","Tor","Florist","undefined","They say that his arrangements are exquisite, His composites and bouquets are so divine. But when the crowds try to come and visit, There's always quite a fight to form a line.","src/cards/004/characters/091-tor-florist.i18n.ts","translated"
"set4-092","0AH","ci_0AH","set4","92","character","Zeus","Mr. Lightning Bolts","TARGET PRACTICE Whenever this character challenges another character, he gets +{S} equal to the {S} of chosen character this turn.","Ha! Now watch your old man work!","src/cards/004/characters/092-zeus-mr-lightning-bolts.i18n.ts","translated"
"set4-093","IoO","ci_IoO","set4","93","action","Dodge!","","Chosen character gains Ward and Evasive until the start of your next turn. (Opponents can't choose them except to challenge. Only characters with Evasive can challenge them.)","Missed me, you doggone bully!","src/cards/004/actions/093-dodge.i18n.ts","translated"
"set4-094","Ttp","ci_SBd","set4","94","action","Make the Potion","","Choose one:
• Banish chosen item.
• Deal 2 damage to chosen damaged character.","","src/cards/004/actions/094-make-the-potion.i18n.ts","translated"
"set4-095","EhX","ci_BAQ","set4","95","action","Under the Sea","","Sing Together 8 (Any number of your or your teammates' characters with total cost 8 or more may {E} to sing this song for free.)
Put all opposing characters with 2 {S} or less on the bottom of their players' decks in any order.","Such wonderful things surround you","src/cards/004/actions/095-under-the-sea.i18n.ts","translated"
"set4-096","zNr","ci_zNr","set4","96","action","Ursula’s Trickery","","Each opponent may choose and discard a card. For each opponent who doesn't, you draw a card.","How dare you double-cross me! Ursula shouted, lunging at the other glimmer.","src/cards/004/actions/096-ursulas-trickery.i18n.ts","translated"
"set4-097","ILB","ci_Xd1","set4","97","action","We Don’t Talk About Bruno","","Return chosen character to their player's hand, then that player discards a card at random.","Your fate is sealed when your prophecy is read!","src/cards/004/actions/097-we-dont-talk-about-bruno.i18n.ts","translated"
"set4-098","RqX","ci_SVb","set4","98","item","Hidden Inkcaster","","FRESH INK When you play this item, draw a card.
UNEXPECTED TREASURE All cards in your hand count as having {IW}.","It looks like it’s been here forever. —Flounder","src/cards/004/items/098-hidden-inkcaster.i18n.ts","translated"
"set4-099","hYT","ci_yKQ","set4","99","item","Signed Contract","","FINE PRINT Whenever an opponent plays a song, you may draw a card.","I would <love> to help you, of course, but there’s the little matter of the contract... —Ursula","src/cards/004/items/099-signed-contract.i18n.ts","translated"
"set4-100","Kxi","ci_Kxi","set4","100","item","Vision Slab","","DANGER REVEALED At the start of your turn, if an opposing character has damage, gain 1 lore.
TRAPPED! Damage counters can't be removed.","Tío Bruno! What's happening to him? We have to help! —Mirabel","src/cards/004/items/100-vision-slab.i18n.ts","translated"
"set4-101","4BC","ci_Of3","set4","101","location","Hidden Cove","Tranquil Haven","REVITALIZING WATERS Characters get +1 {S} and +1 {W} while here.","Flounder, this is perfect! I can’t wait to explore it. —Ariel","src/cards/004/locations/101-hidden-cove-tranquil-haven.i18n.ts","translated"
"set4-102","S3h","ci_S3h","set4","102","location","Ursula’s Garden","Full of the Unfortunate","ABANDON HOPE While you have an exerted character here, opposing characters get -1 {L}.","","src/cards/004/locations/102-ursulas-garden-full-of-the-unfortunate.i18n.ts","translated"
"set4-103","f3O","ci_f3O","set4","103","character","Beast","Wounded","THAT HURTS! This character enters play with 4 damage.","It wasn’t the severity of the wounds but the sickly substance that caused such unbearable pain.","src/cards/004/characters/103-beast-wounded.i18n.ts","translated"
"set4-104","q79","ci_q79","set4","104","character","Benja","Bold Uniter","undefined","We must work together to heal the entangled.","src/cards/004/characters/104-benja-bold-uniter.i18n.ts","translated"
"set4-105","m9e","ci_m9e","set4","105","character","Fa Zhou","Mulan's Father","WAR INJURY This character can't challenge.
HEAD OF THE HOUSEHOLD {E} — Ready chosen character named Mulan. She can't quest for the rest of this turn.","I am ready to serve the Emperor.","src/cards/004/characters/105-fa-zhou-mulans-father.i18n.ts","translated"
"set4-106","CR0","ci_CR0","set4","106","character","Flynn Rider","Frenemy","NARROW ADVANTAGE At the start of your turn, if you have a character in play with more {S} than each opposing character, gain 3 lore.","You guys look busy—I'll just keep an eye on this lore for you.","src/cards/004/characters/106-flynn-rider-frenemy.i18n.ts","translated"
"set4-107","FBH","ci_EA0","set4","107","character","Goofy","Super Goof","Rush
SUPER PEANUT POWERS Whenever this character challenges another character, gain 2 lore.","Never underestimate the power of a Goof.","src/cards/004/characters/107-goofy-super-goof.i18n.ts","translated"
"set4-108","6ct","ci_6ct","set4","108","character","Hercules","Clumsy Kid","Rush","Nice catch, Jerkules. —Village boy","src/cards/004/characters/108-hercules-clumsy-kid.i18n.ts","translated"
"set4-109","044","ci_044","set4","109","character","Hercules","Daring Demigod","Rush
Reckless","","src/cards/004/characters/109-hercules-daring-demigod.i18n.ts","translated"
"set4-110","CdR","ci_CdR","set4","110","character","Khan","Beloved Steed","undefined","As silent as a shadow and faster than the wind: brave Khan, the mightiest stallion.","src/cards/004/characters/110-khan-beloved-steed.i18n.ts","translated"
"set4-111","Wbs","ci_Wbs","set4","111","character","Li Shang","General’s Son","undefined","His training was unsurpassed, but it was his courage that would see him through this fight.","src/cards/004/characters/111-li-shang-generals-son.i18n.ts","translated"
"set4-112","4HP","ci_4HP","set4","112","character","Li Shang","Valorous General","Shift: Discard a character card (You may discard a character card to play this on top of one of your characters named Li Shang.)
LEAD THE CHARGE Your characters with 4 {S} or more get +1 {L}.","","src/cards/004/characters/112-li-shang-valorous-general.i18n.ts","translated"
"set4-113","RPE","ci_fE7","set4","113","character","Lumiere","Fiery Friend","FERVENT ADDRESS Your other characters get +1 {S}.","The invaders are at our gates, mes amis! It’s time to show them what we’re made of.","src/cards/004/characters/113-lumiere-fiery-friend.i18n.ts","translated"
"set4-114","4gd","ci_9XN","set4","114","character","Mulan","Elite Archer","Shift 5
STRAIGHT SHOOTER When you play this character, if you used Shift to play her, she gets +3 {S} this turn.
TRIPLE SHOT During your turn, whenever this character deals damage to another character in a challenge, deal the same amount of damage to up to 2 other chosen characters.","","src/cards/004/characters/114-mulan-elite-archer.i18n.ts","translated"
"set4-115","U3t","ci_laZ","set4","115","character","Mulan","Enemy of Entanglement","TIME TO SHINE Whenever you play an action, this character gets +2 {S} this turn.","Ursula’s messengers fled, leaving behind tendrils of dark ink.","src/cards/004/characters/115-mulan-enemy-of-entanglement.i18n.ts","translated"
"set4-116","bCk","ci_Z2S","set4","116","character","Mulan","Injured Soldier","BATTLE WOUND This character enters play with 2 damage.","She’ll never give up.","src/cards/004/characters/116-mulan-injured-soldier.i18n.ts","translated"
"set4-117","BYL","ci_BYL","set4","117","character","Namaari","Heir of Fang","TWO-WEAPON FIGHTING During your turn, whenever this character deals damage to another character in a challenge, you may deal the same amount of damage to another chosen character.","","src/cards/004/characters/117-namaari-heir-of-fang.i18n.ts","translated"
"set4-118","u1p","ci_u1p","set4","118","character","Nessus","River Guardian","undefined","He sent the eels away when they came with the sea witch's offer. He didn't need her help making trouble.","src/cards/004/characters/118-nessus-river-guardian.i18n.ts","translated"
"set4-119","9pN","ci_9pN","set4","119","character","Noi","Acrobatic Baby","FANCY FOOTWORK Whenever you play an action, this character takes no damage from challenges this turn.","Fortune favors the bold—no matter how small.","src/cards/004/characters/119-noi-acrobatic-baby.i18n.ts","translated"
"set4-120","iG3","ci_iG3","set4","120","character","Pegasus","Flying Steed","Evasive","He zigs, he zags—what else do ya need? —Phil","src/cards/004/characters/120-pegasus-flying-steed.i18n.ts","translated"
"set4-121","l0K","ci_l0K","set4","121","character","Raya","Fierce Protector","DON'T CROSS ME Whenever this character challenges another character, gain 1 lore for each other damaged character you have in play.","You're gonna fight an entire army? —Sisu","src/cards/004/characters/121-raya-fierce-protector.i18n.ts","translated"
"set4-122","ztE","ci_ztE","set4","122","character","Raya","Guardian of the Dragon Gem","WE HAVE TO COME TOGETHER When you play this character, ready chosen character of yours at a location. They can't quest for the rest of this turn.","There are too many of them for me. But not for us.","src/cards/004/characters/122-raya-guardian-of-the-dragon-gem.i18n.ts","translated"
"set4-123","W3s","ci_zcv","set4","123","character","Sisu","Daring Visitor","Evasive
BRING ON THE HEAT! When you play this character, banish chosen opposing character with 1 {S} or less.","Come on—what's the worst that can happen?","src/cards/004/characters/123-sisu-daring-visitor.i18n.ts","translated"
"set4-124","TMv","ci_rQr","set4","124","character","Sisu","Emboldened Warrior","SURGE OF POWER This character gets +1 {S} for each card in opponents' hands.","Sometimes the only way to fight the unimaginable is with the incredible.","src/cards/004/characters/124-sisu-emboldened-warrior.i18n.ts","translated"
"set4-125","m2H","ci_bdj","set4","125","character","Sisu","Empowered Sibling","Shift 6
I GOT THIS! When you play this character, banish all opposing characters with 2 {S} or less.","","src/cards/004/characters/125-sisu-empowered-sibling.i18n.ts","translated"
"set4-126","S7p","ci_S7p","set4","126","character","Tong","Survivor","Reckless","I too wish to join this fellowship of Druun butt-kickery.","src/cards/004/characters/126-tong-survivor.i18n.ts","translated"
"set4-127","PQN","ci_j2H","set4","127","character","Tuk Tuk","Lively Partner","Evasive
ON A ROLL When you play this character, you may move him and one of your other characters to the same location for free. The other character gets +2 {S} this turn.","","src/cards/004/characters/127-tuk-tuk-lively-partner.i18n.ts","translated"
"set4-128","k7r","ci_rfx","set4","128","action","A Pirate’s Life","","Sing Together 6 (Any number of your or your teammates' characters with total cost 6 or more may {E} to sing this song for free.) %Each opponent loses 2 lore. You gain 2 lore.","Give me a career As a buccaneer","src/cards/004/actions/128-a-pirates-life.i18n.ts","translated"
"set4-129","PNr","ci_th8","set4","129","action","Be King Undisputed","","Each opponent chooses and banishes one of their characters.","Respected, saluted","src/cards/004/actions/129-be-king-undisputed.i18n.ts","translated"
"set4-130","eF8","ci_eF8","set4","130","action","Brawl","","Banish chosen character with 2 {S} or less.","There are two ways to leave the Snuggly Duckling—the door or the window.","src/cards/004/actions/130-brawl.i18n.ts","translated"
"set4-131","NaH","ci_NaH","set4","131","item","Imperial Proclamation","","CALL TO THE FRONT Whenever one of your characters challenges another character, you pay 1 {I} less for the next character you play this turn.","By order of the Emperor, one man from every family must serve in the Imperial Army. —Chi Fu","src/cards/004/items/131-imperial-proclamation.i18n.ts","translated"
"set4-132","Tcn","ci_BIF","set4","132","item","Medallion Weights","","DISCIPLINE AND STRENGTH {E}, 2 {I} — Chosen character gets +2 {S} this turn. Whenever they challenge another character this turn, you may draw a card.","","src/cards/004/items/132-medallion-weights.i18n.ts","translated"
"set4-133","PlS","ci_PlS","set4","133","item","The Plank","","WALK! 2 {I}, Banish this item — Choose one:
• Banish chosen Hero character.
• Ready chosen Villain character. They can't quest for the rest of this turn.","It's a once-in-a-lifetime view.","src/cards/004/items/133-the-plank.i18n.ts","translated"
"set4-134","WDs","ci_WDs","set4","134","item","Vitalisphere","","EXTRACT OF RUBY 1 {I}, Banish this item — Chosen character gains Rush and gets +2 {S} this turn. (They can challenge the turn they're played.)","","src/cards/004/items/134-vitalisphere.i18n.ts","translated"
"set4-135","dKT","ci_0Wx","set4","135","location","Snuggly Duckling","Disreputable Pub","ROUTINE RUCKUS Whenever a character with 3 {S} or more challenges another character while here, gain 1 lore. If the challenging character has 6 {S} or more, gain 3 lore instead.","","src/cards/004/locations/135-snuggly-duckling-disreputable-pub.i18n.ts","translated"
"set4-136","n6q","ci_n6q","set4","136","location","Training Grounds","Impossible Pillar","STRENGTH OF MIND 1 {I} — Chosen character here gets +1 {S} this turn.","","src/cards/004/locations/136-training-grounds-impossible-pillar.i18n.ts","translated"
"set4-137","ISN","ci_fSd","set4","137","character","Anna","Braving the Storm","I WAS BORN READY If you have another Hero character in play, this character gets +1 {L}.","After talking to Olaf, Anna marched into the unexpected storm to save Kristoff.","src/cards/004/characters/137-anna-braving-the-storm.i18n.ts","translated"
"set4-138","0EO","ci_0rK","set4","138","character","Anna","True-Hearted","LET ME HELP YOU Whenever this character quests, your other Hero characters get +1 {L} this turn.","Make sure you know what’s truly important and be willing to fight for it.","src/cards/004/characters/138-anna-true-hearted.i18n.ts","translated"
"set4-139","Sxx","ci_Sxx","set4","139","character","Ariel","Treasure Collector","Ward
THE GIRL WHO HAS EVERYTHING While you have more items in play than each opponent, this character gets +2 {L}.","","src/cards/004/characters/139-ariel-treasure-collector.i18n.ts","translated"
"set4-140","k2u","ci_k2u","set4","140","character","Aurora","Lore Guardian","Shift 2
PRESERVER Opponents can't choose your items for abilities or effects.
ROYAL INVENTORY {E} one of your items — Look at the top card of your deck and put it on either the top or the bottom of your deck.","","src/cards/004/characters/140-aurora-lore-guardian.i18n.ts","translated"
"set4-141","I2B","ci_FEs","set4","141","character","Aurora","Tranquil Princess","Ward","Her music fills the Illuminary’s gardens with joy and light.","src/cards/004/characters/141-aurora-tranquil-princess.i18n.ts","translated"
"set4-142","52U","ci_52U","set4","142","character","Dang Hu","Talon Chief","YOU BETTER TALK FAST Your other Villain characters gain Support. (Whenever they quest, you may add their {S} to another chosen character's {S} this turn.)","You can find villainy in the most unexpected places.","src/cards/004/characters/142-dang-hu-talon-chief.i18n.ts","translated"
"set4-143","DxW","ci_DxW","set4","143","character","Fa Li","Mulan’s Mother","undefined","When far from home, Mulan often thinks of her calming presence.","src/cards/004/characters/143-fa-li-mulans-mother.i18n.ts","translated"
"set4-144","xbo","ci_xbo","set4","144","character","Flounder","Collector’s Companion","Support
I'M NOT A GUPPY If you have a character named Ariel in play, you pay 1 {I} less to play this character.","Ariel, Ariel! You won't believe what I found!","src/cards/004/characters/144-flounder-collectors-companion.i18n.ts","translated"
"set4-145","Otw","ci_Otw","set4","145","character","Hades","Meticulous Plotter","undefined","This neat little scheme has Ursula's tentacles all over it. That sneaky sea witch... Wait! I can use this. She can keep those obnoxious Illumineers busy while I roll out my own plan.","src/cards/004/characters/145-hades-meticulous-plotter.i18n.ts","translated"
"set4-146","fmb","ci_nNC","set4","146","character","Hans","Noble Scoundrel","ROYAL SCHEMES When you play this character, if a Princess or Queen character is in play, gain 1 lore.","Hans was confident he could bring Anna to Ursula—all he needed was something of Kristoff's to lure her in.","src/cards/004/characters/146-hans-noble-scoundrel.i18n.ts","translated"
"set4-147","yri","ci_yri","set4","147","character","Iduna","Caring Mother","ENDURING LOVE When this character is banished, you may put this card into your inkwell facedown and exerted.","Come my darling, homeward bound When all is lost, then all is found.","src/cards/004/characters/147-iduna-caring-mother.i18n.ts","translated"
"set4-148","z4o","ci_z4o","set4","148","character","John Silver","Terror of the Realm","undefined","Strange things be at the edge of the map: sea witches, entangled glimmers, and whatnot. I’ll stay with me ship, thank you.","src/cards/004/characters/148-john-silver-terror-of-the-realm.i18n.ts","translated"
"set4-149","fW1","ci_fW1","set4","149","character","Olaf","Carrot Enthusiast","Shift: Discard an item card (You may discard an item card to play this on top of one of your characters named Olaf.)
CARROTS ALL AROUND! Whenever he quests, each of your other characters gets +{S} equal to this character's {S} this turn.","","src/cards/004/characters/149-olaf-carrot-enthusiast.i18n.ts","translated"
"set4-150","QcK","ci_QcK","set4","150","character","Olaf","Trusting Companion","Support","Isn't this Kristoff's hat? If he went this way, he'll be caught in that storm!","src/cards/004/characters/150-olaf-trusting-companion.i18n.ts","translated"
"set4-151","5d3","ci_5d3","set4","151","character","Pascal","Inquisitive Pet","COLORFUL TACTICS When you play this character, look at the top 3 cards of your deck and put them back in any order.","If you want to find something hidden, get someone who’s an expert at hiding.","src/cards/004/characters/151-pascal-inquisitive-pet.i18n.ts","translated"
"set4-152","kbT","ci_kbT","set4","152","character","Prince Phillip","Gallant Defender","Support
BEST DEFENSE Whenever one of your characters is chosen for Support, they gain Resist +1 this turn.","","src/cards/004/characters/152-prince-phillip-gallant-defender.i18n.ts","translated"
"set4-153","Mbz","ci_Mbz","set4","153","character","Rapunzel","Appreciative Artist","PERCEPTIVE PARTNER While you have a character named Pascal in play, this character gains Ward.","Pascal! A new flower for the wall!","src/cards/004/characters/153-rapunzel-appreciative-artist.i18n.ts","translated"
"set4-154","IaS","ci_IaS","set4","154","character","Scuttle","Expert on Humans","LET ME SEE When you play this character, look at the top 4 cards of your deck. You may reveal an item card and put it into your hand. Put the rest on the bottom of your deck in any order.","Wow. This is special. This is very, very unusual.","src/cards/004/characters/154-scuttle-expert-on-humans.i18n.ts","translated"
"set4-155","Pec","ci_Pec","set4","155","character","Sisu","Wise Friend","undefined","It may feel impossible, but sometimes, you just have to take the first step, even before you’re ready.","src/cards/004/characters/155-sisu-wise-friend.i18n.ts","translated"
"set4-156","7dm","ci_eXi","set4","156","character","The Queen","Diviner","CONSULT THE SPELLBOOK {E} — Look at the top 4 cards of your deck. You may reveal an item card and put it into your hand. If that item costs 3 or less, you may play it for free instead and it enters play exerted. Put the rest on the bottom of your deck in any order.","","src/cards/004/characters/156-the-queen-diviner.i18n.ts","translated"
"set4-157","kyi","ci_kyi","set4","157","character","Transformed Chef","Castle Stove","A CULINARY MASTERPIECE When you play this character, remove up to 2 damage from chosen character.","A good, hot meal will set you right as rain. —Mrs. Potts","src/cards/004/characters/157-transformed-chef-castle-stove.i18n.ts","translated"
"set4-158","0J0","ci_0J0","set4","158","character","Triton","Champion of Atlantica","Shift 6
IMPOSING PRESENCE Opposing characters get -1 {S} for each location you have in play.","","src/cards/004/characters/158-triton-champion-of-atlantica.i18n.ts","translated"
"set4-159","nit","ci_nit","set4","159","character","Triton","Discerning King","CONSIGN TO THE DEPTHS {E}, Banish one of your items — Gain 3 lore.","If this is the only way, so be it.","src/cards/004/characters/159-triton-discerning-king.i18n.ts","translated"
"set4-160","A80","ci_A80","set4","160","character","Triton","Young Prince","SUPERIOR SWIMMER During your turn, this character gains Evasive. (They can challenge characters with Evasive.)
KEEPER OF ATLANTICA Whenever one of your locations is banished, you may put that card into your inkwell facedown and exerted.","","src/cards/004/characters/160-triton-young-prince.i18n.ts","translated"
"set4-161","DHE","ci_DHE","set4","161","character","Tuk Tuk","Curious Partner","undefined","Some say he's easily distracted. They're not wrong... —Raya","src/cards/004/characters/161-tuk-tuk-curious-partner.i18n.ts","translated"
"set4-162","Cxc","ci_VM4","set4","162","action","Dig a Little Deeper","","Sing Together 8 (Any number of your or your teammates' characters with total cost 8 or more may {E} to sing this song for free.)
Look at the top 7 cards of your deck. Put 2 into your hand. Put the rest on the bottom of your deck in any order.","","src/cards/004/actions/162-dig-a-little-deeper.i18n.ts","translated"
"set4-163","XMc","ci_XMc","set4","163","action","Glean","","Banish chosen item. Its player gains 2 lore.","This could be just the thing I need to get my invention working.","src/cards/004/actions/163-glean.i18n.ts","translated"
"set4-164","2xE","ci_2xE","set4","164","action","Seldom All They Seem","","Chosen character gets -3 {S} this turn.","I know you I walked with you once upon a dream","src/cards/004/actions/164-seldom-all-they-seem.i18n.ts","translated"
"set4-165","WWB","ci_WWB","set4","165","action","Treasures Untold","","Return up to 2 item cards from your discard into your hand.","How many wonders can one cavern hold?","src/cards/004/actions/165-treasures-untold.i18n.ts","translated"
"set4-166","DSK","ci_DSK","set4","166","item","Field of Ice","","ICY DEFENSE Whenever you play a character, they gain Resist +1 until the start of your next turn.","","src/cards/004/items/166-field-of-ice.i18n.ts","translated"
"set4-167","BvX","ci_BvX","set4","167","item","Great Stone Dragon","","ASLEEP This item enters play exerted.
AWAKEN {E} — Put a character card from your discard into your inkwell facedown and exerted.","","src/cards/004/items/167-great-stone-dragon.i18n.ts","translated"
"set4-168","uYP","ci_uYP","set4","168","item","Ice Block","","CHILLY LABOR {E} — Chosen character gets -1 {S} this turn.","Frozen ink can be harvested and processed to many useful ends.","src/cards/004/items/168-ice-block.i18n.ts","translated"
"set4-169","OoJ","ci_9tr","set4","169","location","Ariel’s Grotto","A Secret Place","TREASURE TROVE While you have 3 or more items in play, this location gets +2 {L}.","","src/cards/004/locations/169-ariels-grotto-a-secret-place.i18n.ts","translated"
"set4-170","oLN","ci_oLN","set4","170","location","Winter Camp","Medical Tent","HELP THE WOUNDED Whenever a character quests while here, remove up to 2 damage from them. If they're a Hero character, remove up to 4 damage instead.","","src/cards/004/locations/170-winter-camp-medical-tent.i18n.ts","translated"
"set4-171","KQ7","ci_KQ7","set4","171","character","Aladdin","Brave Rescuer","Shift: Discard a location card (You may discard a location card to play this on top of one of your characters named Aladdin.)
CRASHING THROUGH Whenever this character quests, you may banish chosen item.","","src/cards/004/characters/171-aladdin-brave-rescuer.i18n.ts","translated"
"set4-172","LOo","ci_LOo","set4","172","character","Aladdin","Resolute Swordsman","undefined","How about we cut to the part where I make a quick escape and you yell after me? No? Can’t say I didn’t give you a chance.","src/cards/004/characters/172-aladdin-resolute-swordsman.i18n.ts","translated"
"set4-173","6DG","ci_6DG","set4","173","character","Arges","The Cyclops","undefined","Looks like you got some big feelings there, buddy—let's stomp ’em out! —Hades","src/cards/004/characters/173-arges-the-cyclops.i18n.ts","translated"
"set4-174","Z4g","ci_uu8","set4","174","character","Ariel","Determined Mermaid","I WANT MORE Whenever you play a song, you may draw a card, then choose and discard a card.","Everything she’s ever wanted is almost in reach.","src/cards/004/characters/174-ariel-determined-mermaid.i18n.ts","translated"
"set4-175","S0Z","ci_8ZB","set4","175","character","Ariel","Sonic Warrior","Shift 4
AMPLIFIED VOICE Whenever you play a song, you may pay 2 {I} to deal 3 damage to chosen character.","","src/cards/004/characters/175-ariel-sonic-warrior.i18n.ts","translated"
"set4-176","P74","ci_P74","set4","176","character","Beast","Thick-Skinned","Resist +1","He's even tougher than he looks.","src/cards/004/characters/176-beast-thick-skinned.i18n.ts","translated"
"set4-177","XGm","ci_XGm","set4","177","character","Chi-Fu","Imperial Advisor","OVERLY CAUTIOUS While this character has no damage, he gets +2 {L}.","You, there! Keep that fighting away from here! It is imperative that I write to the Emperor.","src/cards/004/characters/177-chi-fu-imperial-advisor.i18n.ts","translated"
"set4-178","Z6w","ci_Z6w","set4","178","character","Chien-Po","Imperial Soldier","Bodyguard","","src/cards/004/characters/178-chien-po-imperial-soldier.i18n.ts","translated"
"set4-179","HUY","ci_QUn","set4","179","character","Donald Duck","Buccaneer","BOARDING PARTY During your turn, whenever this character banishes a character in a challenge, your other characters get +1 {L} this turn.","Nobody stands a chance against the daring duck of the high seas!","src/cards/004/characters/179-donald-duck-buccaneer.i18n.ts","translated"
"set4-180","FCJ","ci_ZfB","set4","180","character","Hercules","Beloved Hero","Bodyguard
Resist +1","","src/cards/004/characters/180-hercules-beloved-hero.i18n.ts","translated"
"set4-181","ggW","ci_ggW","set4","181","character","LeFou","Opportunistic Flunky","I LEARNED FROM THE BEST During your turn, you may play this character for free if an opposing character was banished in a challenge this turn.",".","src/cards/004/characters/181-lefou-opportunistic-flunky.i18n.ts","translated"
"set4-182","5lW","ci_8Te","set4","182","character","Li Shang","Imperial Captain","undefined","Immovable as a mountain and fierce as a dragon—the Empire's finest warrior.","src/cards/004/characters/182-li-shang-imperial-captain.i18n.ts","translated"
"set4-183","HyV","ci_HyV","set4","183","character","Ling","Imperial Soldier","FULL OF SPIRIT Your Hero characters get +1 {S}.","A good friend is handy in a fight.","src/cards/004/characters/183-ling-imperial-soldier.i18n.ts","translated"
"set4-184","sIB","ci_sIB","set4","184","character","Luisa Madrigal","Rock of the Family","I'M THE STRONG ONE While you have another character in play, this character gets +2 {S}.","There's no way Ursula's creatures are getting to that donkey.","src/cards/004/characters/184-luisa-madrigal-rock-of-the-family.i18n.ts","translated"
"set4-185","KvN","ci_KvN","set4","185","character","Magic Broom","Aerial Cleaner","WINGED FOR A DAY During your turn, this character gains Evasive. (They can challenge characters with Evasive.)","It spends its days keeping the treasured glimmers in the Hall of Lorcana sparkling clean.","src/cards/004/characters/185-magic-broom-aerial-cleaner.i18n.ts","translated"
"set4-186","g7O","ci_g7O","set4","186","character","Magic Broom","Brigade Commander","Resist +1
ARMY OF BROOMS This character gets +2 {S} for each other character named Magic Broom you have in play.","","src/cards/004/characters/186-magic-broom-brigade-commander.i18n.ts","translated"
"set4-187","QEb","ci_QEb","set4","187","character","Mickey Mouse","Playful Sorcerer","Shift 3
Resist +1
SWEEP AWAY When you play this character, deal damage to chosen character equal to the number of Broom characters you have in play.","","src/cards/004/characters/187-mickey-mouse-playful-sorcerer.i18n.ts","translated"
"set4-188","IJ9","ci_7BU","set4","188","character","Mickey Mouse","Standard Bearer","STAND STRONG When you play this character, chosen character gains Challenger +2 this turn. (They get +2 {S} while challenging.)","He sets the standard for intrepid adventurers everywhere.","src/cards/004/characters/188-mickey-mouse-standard-bearer.i18n.ts","translated"
"set4-189","104","ci_6Mp","set4","189","character","Mulan","Armored Fighter","undefined","Maybe what I really wanted was to prove I could do things right, so when I looked in the mirror, I’d see someone worthwhile.","src/cards/004/characters/189-mulan-armored-fighter.i18n.ts","translated"
"set4-190","Lpe","ci_C1p","set4","190","character","Philoctetes","No-Nonsense Instructor","YOU GOTTA STAY FOCUSED Your Hero characters gain Challenger +1. (They get +1 {S} while challenging.)
SHAMELESS PROMOTER Whenever you play a Hero character, gain 1 lore.","","src/cards/004/characters/190-philoctetes-no-nonsense-instructor.i18n.ts","translated"
"set4-191","ATc","ci_W5R","set4","191","character","Piglet","Sturdy Swordsman","Resist +1
NOT SO SMALL ANYMORE While you have no cards in your hand, this character can challenge ready characters.","","src/cards/004/characters/191-piglet-sturdy-swordsman.i18n.ts","translated"
"set4-192","SUh","ci_SUh","set4","192","character","Rajah","Royal Protector","STEADY GAZE While you have no cards in your hand, characters with cost 4 or less can't challenge this character.","As regal as his namesake and just as powerful.","src/cards/004/characters/192-rajah-royal-protector.i18n.ts","translated"
"set4-193","u57","ci_u57","set4","193","character","Raya","Unstoppable Force","Challenger +2
Resist +2
YOU GAVE IT YOUR BEST During your turn, whenever this character banishes another character in a challenge, you may draw a card.","","src/cards/004/characters/193-raya-unstoppable-force.i18n.ts","translated"
"set4-194","0wR","ci_0wR","set4","194","character","Yao","Imperial Soldier","Challenger +2","I'm gonna hit you so hard, it'll make your ancestors dizzy.","src/cards/004/characters/194-yao-imperial-soldier.i18n.ts","translated"
"set4-195","4mu","ci_4mu","set4","195","action","Avalanche","","Deal 1 damage to each opposing character. You may banish chosen location.","A little snow never hurt anyone. That big rock, however...","src/cards/004/actions/195-avalanche.i18n.ts","translated"
"set4-196","40P","ci_lHK","set4","196","action","I Find ’Em, I Flatten ’Em","","Banish all items.","I don’t ask how hard the work is Got a rough, indestructible surface","src/cards/004/actions/196-i-find-em-i-flatten-em.i18n.ts","translated"
"set4-197","hKo","ci_qmz","set4","197","action","One Last Hope","","Chosen character gains Resist +2 until the start of your next turn. If a Hero character is chosen, they may also challenge ready characters this turn.","","src/cards/004/actions/197-one-last-hope.i18n.ts","translated"
"set4-198","FC7","ci_f4c","set4","198","action","The Mob Song","","Sing Together 10 (Any number of your or your teammates' characters with total cost 10 or more may {E} to sing this song for free.)
Deal 3 damage to up to 3 chosen characters and/or locations.","","src/cards/004/actions/198-the-mob-song.i18n.ts","translated"
"set4-199","DrR","ci_DrR","set4","199","action","Triton's Decree","","Each opponent chooses one of their characters and deals 2 damage to them.","Ursula's foul creatures are not welcome in my kingdom!","src/cards/004/actions/199-tritons-decree.i18n.ts","translated"
"set4-200","PSk","ci_PSk","set4","200","item","Fortisphere","","RESOURCEFUL When you play this item, you may draw a card.
EXTRACT OF STEEL 1 {I}, Banish this item — Chosen character of yours gains Bodyguard until the start of your next turn. (An opposing character who challenges one of your characters must choose one with Bodyguard if able.)","","src/cards/004/items/200-fortisphere.i18n.ts","translated"
"set4-201","qox","ci_qox","set4","201","item","Imperial Bow","","WITHIN RANGE {E}, 1 {I} — Chosen Hero character gains Challenger +2 and Evasive this turn. (They get +2 {S} while challenging. They can challenge characters with Evasive.)","","src/cards/004/items/201-imperial-bow.i18n.ts","translated"
"set4-202","gkg","ci_gkg","set4","202","item","RLS Legacy's Cannon","","BA-BOOM! {E}, 2 {I}, Discard a card — Deal 2 damage to chosen character or location.","So help me, l’ll use the ship’s cannons to blast ya all to kingdom come! —John Silver","src/cards/004/items/202-rls-legacys-cannon.i18n.ts","translated"
"set4-203","a8H","ci_oUR","set4","203","location","The Wall","Border Fortress","PROTECT THE REALM While you have an exerted character here, your other locations can't be challenged.","","src/cards/004/locations/203-the-wall-border-fortress.i18n.ts","translated"
"set4-204","SOw","ci_SOw","set4","204","location","Thebes","The Big Olive","IF YOU CAN MAKE IT HERE... During your turn, whenever a character banishes another character in a challenge while here, gain 2 lore.","","src/cards/004/locations/204-thebes-the-big-olive.i18n.ts","translated"
"set4-205-enchanted","N9b","ci_rND","set4","205","character","Cinderella","Melody Weaver","Singer 9
BEAUTIFUL VOICE Whenever this character sings a song, your other Princess characters get +1 {L} this turn.","","src/cards/004/characters/205-cinderella-melody-weaver-enchanted.i18n.ts","translated"
"set4-206-enchanted","VWw","ci_AWE","set4","206","character","Minnie Mouse","Musketeer Champion","Bodyguard
DRAMATIC ENTRANCE When you play this character, banish chosen opposing character with 5 {S} or more.","","src/cards/004/characters/206-minnie-mouse-musketeer-champion-enchanted.i18n.ts","translated"
"set4-207-enchanted","sws","ci_ClP","set4","207","action","Look at This Family","","Sing Together 7 (Any number of your or your teammates' characters with total cost 7 or more may {E} to sing this song for free.)
Look at the top 5 cards of your deck. You may reveal up to 2 character cards and put them into your hand. Put the rest on the bottom of your deck in any order.","","src/cards/004/actions/207-look-at-this-family-enchanted.i18n.ts","translated"
"set4-208-enchanted","PHK","ci_CCz","set4","208","character","Ursula","Sea Witch Queen","Shift 5
NOW I AM THE RULER! Whenever this character quests, exert chosen character.
YOU'LL LISTEN TO ME! Other characters can't exert to sing songs.","","src/cards/004/characters/208-ursula-sea-witch-queen-enchanted.i18n.ts","translated"
"set4-209-enchanted","LEt","ci_iNw","set4","209","character","Yen Sid","Powerful Sorcerer","TIMELY INTERVENTION When you play this character, if you have a character named Magic Broom in play, you may draw a card.
ARCANE STUDY While you have 2 or more Broom characters in play, this character gets +2 {L}.","","src/cards/004/characters/209-yen-sid-powerful-sorcerer-enchanted.i18n.ts","translated"
"set4-210-enchanted","B4E","ci_oGQ","set4","210","action","Second Star to the Right","","Sing Together 10 (Any number of your or your teammates' characters with total cost 10 or more may {E} to sing this song for free.)
Chosen player draws 5 cards.","","src/cards/004/actions/210-second-star-to-the-right-enchanted.i18n.ts","translated"
"set4-211-enchanted","JXe","ci_Ljv","set4","211","character","Diablo","Devoted Herald","Shift: Discard an action card (You may discard an action card to play this on top of one of your characters named Diablo.)
Evasive
CIRCLE FAR AND WIDE During each opponent's turn, whenever they draw a card while this character is exerted, you may draw a card.","","src/cards/004/characters/211-diablo-devoted-herald-enchanted.i18n.ts","translated"
"set4-212-enchanted","Mb1","ci_C4u","set4","212","character","Jasmine","Desert Warrior","CUNNING MANEUVER When you play this character and whenever she's challenged, each opponent chooses and discards a card.","","src/cards/004/characters/212-jasmine-desert-warrior-enchanted.i18n.ts","translated"
"set4-213-enchanted","wyK","ci_Xd1","set4","213","action","We Don’t Talk About Bruno","","Return chosen character to their player's hand, then that player discards a card at random.","","src/cards/004/actions/213-we-dont-talk-about-bruno-enchanted.i18n.ts","translated"
"set4-214-enchanted","MG7","ci_EA0","set4","214","character","Goofy","Super Goof","Rush
SUPER PEANUT POWERS Whenever this character challenges another character, gain 2 lore.","","src/cards/004/characters/214-goofy-super-goof-enchanted.i18n.ts","translated"
"set4-215-enchanted","KNm","ci_bdj","set4","215","character","Sisu","Empowered Sibling","Shift 6
I GOT THIS! When you play this character, banish all opposing characters with 2 {S} or less.","","src/cards/004/characters/215-sisu-empowered-sibling-enchanted.i18n.ts","translated"
"set4-216-enchanted","Jde","ci_0Wx","set4","216","location","Snuggly Duckling","Disreputable Pub","ROUTINE RUCKUS Whenever a character with 3 {S} or more challenges another character while here, gain 1 lore. If the challenging character has 6 {S} or more, gain 3 lore instead.","","src/cards/004/locations/216-snuggly-duckling-disreputable-pub-enchanted.i18n.ts","translated"
"set4-217-enchanted","i7j","ci_0rK","set4","217","character","Anna","True-Hearted","LET ME HELP YOU Whenever this character quests, your other Hero characters get +1 {L} this turn.","","src/cards/004/characters/217-anna-true-hearted-enchanted.i18n.ts","translated"
"set4-218-enchanted","bYq","ci_eXi","set4","218","character","The Queen","Diviner","CONSULT THE SPELLBOOK {E} — Look at the top 4 cards of your deck. You may reveal an item card and put it into your hand. If that item costs 3 or less, you may play it for free instead and it enters play exerted. Put the rest on the bottom of your deck in any order.","","src/cards/004/characters/218-the-queen-diviner-enchanted.i18n.ts","translated"
"set4-219-enchanted","nJt","ci_9tr","set4","219","location","Ariel’s Grotto","A Secret Place","TREASURE TROVE While you have 3 or more items in play, this location gets +2 {L}.","","src/cards/004/locations/219-ariels-grotto-a-secret-place-enchanted.i18n.ts","translated"
"set4-220-enchanted","yaN","ci_8ZB","set4","220","character","Ariel","Sonic Warrior","Shift 4
AMPLIFIED VOICE Whenever you play a song, you may pay 2 {I} to deal 3 damage to chosen character.","","src/cards/004/characters/220-ariel-sonic-warrior-enchanted.i18n.ts","translated"
"set4-221-enchanted","Yuk","ci_W5R","set4","221","character","Piglet","Sturdy Swordsman","Resist +1
NOT SO SMALL ANYMORE While you have no cards in your hand, this character can challenge ready characters.","","src/cards/004/characters/221-piglet-sturdy-swordsman-enchanted.i18n.ts","translated"
"set4-222-enchanted","asZ","ci_oUR","set4","222","location","The Wall","Border Fortress","PROTECT THE REALM While you have an exerted character here, your other locations can't be challenged.","","src/cards/004/locations/222-the-wall-border-fortress-enchanted.i18n.ts","translated"
"set4-223-epic","bnE","ci_iNw","set4","223","character","Yen Sid","Powerful Sorcerer","TIMELY INTERVENTION When you play this character, if you have a character named Magic Broom in play, you may draw a card.
ARCANE STUDY While you have 2 or more Broom characters in play, this character gets +2 {L}.","","src/cards/004/characters/223-yen-sid-powerful-sorcerer-epic.i18n.ts","translated"
"set4-224-epic","7yl","ci_9XN","set4","224","character","Mulan","Elite Archer","Shift 5
STRAIGHT SHOOTER When you play this character, if you used Shift to play her, she gets +3 {S} this turn.
TRIPLE SHOT During your turn, whenever this character deals damage to another character in a challenge, deal the same amount of damage to up to 2 other chosen characters.","","src/cards/004/characters/224-mulan-elite-archer-epic.i18n.ts","translated"
"set4-225-epic","OnI","ci_QEb","set4","225","character","Mickey Mouse","Playful Sorcerer","Shift 3
Resist +1
SWEEP AWAY When you play this character, deal damage to chosen character equal to the number of Broom characters you have in play.","","src/cards/004/characters/225-mickey-mouse-playful-sorcerer-epic.i18n.ts","translated"
"set4-d23-004","5dT","ci_gZa","set4-d23","4","character","Bruno Madrigal","Undetected Uncle","Evasive

\You Just Have to See It \ {E} — Name a card, then reveal the top card of your deck. If it's the named card, put that card into your hand and gain 3 lore. Otherwise, put it on the top of your deck.","","src/cards/004/characters/d23-004-bruno-madrigal-undetected-uncle.i18n.ts","translated"
"set4-d23-007","Y3Q","ci_QEb","set4-d23","7","character","Mickey Mouse","Playful Sorcerer","Shift 3
Resist +1
\Sweep Away\ When you play this character, deal damage to chosen character equal to the number of Broom characters you have in play.","","src/cards/004/characters/d23-007-mickey-mouse-playful-sorcerer.i18n.ts","translated"
"set4-p1-034-promo","T05","ci_HGH","set4-p1","34","character","Mickey Mouse","Leader of the Band","Support
STRIKE UP THE MUSIC When you play this character, chosen character gains Support this turn.","","src/cards/004/characters/p1-034-mickey-mouse-leader-of-the-band-promo.i18n.ts","translated"
"set4-p1-035-promo","vIo","ci_S9h","set4-p1","35","location","Ursula’s Lair","Eye of the Storm","SLIPPERY HALLS Whenever a character is banished in a challenge while here, you may return them to your hand.
SEAT OF POWER Characters named Ursula get +1 {L} while here.","","src/cards/004/locations/p1-035-ursulas-lair-eye-of-the-storm-promo.i18n.ts","translated"
"set4-p1-036-promo","06I","ci_SVb","set4-p1","36","item","Hidden Inkcaster","","FRESH INK When you play this item, draw a card.
UNEXPECTED TREASURE All cards in your hand count as having {IW}.","","src/cards/004/items/p1-036-hidden-inkcaster-promo.i18n.ts","translated"
"set4-p1-037-promo","b6X","ci_laZ","set4-p1","37","character","Mulan","Enemy of Entanglement","TIME TO SHINE Whenever you play an action, this character gets +2 {S} this turn.","","src/cards/004/characters/p1-037-mulan-enemy-of-entanglement-promo.i18n.ts","translated"
"set4-p1-038-challenge","sX5","ci_CCz","set4-p1","38","character","Ursula","Sea Witch Queen","Shift 5
NOW I AM THE RULER! Whenever this character quests, exert chosen character.
YOU'LL LISTEN TO ME! Other characters can't exert to sing songs.","","src/cards/004/characters/p1-038-ursula-sea-witch-queen-challenge.i18n.ts","translated"
"set4-p1-040-promo","SOW","ci_Lt9","set4-p1","40","character","Flotsam & Jetsam","Entangling Eels","Shift: Discard 2 cards (You may discard 2 cards to play this on top of one of your characters named Flotsam or Jetsam.)
(This character counts as being named both Flotsam and Jetsam.)","","src/cards/004/characters/p1-040-flotsam-jetsam-entangling-eels-promo.i18n.ts","translated"
"set4-p3-015-promo","sss","ci_QUn","set4-p3","15","character","Donald Duck","Buccaneer","BOARDING PARTY During your turn, whenever this character banishes a character in a challenge, your other characters get +1 {L} this turn.","","src/cards/004/characters/p3-015-donald-duck-buccaneer-promo.i18n.ts","translated"
"set4-p3-041-promo","Oa5","ci_4lK","set4-p3","41","character","Belle","Accomplished Mystic","Shift 3
ENHANCED HEALING When you play this character, move up to 3 damage counters from chosen character to chosen opposing character.","","src/cards/004/characters/p3-041-belle-accomplished-mystic-promo.i18n.ts","translated"
"set5-001","4iY","ci_4iY","set5","1","character","Koda","Talkative Cub","TELL EVERYBODY During opponents' turns, you can't lose lore.","I mean, I don’t want to brag or nothing, but I got some moves.","src/cards/005/characters/001-koda-talkative-cub.i18n.ts","translated"
"set5-002","HeX","ci_HeX","set5","2","character","Nala","Mischievous Cub","undefined","The Lorcana Hide-and-Seek Championship was hers for the taking.","src/cards/005/characters/002-nala-mischievous-cub.i18n.ts","translated"
"set5-003","no3","ci_hWb","set5","3","character","Prince Naveen","Ukulele Player","Singer 6
IT'S BEAUTIFUL, NO? When you play this character, you may play a song with cost 6 or less for free.","","src/cards/005/characters/003-prince-naveen-ukulele-player.i18n.ts","translated"
"set5-004","6Ic","ci_6Ic","set5","4","character","Rutt","Northern Moose","Support","Let's find some nice twigs, eh? I could use a snack!","src/cards/005/characters/004-rutt-northern-moose.i18n.ts","translated"
"set5-005","6WD","ci_6WD","set5","5","character","Kenai","Big Brother","BROTHERS FOREVER While this character is exerted, your characters named Koda can't be challenged.","You have to look after your little brother, no matter how big a pain he is. —Kenai","src/cards/005/characters/005-kenai-big-brother.i18n.ts","translated"
"set5-006","Xwz","ci_Xwz","set5","6","character","Vanellope von Schweetz","Sugar Rush Champ","undefined","Look, the code may say I’m a princess, but I know who I really am....","src/cards/005/characters/006-vanellope-von-schweetz-sugar-rush-champ.i18n.ts","translated"
"set5-007","GYp","ci_GYp","set5","7","character","Tuke","Northern Moose","undefined","I'd love a snack, but I'm kinda tied up right now.","src/cards/005/characters/007-tuke-northern-moose.i18n.ts","translated"
"set5-008","s1Y","ci_s1Y","set5","8","character","Lilo","Junior Cake Decorator","Support","Peanut butter and pineapple! This’ll be the best cake ever!","src/cards/005/characters/008-lilo-junior-cake-decorator.i18n.ts","translated"
"set5-009","gcm","ci_gcm","set5","9","character","Vanellope von Schweetz","Candy Mechanic","YOU'VE GOT TO PAY TO PLAY Whenever this character quests, chosen opposing character gets -1 {S} until the start of your next turn.","I’ll take whatever you’ve got . . . as long as it’s got sugar in it.","src/cards/005/characters/009-vanellope-von-schweetz-candy-mechanic.i18n.ts","translated"
"set5-010","pKi","ci_pKi","set5","10","character","Fix-It Felix, Jr.","Trusty Builder","Bodyguard","Golly, this place is going to take some real fixing!","src/cards/005/characters/010-fix-it-felix-jr-trusty-builder.i18n.ts","translated"
"set5-011","5Ov","ci_5Ov","set5","11","character","Gazelle","Pop Star","Singer 5","Good evening, Lorcana! We’re here tonight to celebrate what’s possible when we stand together as one.","src/cards/005/characters/011-gazelle-pop-star.i18n.ts","translated"
"set5-012","zoW","ci_zoW","set5","12","character","Fix-It Felix, Jr.","Niceland Steward","Shift 3
BUILDING TOGETHER Your locations get +2 {W}.","","src/cards/005/characters/012-fix-it-felix-jr-niceland-steward.i18n.ts","translated"
"set5-013","blx","ci_8g7","set5","13","character","Kristoff","Reindeer Keeper","SONG OF THE HERD For each song card in your discard, you pay 1 {I} less to play this character.
Bodyguard","","src/cards/005/characters/013-kristoff-reindeer-keeper.i18n.ts","translated"
"set5-014","284","ci_t20","set5","14","character","Mirabel Madrigal","Family Gatherer","NOT WITHOUT MY FAMILY You can't play this character unless you have 5 or more characters in play.","There’s nothing we can’t accomplish together!","src/cards/005/characters/014-mirabel-madrigal-family-gatherer.i18n.ts","translated"
"set5-015","p71","ci_p71","set5","15","character","Minnie Mouse","Drum Major","Shift 4
PARADE ORDER When you play this character, if you used Shift to play her, you may search your deck for a character card and reveal that card to all players. Shuffle your deck and put that card on top of it.","","src/cards/005/characters/015-minnie-mouse-drum-major.i18n.ts","translated"
"set5-016","lih","ci_lih","set5","16","character","Daisy Duck","Donald's Date","BIG PRIZE Whenever this character quests, each opponent reveals the top card of their deck. If it's a character card, they may put it into their hand. Otherwise, they put it on the bottom of their deck.","","src/cards/005/characters/016-daisy-duck-donalds-date.i18n.ts","translated"
"set5-017","3wx","ci_3wx","set5","17","character","Fix-It Felix, Jr.","Delighted Sightseer","OH, MY LAND! When you play this character, if you have a location in play, draw a card.","I don’t think I’ve ever seen anything as sweet as this.","src/cards/005/characters/017-fix-it-felix-jr-delighted-sightseer.i18n.ts","translated"
"set5-018","plr","ci_plr","set5","18","character","Moana","Determined Explorer","undefined","Investigate every part of the Illuminary, find the chromicons, restore the Illuminary, how hard can it—wait, what was that noise?","src/cards/005/characters/018-moana-determined-explorer.i18n.ts","translated"
"set5-019","FSG","ci_FSG","set5","19","character","Vanellope von Schweetz","Sugar Rush Princess","Shift 2
I HEREBY DECREE Whenever you play another Princess character, all opposing characters get -1 {S} until the start of your next turn.","","src/cards/005/characters/019-vanellope-von-schweetz-sugar-rush-princess.i18n.ts","translated"
"set5-020","Jj0","ci_Jj0","set5","20","character","Alan-a-Dale","Rockin' Rooster","FAN FAVORITE Whenever you play a song, gain 1 lore.","Thank you! Now here's a little ditty for our floodborn friends that we call 'Martin and the Flood.'","src/cards/005/characters/020-alan-a-dale-rockin-rooster.i18n.ts","translated"
"set5-021","rui","ci_rui","set5","21","character","Wreck-It Ralph","Admiral Underpants","I'VE GOT THE COOLEST FRIEND When you play this character, return a character card from your discard to your hand. If that card is a Princess character card, gain 2 lore.","If he must give a victory speech, he’ll keep it brief.","src/cards/005/characters/021-wreck-it-ralph-admiral-underpants.i18n.ts","translated"
"set5-022","w0u","ci_w0u","set5","22","character","Maid Marian","Lady of the Lists","IF IT PLEASES THE LADY When you play this character, chosen opposing character gets -5 {S} until the start of your next turn.","And who might you be, my knight and champion?","src/cards/005/characters/022-maid-marian-lady-of-the-lists.i18n.ts","translated"
"set5-023","DzB","ci_DzB","set5","23","character","Sven","Reindeer Steed","REINDEER GAMES When you play this character, you may ready chosen character. They can't quest or challenge for the rest of this turn.","","src/cards/005/characters/023-sven-reindeer-steed.i18n.ts","translated"
"set5-024","pv2","ci_pv2","set5","24","character","Minnie Mouse","Compassionate Friend","PATCH THEM UP Whenever this character quests, you may remove up to 2 damage from chosen character.","Oh my! Is that part of the Illuminary? I have to go help!","src/cards/005/characters/024-minnie-mouse-compassionate-friend.i18n.ts","translated"
"set5-025","2yZ","ci_2yZ","set5","25","action","Try Everything","","Remove up to 3 damage from chosen character and ready them. They can't quest or challenge for the rest of this turn.","I want to try even though I could fail","src/cards/005/actions/025-try-everything.i18n.ts","translated"
"set5-026","b5J","ci_b5J","set5","26","action","Healing Touch","","Remove up to 4 damage from chosen character. Draw a card.","The heart is not so easily changed, but the head can be persuaded. —Grand Pabbie","src/cards/005/actions/026-healing-touch.i18n.ts","translated"
"set5-027","079","ci_s1g","set5","27","action","Revive","","Play a character card with cost 5 or less from your discard for free.","Not all that is lost is gone forever.","src/cards/005/actions/027-revive.i18n.ts","translated"
"set5-028","hV2","ci_hV2","set5","28","action","Blast from Your Past","","Name a card. Return all character cards with that name from your discard to your hand.","","src/cards/005/actions/028-blast-from-your-past.i18n.ts","translated"
"set5-029","20P","ci_20P","set5","29","action","Invited to the Ball","","Reveal the top 2 cards of your deck. Put revealed character cards into your hand. Put the rest on the bottom of your deck in any order.","","src/cards/005/actions/029-invited-to-the-ball.i18n.ts","translated"
"set5-030","5HB","ci_5HB","set5","30","item","Healing Decanter","","RENEWING ESSENCE {E} — Remove up to 2 damage from chosen character.","","src/cards/005/items/030-healing-decanter.i18n.ts","translated"
"set5-031","Xs0","ci_Xs0","set5","31","item","Queen's Sensor Core","","SYMBOL OF NOBILITY At the start of your turn, if you have a Princess or Queen character in play, gain 1 lore.
ROYAL SEARCH {E}, 2 {I} — Reveal the top card of your deck. If it's a Princess or Queen character card, you may put it into your hand. Otherwise, put it on the top of your deck.","","src/cards/005/items/031-queens-sensor-core.i18n.ts","translated"
"set5-032","1vP","ci_1vP","set5","32","item","Amber Chromicon","","AMBER LIGHT {E} — Remove up to 1 damage from each of your characters.","Comfort the weak and weary. —Inscription","src/cards/005/items/032-amber-chromicon.i18n.ts","translated"
"set5-033","RU5","ci_RU5","set5","33","location","Rapunzel's Tower","Secluded Prison","SAFE AND SOUND Characters get +3 {W} while here.","It's a scary world out there. —Mother Gothel","src/cards/005/locations/033-rapunzels-tower-secluded-prison.i18n.ts","translated"
"set5-034","sC1","ci_sC1","set5","34","location","Pride Lands","Jungle Oasis","OUR HUMBLE HOME While you have 3 or more characters here, you may banish this location to play a character from your discard for free.","","src/cards/005/locations/034-pride-lands-jungle-oasis.i18n.ts","translated"
"set5-035","IEz","ci_IEz","set5","35","character","Maleficent","Formidable Queen","Shift 6
LISTEN WELL, ALL OF YOU When you play this character, for each of your characters named Maleficent in play, return a chosen opposing character, item, or location with cost 3 or less to their player's hand.","","src/cards/005/characters/035-maleficent-formidable-queen.i18n.ts","translated"
"set5-036","0UL","ci_0UL","set5","36","character","The Nokk","Mythical Spirit","TURNING TIDES When you play this character, you may move up to 2 damage counters from chosen character to chosen opposing character.","","src/cards/005/characters/036-the-nokk-mythical-spirit.i18n.ts","translated"
"set5-037","Usw","ci_Usw","set5","37","character","Cogsworth","Illuminary Watchman","TIME TO MOVE IT! When you play this character, chosen character gains Rush this turn. (They can challenge the turn they're played.)","Step to it! Time is of the essence.","src/cards/005/characters/037-cogsworth-illuminary-watchman.i18n.ts","translated"
"set5-038","Xwi","ci_Xwi","set5","38","character","Merlin","Turtle","GIVE ME TIME TO THINK When you play this character and when he leaves play, look at the top 2 cards of your deck. Put one on the top of your deck and the other on the bottom.","Don’t rush me, now—this is important.","src/cards/005/characters/038-merlin-turtle.i18n.ts","translated"
"set5-039","KbE","ci_0lB","set5","39","character","Archimedes","Exasperated Owl","Evasive","Hmph. What does an owl have to do to get a little peace and quiet around here?","src/cards/005/characters/039-archimedes-exasperated-owl.i18n.ts","translated"
"set5-040","K4I","ci_K4I","set5","40","character","Bruni","Fire Salamander","Evasive
PARTING GIFT When this character is banished, you may draw a card.","","src/cards/005/characters/040-bruni-fire-salamander.i18n.ts","translated"
"set5-041","hC5","ci_hC5","set5","41","character","Earth Giant","Living Mountain","UNEARTHED When you play this character, each opponent draws a card.","Who woke up the big guy?","src/cards/005/characters/041-earth-giant-living-mountain.i18n.ts","translated"
"set5-042","Ds5","ci_Ds5","set5","42","character","Gale","Wind Spirit","RECURRING GUST When this character is banished in a challenge, return this card to your hand.","","src/cards/005/characters/042-gale-wind-spirit.i18n.ts","translated"
"set5-043","QPW","ci_QPW","set5","43","character","White Rabbit","Royal Herald","undefined","Oh me, oh my! Did a piece just fall off the Illuminary?! I’ve got to tell someone before it’s too late, late, late!","src/cards/005/characters/043-white-rabbit-royal-herald.i18n.ts","translated"
"set5-044","jUU","ci_jUU","set5","44","character","Madam Mim","Elephant","A LITTLE GAME When you play this character, banish her or return another chosen character of yours to your hand.
SNEAKY MOVE At the start of your turn, you may move up to 2 damage counters from this character to chosen opposing character.","","src/cards/005/characters/044-madam-mim-elephant.i18n.ts","translated"
"set5-045","GTb","ci_GTb","set5","45","character","Luisa Madrigal","Entertaining Muscle","undefined","This is just a warm-up, folks! Wait ’til you see the big finale!","src/cards/005/characters/045-luisa-madrigal-entertaining-muscle.i18n.ts","translated"
"set5-046","JaG","ci_JaG","set5","46","character","Anna","Mystical Majesty","Shift 4
EXCEPTIONAL POWER When you play this character, exert all opposing characters.","","src/cards/005/characters/046-anna-mystical-majesty.i18n.ts","translated"
"set5-047","IT1","ci_CCb","set5","47","character","Archimedes","Electrified Owl","Shift 3
Evasive
Challenger +3","","src/cards/005/characters/047-archimedes-electrified-owl.i18n.ts","translated"
"set5-048","3zi","ci_BaR","set5","48","character","Elsa","The Fifth Spirit","Rush
Evasive
CRYSTALLIZE When you play this character, exert chosen opposing character.","","src/cards/005/characters/048-elsa-the-fifth-spirit.i18n.ts","translated"
"set5-049","zYB","ci_zYB","set5","49","character","Genie","Main Attraction","PHENOMENAL SHOWMAN While this character is exerted, opposing characters can't ready at the start of their turn.","Keep your eyes on me, folks! It's time for a little prestidigitation!","src/cards/005/characters/049-genie-main-attraction.i18n.ts","translated"
"set5-050","ghy","ci_8YL","set5","50","character","Olaf","Happy Passenger","CLEAR THE PATH For each exerted character opponents have in play, you pay 1 {I} less to play this character.
Evasive","","src/cards/005/characters/050-olaf-happy-passenger.i18n.ts","translated"
"set5-051","3T9","ci_3T9","set5","51","character","Maleficent","Vexed Partygoer","WHAT AN AWKWARD SITUATION Whenever this character quests, you may choose and discard a card to return chosen character, item, or location with cost 3 or less to their player's hand.","","src/cards/005/characters/051-maleficent-vexed-partygoer.i18n.ts","translated"
"set5-052","Adw","ci_Adw","set5","52","character","Monstro","Whale of a Whale","undefined","The great beast breached the surface of the Azurite Sea, and the cry went out, Monstro! Monstro!","src/cards/005/characters/052-monstro-whale-of-a-whale.i18n.ts","translated"
"set5-053","8Yk","ci_8Yk","set5","53","character","Magica De Spell","Cruel Sorceress","PLAYING WITH POWER During opponents' turns, if an effect would cause you to discard one or more cards from your hand, you don't discard.","","src/cards/005/characters/053-magica-de-spell-cruel-sorceress.i18n.ts","translated"
"set5-054","vpH","ci_vpH","set5","54","character","Maleficent","Vengeful Sorceress","undefined","Evidently my invitation was lost. How dreadful. Here, let me help with the decorations...","src/cards/005/characters/054-maleficent-vengeful-sorceress.i18n.ts","translated"
"set5-055","q4q","ci_q4q","set5","55","character","Rafiki","Shaman Duelist","Rush
SURPRISING SKILL When you play this character, he gains Challenger +4 this turn. (They get +4 {S} while challenging.)","","src/cards/005/characters/055-rafiki-shaman-duelist.i18n.ts","translated"
"set5-056","Bnt","ci_Bnt","set5","56","character","Anna","Eager Acolyte","GROWING POWERS When you play this character, each opponent chooses and exerts one of their ready characters.","Okay, I can totally move small stuff. I need something bigger... Where's Kristoff's sled?","src/cards/005/characters/056-anna-eager-acolyte.i18n.ts","translated"
"set5-057","350","ci_350","set5","57","character","King of Hearts","Monarch of Wonderland","PLEASING THE QUEEN {E} — Chosen exerted character can't ready at the start of their next turn.","By order of the king. You heard what she said!","src/cards/005/characters/057-king-of-hearts-monarch-of-wonderland.i18n.ts","translated"
"set5-058","LZo","ci_LZo","set5","58","character","Camilo Madrigal","Family Copycat","IMITATE Whenever this character quests, you may gain lore equal to the {L} of chosen other character of yours. Return that character to your hand.","","src/cards/005/characters/058-camilo-madrigal-family-copycat.i18n.ts","translated"
"set5-059","ZhD","ci_ZhD","set5","59","action","Hypnotic Strength","","Draw a card. Chosen character gains Challenger +2 this turn. (They get +2 {S} while challenging.)","Suddenly, Basil felt a strong desire to find the broken crown.","src/cards/005/actions/059-hypnotic-strength.i18n.ts","translated"
"set5-060","0kU","ci_6e1","set5","60","action","Finders Keepers","","Draw 3 cards.","Three wishes, comin' right up! —Iago","src/cards/005/actions/060-finders-keepers.i18n.ts","translated"
"set5-061","2Wp","ci_2Wp","set5","61","action","We Know the Way","","Shuffle chosen card from your discard into your deck. Reveal the top card of your deck. If it has the same name as the chosen card, you may play the revealed card for free. Otherwise, put it into your hand.","","src/cards/005/actions/061-we-know-the-way.i18n.ts","translated"
"set5-062","hDY","ci_hDY","set5","62","action","Gathering Knowledge and Wisdom","","Gain 2 lore.","Just think! All this knowledge was under our noses the whole time. We only had to look in the right place.","src/cards/005/actions/062-gathering-knowledge-and-wisdom.i18n.ts","translated"
"set5-063","ntG","ci_ntG","set5","63","action","Magical Aid","","Chosen character gains Challenger +3 and ""When this character is banished in a challenge, return this card to your hand"" this turn. (They get +3 {S} while challenging.)","You've got some power in your corner now! —Genie","src/cards/005/actions/063-magical-aid.i18n.ts","translated"
"set5-064","LA9","ci_LA9","set5","64","item","Retrosphere","","EXTRACT OF AMETHYST 2 {I}, Banish this item — Return chosen character, item, or location with cost 3 or less to their player's hand.","","src/cards/005/items/064-retrosphere.i18n.ts","translated"
"set5-065","Rbn","ci_o4o","set5","65","item","Half Hexwell Crown","","AN UNEXPECTED FIND {E}, 2 {I} — Draw a card.
A PERILOUS POWER {E}, 2 {I}, Discard a card — Exert chosen character.","The broken crown holds dark and mysterious powers.","src/cards/005/items/065-half-hexwell-crown.i18n.ts","translated"
"set5-066","12k","ci_12k","set5","66","item","Amethyst Chromicon","","AMETHYST LIGHT {E} — Each player may draw a card.","Seek not power for its own sake. —Inscription","src/cards/005/items/066-amethyst-chromicon.i18n.ts","translated"
"set5-067","kvC","ci_kvC","set5","67","location","Elsa's Ice Palace","Place of Solitude","ETERNAL WINTER When you play this location, choose an exerted character. While this location is in play, that character can't ready at the start of their turn.","","src/cards/005/locations/067-elsas-ice-palace-place-of-solitude.i18n.ts","translated"
"set5-068","7im","ci_7im","set5","68","location","The Library","A Gift for Belle","LOST IN A BOOK Whenever a character is banished while here, you may draw a card.","","src/cards/005/locations/068-the-library-a-gift-for-belle.i18n.ts","translated"
"set5-069","LKY","ci_LKY","set5","69","character","Robin Hood","Timely Contestant","TAG ME IN! For each 1 damage on opposing characters, you pay 1 {I} less to play this character.
Ward","","src/cards/005/characters/069-robin-hood-timely-contestant.i18n.ts","translated"
"set5-070","NoM","ci_NoM","set5","70","character","Shenzi","Scar's Accomplice","Evasive
EASY PICKINGS While challenging a damaged character, this character gets +2 {S}.","","src/cards/005/characters/070-shenzi-scars-accomplice.i18n.ts","translated"
"set5-071","Bph","ci_Bph","set5","71","character","Little John","Camp Cook","undefined","You’re in for a real treat, Rob. Tonight's house special is my famous outlaw grub. Made from the finest whatever we could find!","src/cards/005/characters/071-little-john-camp-cook.i18n.ts","translated"
"set5-072","M8t","ci_M8t","set5","72","character","Zazu","Advisor to Mufasa","Evasive","Oh, I guess one quick spin through the lights won't hurt.","src/cards/005/characters/072-zazu-advisor-to-mufasa.i18n.ts","translated"
"set5-073","5p6","ci_5p6","set5","73","character","Ulf","Mime","SILENT PERFORMANCE This character can't {E} to sing songs.","His performances are unspeakably good.","src/cards/005/characters/073-ulf-mime.i18n.ts","translated"
"set5-074","BdA","ci_BdA","set5","74","character","Ed","Laughing Hyena","CAUSE A PANIC When you play this character, you may deal 2 damage to chosen damaged character.","A-heh, heh, heh, heh, heh, hee, hee, heeeee.","src/cards/005/characters/074-ed-laughing-hyena.i18n.ts","translated"
"set5-075","ZS7","ci_ZS7","set5","75","character","Flora","Good Fairy","FIDDLE FADDLE While being challenged, this character gets +2 {S}.","Don't fuss, dear! A flick of the wrist will turn these briars into something beautiful.","src/cards/005/characters/075-flora-good-fairy.i18n.ts","translated"
"set5-076","463","ci_463","set5","76","character","Merryweather","Good Fairy","RAY OF HOPE When you play this character, you may pay 1 {I} to give chosen character +2 {S} this turn.","The most beautiful color is blue!","src/cards/005/characters/076-merryweather-good-fairy.i18n.ts","translated"
"set5-077","pmt","ci_pmt","set5","77","character","Robin Hood","Archery Contestant","TRICK SHOT When you play this character, if an opponent has a damaged character in play, gain 1 lore.","For a second there, I thought this might be a real challenge.","src/cards/005/characters/077-robin-hood-archery-contestant.i18n.ts","translated"
"set5-078","Frg","ci_Frg","set5","78","character","Fauna","Good Fairy","undefined","The secret to a good cake is combining everything just right. Every ingredient is important, but the magic is in how they work together.","src/cards/005/characters/078-fauna-good-fairy.i18n.ts","translated"
"set5-079","Lbm","ci_Lbm","set5","79","character","Iago","Fake Flamingo","Evasive
IN DISGUISE Whenever this character quests, you pay 2 {I} less for the next action you play this turn.","","src/cards/005/characters/079-iago-fake-flamingo.i18n.ts","translated"
"set5-080","q1j","ci_q1j","set5","80","character","Banzai","Gluttonous Predator","undefined","He won’t turn down a quick bite before dinner.","src/cards/005/characters/080-banzai-gluttonous-predator.i18n.ts","translated"
"set5-081","28X","ci_28X","set5","81","character","Ed","Hysterical Partygoer","ROWDY GUEST Damaged characters can't challenge this character.","As far as he's concerned, there's no such thing as bad taste.","src/cards/005/characters/081-ed-hysterical-partygoer.i18n.ts","translated"
"set5-082","6v8","ci_6v8","set5","82","character","Scroop","Odious Mutineer","Evasive
DO SAY HELLO TO MR. ARROW When you play this character, you may pay 3 {I} to banish chosen damaged character.","","src/cards/005/characters/082-scroop-odious-mutineer.i18n.ts","translated"
"set5-083","kzz","ci_kzz","set5","83","character","Prince Phillip","Swordsman of the Realm","SLAYER OF DRAGONS When you play this character, banish chosen opposing Dragon character.
PRESSING THE ADVANTAGE Whenever he challenges a damaged character, ready this character after the challenge.","","src/cards/005/characters/083-prince-phillip-swordsman-of-the-realm.i18n.ts","translated"
"set5-084","fgM","ci_fF6","set5","84","character","Clarabelle","Light on Her Hooves","Shift 5
KEEP IN STEP At the end of your turn, if chosen opponent has more cards in their hand than you, you may draw cards until you have the same number.","","src/cards/005/characters/084-clarabelle-light-on-her-hooves.i18n.ts","translated"
"set5-085","Tqp","ci_Tqp","set5","85","character","Anna","Diplomatic Queen","ROYAL RESOLUTION When you play this character, you may pay 2 {I} to choose one:
• Each opponent chooses and discards a card.
• Chosen character gets +2 {S} this turn.
• Banish chosen damaged character.","","src/cards/005/characters/085-anna-diplomatic-queen.i18n.ts","translated"
"set5-086","EZO","ci_EZO","set5","86","character","Clarabelle","Clumsy Guest","BUTTERFINGERS When you play this character, you may pay 2 {I} to banish chosen item.","","src/cards/005/characters/086-clarabelle-clumsy-guest.i18n.ts","translated"
"set5-087","xWf","ci_xWf","set5","87","character","Banzai","Taunting Hyena","HERE KITTY, KITTY, KITTY When you play this character, you may exert chosen damaged character.","What do we got here, a little snack pack?","src/cards/005/characters/087-banzai-taunting-hyena.i18n.ts","translated"
"set5-088","9VF","ci_9VF","set5","88","character","Robin Hood","Sneaky Sleuth","Shift 3
CLEVER PLAN This character gets +1 {L} for each opposing damaged character in play.","","src/cards/005/characters/088-robin-hood-sneaky-sleuth.i18n.ts","translated"
"set5-089","GVH","ci_GVH","set5","89","character","Mother Gothel","Conceited Manipulator","MOTHER KNOWS BEST When you play this character, you may pay 3 {I} to return chosen character to their player's hand.","A beautiful lady never stands meekly at the back of the line.","src/cards/005/characters/089-mother-gothel-conceited-manipulator.i18n.ts","translated"
"set5-090","gxZ","ci_gxZ","set5","90","character","Clarabelle","Contented Wallflower","ONE STEP BEHIND When you play this character, if an opponent has more cards in their hand than you, you may draw a card.","Golly! Those dancers can really moo-ve!","src/cards/005/characters/090-clarabelle-contented-wallflower.i18n.ts","translated"
"set5-091","Ggo","ci_Ggo","set5","91","character","Shenzi","Head Hyena","STICK AROUND FOR DINNER This character gets +1 {S} for each other Hyena character you have in play.
WHAT HAVE WE GOT HERE? Whenever one of your Hyena characters challenges a damaged character, gain 2 lore.","","src/cards/005/characters/091-shenzi-head-hyena.i18n.ts","translated"
"set5-092","7PI","ci_7PI","set5","92","character","Mother Gothel","Unwavering Schemer","Shift 4
THE WORLD IS DARK When you play this character, each opponent chooses one of their characters and returns that card to their hand.","","src/cards/005/characters/092-mother-gothel-unwavering-schemer.i18n.ts","translated"
"set5-093","BSP","ci_f3P","set5","93","character","Scar","Vengeful Lion","Ward
LIFE'S NOT FAIR, IS IT? Whenever one of your characters challenges a damaged character, you may draw a card.","","src/cards/005/characters/093-scar-vengeful-lion.i18n.ts","translated"
"set5-094","LLg","ci_LLg","set5","94","action","Hypnotic Deduction","","Draw 3 cards, then put 2 cards from your hand on the top of your deck in any order.","A security device! Easily defeated, of course. Once I make room for the crown, I . . . can . . . bring . . . it . . . to . . . him.","src/cards/005/actions/094-hypnotic-deduction.i18n.ts","translated"
"set5-095","38h","ci_38h","set5","95","action","Night Howler Rage","","Draw a card. Chosen character gains Reckless during their next turn. (They can't quest and must challenge if able.)","I think someone is targeting predators on purpose and making them go savage! —Judy Hopps","src/cards/005/actions/095-night-howler-rage.i18n.ts","translated"
"set5-096","roA","ci_IPh","set5","96","action","You're Welcome","","Shuffle chosen character, item, or location into their player's deck. That player draws 2 cards.","I make everything happen!","src/cards/005/actions/096-youre-welcome.i18n.ts","translated"
"set5-097","f6o","ci_2KA","set5","97","action","Remember Who You Are","","If chosen opponent has more cards in their hand than you, draw cards until you have the same number.","","src/cards/005/actions/097-remember-who-you-are.i18n.ts","translated"
"set5-098","x5l","ci_x5l","set5","98","item","Prince John's Mirror","","YOU LOOK REGAL If you have a character named Prince John in play, you pay 1 {I} less to play this item.
A FEELING OF POWER At the end of each opponent's turn, if they have more than 3 cards in their hand, they discard until they have 3 cards in their hand.","","src/cards/005/items/098-prince-johns-mirror.i18n.ts","translated"
"set5-099","1rv","ci_1rv","set5","99","item","Obscurosphere","","EXTRACT OF EMERALD 2 {I}, Banish this item — Your characters gain Ward until the start of your next turn.","","src/cards/005/items/099-obscurosphere.i18n.ts","translated"
"set5-100","TUy","ci_TUy","set5","100","item","Emerald Chromicon","","EMERALD LIGHT During opponents' turns, whenever one of your characters is banished, you may return chosen character to their player's hand.","Trust in the winds of change. —Inscription","src/cards/005/items/100-emerald-chromicon.i18n.ts","translated"
"set5-101","DoZ","ci_DoZ","set5","101","location","Sherwood Forest","Outlaw Hideaway","FOREST HOME Your characters named Robin Hood may move here for free.
FAMILIAR TERRAIN Characters gain Ward and ""{E}, 1 {I} — Deal 2 damage to chosen damaged character"" while here.","","src/cards/005/locations/101-sherwood-forest-outlaw-hideaway.i18n.ts","translated"
"set5-102","PvR","ci_PvR","set5","102","location","Tropical Rainforest","Jaguar Lair","SNACK TIME Opposing damaged characters gain Reckless. (They can't quest and must challenge if able.)","","src/cards/005/locations/102-tropical-rainforest-jaguar-lair.i18n.ts","translated"
"set5-103","arh","ci_arh","set5","103","character","Taffyta Muttonfudge","Ruthless Rival","undefined","There’s not a glimmer that can keep up with me. You might as well quit now.","src/cards/005/characters/103-taffyta-muttonfudge-ruthless-rival.i18n.ts","translated"
"set5-104","N3o","ci_N3o","set5","104","character","Wreck-It Ralph","Demolition Dude","REFRESHING BREAK Whenever you ready this character, gain 1 lore for each 1 damage on him.","","src/cards/005/characters/104-wreck-it-ralph-demolition-dude.i18n.ts","translated"
"set5-105","kDj","ci_kDj","set5","105","character","Maximus","Team Champion","ROYALLY BIG REWARDS At the end of your turn, if you have any characters in play with 5 {S} or more, gain 2 lore. If you have any in play with 10 {S} or more, gain 5 lore instead.","It's easy to get carried away when it comes to tug-of-war.","src/cards/005/characters/105-maximus-team-champion.i18n.ts","translated"
"set5-106","42e","ci_42e","set5","106","character","Turbo","Royal Hack","Rush
GAME JUMP This character also counts as being named King Candy for Shift.","","src/cards/005/characters/106-turbo-royal-hack.i18n.ts","translated"
"set5-107","ZiJ","ci_gl4","set5","107","character","Donald Duck","Pie Slinger","Shift 4
HUMBLE PIE When you play this character, if you used Shift to play him, each opponent loses 2 lore.
RAGING DUCK While an opponent has 10 or more lore, this character gets +6 {S}.","","src/cards/005/characters/107-donald-duck-pie-slinger.i18n.ts","translated"
"set5-108","5sW","ci_5sW","set5","108","character","Rancis Fluggerbutter","Chocolate Charger","undefined","Ingredients: Butter, sugar, unsweetened chocolate, vanilla, and arrogance.","src/cards/005/characters/108-rancis-fluggerbutter-chocolate-charger.i18n.ts","translated"
"set5-109","MEi","ci_MEi","set5","109","character","Scar","Betrayer","LONG LIVE THE KING When you play this character, you may banish chosen character named Mufasa.","The second Rule of Villainy: Never settle for second place.","src/cards/005/characters/109-scar-betrayer.i18n.ts","translated"
"set5-110","3sJ","ci_3sJ","set5","110","character","Snowanna Rainbeau","Cool Competitor","Rush","When it comes to racing, she never gets cold feet.","src/cards/005/characters/110-snowanna-rainbeau-cool-competitor.i18n.ts","translated"
"set5-111","wsY","ci_wsY","set5","111","character","Daisy Duck","Spotless Food-Fighter","Evasive","She has an unblemished record.","src/cards/005/characters/111-daisy-duck-spotless-food-fighter.i18n.ts","translated"
"set5-112","lzK","ci_lzK","set5","112","character","Mickey Mouse","Enthusiastic Dancer","PERFECT PARTNERS While you have a character named Minnie Mouse in play, this character gets +2 {S}.","He loves to share the spotlight with a star like Minnie.","src/cards/005/characters/112-mickey-mouse-enthusiastic-dancer.i18n.ts","translated"
"set5-113","A6r","ci_A6r","set5","113","character","Ratigan","Raging Rat","NOTHING CAN STAND IN MY WAY While this character has damage, he gets +2 {S}.","The world’s most diabolical genius should never suffer such indignities!","src/cards/005/characters/113-ratigan-raging-rat.i18n.ts","translated"
"set5-114","47M","ci_47M","set5","114","character","Taffyta Muttonfudge","Crowd Favorite","SHOWSTOPPER When you play this character, if you have a location in play, each opponent loses 1 lore.","Never lose sight of where you’re going. Second place.","src/cards/005/characters/114-taffyta-muttonfudge-crowd-favorite.i18n.ts","translated"
"set5-115","UbD","ci_UbD","set5","115","character","Denahi","Avenging Brother","undefined","You'll pay for what you've done! I'll track you all the way to the Azurite Sea if I have to!","src/cards/005/characters/115-denahi-avenging-brother.i18n.ts","translated"
"set5-116","c2L","ci_c2L","set5","116","character","Pete","Steamboat Rival","SCRAM! When you play this character, if you have another character named Pete in play, you may banish chosen opposing character.","","src/cards/005/characters/116-pete-steamboat-rival.i18n.ts","translated"
"set5-117","5D9","ci_5D9","set5","117","character","Taffyta Muttonfudge","Sour Speedster","Shift 2
NEW ROSTER Once per turn, when this character moves to a location, gain 2 lore.","","src/cards/005/characters/117-taffyta-muttonfudge-sour-speedster.i18n.ts","translated"
"set5-118","JO4","ci_qwp","set5","118","character","Robin Hood","Sharpshooter","MY GREATEST PERFORMANCE Whenever this character quests, look at the top 4 cards of your deck. You may reveal an action card with cost 6 or less and play it for free. Put the rest in your discard.","","src/cards/005/characters/118-robin-hood-sharpshooter.i18n.ts","translated"
"set5-119","JSc","ci_JSc","set5","119","character","Gaston","Pure Paragon","A MAN AMONG MEN! For each damaged character you have in play, you pay 2 {I} less to play this character.
Rush","","src/cards/005/characters/119-gaston-pure-paragon.i18n.ts","translated"
"set5-120","sSk","ci_sSk","set5","120","character","Pete","Pastry Chomper","undefined","His half-baked scheme to whisk away the food almost worked. But in the end, he got his just desserts.","src/cards/005/characters/120-pete-pastry-chomper.i18n.ts","translated"
"set5-121","WQv","ci_WQv","set5","121","character","Arthur","Novice Sparrow","Reckless","Hold it, boy. Not so fast. —Merlin","src/cards/005/characters/121-arthur-novice-sparrow.i18n.ts","translated"
"set5-122","6ro","ci_6ro","set5","122","character","Donald Duck","Daisy's Date","PLUCKY PLAY Whenever this character challenges another character, each opponent loses 1 lore.","He keeps his eye on the prize.","src/cards/005/characters/122-donald-duck-daisys-date.i18n.ts","translated"
"set5-123","7v2","ci_7v2","set5","123","character","Ratigan","Party Crasher","Shift 4
Evasive
DELIGHTFULLY WICKED Your damaged characters get +2 {S}.","","src/cards/005/characters/123-ratigan-party-crasher.i18n.ts","translated"
"set5-124","yeD","ci_yeD","set5","124","character","Vanellope von Schweetz","Random Roster Racer","Rush
PIXLEXIA When you play this character, she gains Evasive until the start of your next turn.","","src/cards/005/characters/124-vanellope-von-schweetz-random-roster-racer.i18n.ts","translated"
"set5-125","QVE","ci_QVE","set5","125","character","Simba","Adventurous Successor","I LAUGH IN THE FACE OF DANGER When you play this character, chosen character gets +2 {S} this turn.","","src/cards/005/characters/125-simba-adventurous-successor.i18n.ts","translated"
"set5-126","dg4","ci_dg4","set5","126","character","Minnie Mouse","Dazzling Dancer","DANCE-OFF Whenever this character or one of your characters named Mickey Mouse challenges another character, gain 1 lore.","She doesn't seek the spotlight—the spotlight seeks her.","src/cards/005/characters/126-minnie-mouse-dazzling-dancer.i18n.ts","translated"
"set5-127","W2A","ci_W2A","set5","127","action","Break Free","","Deal 1 damage to chosen character of yours. They gain Rush and get +1 {S} this turn. (They can challenge the turn they're played.)","Tink darted from the shattered lantern in the blink of an eye.","src/cards/005/actions/127-break-free.i18n.ts","translated"
"set5-128","Vin","ci_Yvo","set5","128","action","Evil Comes Prepared","","Ready chosen character of yours. They can't quest for the rest of this turn. If a Villain character is chosen, gain 1 lore.","","src/cards/005/actions/128-evil-comes-prepared.i18n.ts","translated"
"set5-129","2Hu","ci_2Hu","set5","129","action","Don't Let the Frostbite Bite","","Ready all your characters. They can't quest for the rest of this turn.","Let's call it a night","src/cards/005/actions/129-dont-let-the-frostbite-bite.i18n.ts","translated"
"set5-130","xCq","ci_xCq","set5","130","action","Glimmer vs Glimmer","","Banish chosen character of yours to banish chosen character.","Hades: Listen, kid. If I'm gettin’ banished back to the lorebook, you're going with me. Hercules: We’ll see about that.","src/cards/005/actions/130-glimmer-vs-glimmer.i18n.ts","translated"
"set5-131","OM9","ci_OM9","set5","131","action","Who's With Me?","","Your characters get +2 {S} this turn.
Whenever one of your characters with Reckless challenges another character this turn, gain 2 lore.","Don’t forget, the purple unicorn is mine!","src/cards/005/actions/131-whos-with-me.i18n.ts","translated"
"set5-132","k9I","ci_k9I","set5","132","item","Potion of Might","","VILE CONCOCTION 1 {I}, Banish this item — Chosen character gets +3 {S} this turn. If a Villain character is chosen, they get +4 {S} instead.","","src/cards/005/items/132-potion-of-might.i18n.ts","translated"
"set5-133","703","ci_703","set5","133","item","The Sword Released","","POWER APPOINTED At the start of your turn, if you have a character in play with more {S} than each opposing character in play, each opponent loses 1 lore and you gain lore equal to the lore lost.","","src/cards/005/items/133-the-sword-released.i18n.ts","translated"
"set5-134","RCb","ci_RCb","set5","134","item","Ruby Chromicon","","RUBY LIGHT {E} — Chosen character gets +1 {S} this turn.","Leave fear behind. —Inscription","src/cards/005/items/134-ruby-chromicon.i18n.ts","translated"
"set5-135","ibi","ci_ibi","set5","135","location","Sugar Rush Speedway","Starting Line","ON YOUR MARKS! Once per turn, you may {E} chosen character here and deal them 1 damage to move them to another location for free.","","src/cards/005/locations/135-sugar-rush-speedway-starting-line.i18n.ts","translated"
"set5-136","kAJ","ci_dzD","set5","136","location","Ratigan's Party","Seedy Back Room","MISFITS' REVELRY While you have a damaged character here, this location gets +2 {L}.","","src/cards/005/locations/136-ratigans-party-seedy-back-room.i18n.ts","translated"
"set5-137","M35","ci_M35","set5","137","character","King Candy","Sovereign of Sugar","undefined","My sweet subjects, I can without a pinch of hesitation assure you that I have never been so happy.","src/cards/005/characters/137-king-candy-sovereign-of-sugar.i18n.ts","translated"
"set5-138","y9B","ci_y9B","set5","138","character","Chaca","Impressive Daughter","undefined","Look, look! My tooth is even looser today!","src/cards/005/characters/138-chaca-impressive-daughter.i18n.ts","translated"
"set5-139","W5f","ci_W5f","set5","139","character","The Queen","Cruelest of All","Ward","She'd seen what the ink could do for other glimmers. What could it do for her?","src/cards/005/characters/139-the-queen-cruelest-of-all.i18n.ts","translated"
"set5-140","fV0","ci_fV0","set5","140","character","Scrooge McDuck","Afficionado of Antiquities","undefined","The secret room should be right here! Ach, I cannot believe I paid a whole penny for this map.","src/cards/005/characters/140-scrooge-mcduck-afficionado-of-antiquities.i18n.ts","translated"
"set5-141","wvs","ci_wvs","set5","141","character","Prince John","Opportunistic Briber","TAXES NEVER FAIL ME Whenever you play an item, this character gets +2 {S} this turn.","Of <course> I'm on the list. Check under 'PJ.'","src/cards/005/characters/141-prince-john-opportunistic-briber.i18n.ts","translated"
"set5-142","gdk","ci_gdk","set5","142","character","Merlin","Back from Bermuda","LONG LIVE THE KING! Your characters named Arthur gain Resist +1.","A little rest and relaxation will do wonders for your health, boy.","src/cards/005/characters/142-merlin-back-from-bermuda.i18n.ts","translated"
"set5-143","sLG","ci_sLG","set5","143","character","Pacha","Emperor's Guide","HELPFUL SUPPLIES At the start of your turn, if you have an item in play, gain 1 lore.
PERFECT DIRECTIONS At the start of your turn, if you have a location in play, gain 1 lore.","","src/cards/005/characters/143-pacha-emperors-guide.i18n.ts","translated"
"set5-144","Wpl","ci_Wpl","set5","144","character","The Queen","Fairest of All","Shift 3
Ward
REFLECTIONS OF VANITY For each other character named The Queen you have in play, this character gets +1 {L}.","","src/cards/005/characters/144-the-queen-fairest-of-all.i18n.ts","translated"
"set5-145","ROz","ci_ROz","set5","145","character","Sheriff of Nottingham","Bushel Britches","EVERY LITTLE BIT HELPS For each item you have in play, you pay 1 {I} less to play this character.
Support","","src/cards/005/characters/145-sheriff-of-nottingham-bushel-britches.i18n.ts","translated"
"set5-146","RHS","ci_4rT","set5","146","character","Chicha","Dedicated Mother","Support
ONE ON THE WAY During your turn, when you put a card into your inkwell, if it's the second card you've put into your inkwell this turn, you may draw a card.","","src/cards/005/characters/146-chicha-dedicated-mother.i18n.ts","translated"
"set5-147","xgq","ci_ktV","set5","147","character","Prince John","Gold Lover","BEAUTIFUL, LOVELY TAXES {E} — Play an item from your hand or discard with cost 5 or less for free, exerted.","A villainous schemer from day to night.","src/cards/005/characters/147-prince-john-gold-lover.i18n.ts","translated"
"set5-148","05o","ci_05o","set5","148","character","The Queen","Crown of the Council","Ward
GATHERER OF THE WICKED When you play this character, look at the top 3 cards of your deck. You may reveal any number of character cards named The Queen and put them into your hand. Put the rest on the bottom of your deck in any order.","","src/cards/005/characters/148-the-queen-crown-of-the-council.i18n.ts","translated"
"set5-149","9lb","ci_9lb","set5","149","character","Kuzco","Selfish Emperor","OUTPLACEMENT When you play this character, you may put chosen item or location into its player's inkwell facedown and exerted.
BY INVITE ONLY 4 {I} — Your other characters gain Resist +1 until the start of your next turn.","","src/cards/005/characters/149-kuzco-selfish-emperor.i18n.ts","translated"
"set5-150","6p3","ci_Q4A","set5","150","character","Mufasa","Ruler of Pride Rock","A DELICATE BALANCE When you play this character, exert all cards in your inkwell, then return 2 cards at random from your inkwell to your hand.
EVERYTHING THE LIGHT TOUCHES Whenever this character quests, ready all cards in your inkwell.","","src/cards/005/characters/150-mufasa-ruler-of-pride-rock.i18n.ts","translated"
"set5-151","rsj","ci_rsj","set5","151","character","Ludwig von Drake","Self-Proclaimed Genius","undefined","So you see, there’s a dark void at the edge of Lorcana. A complete absence of electromagnetic radiation! What’s it made of? I don’t know! The light’s just gone. Kaput!","src/cards/005/characters/151-ludwig-von-drake-self-proclaimed-genius.i18n.ts","translated"
"set5-152","JJ3","ci_JJ3","set5","152","character","Minnie Mouse","Quick-Thinking Inventor","CAKE CATAPULT When you play this character, chosen character gets -2 {S} this turn.","This puts the Frosting Flinger 2000 to shame.","src/cards/005/characters/152-minnie-mouse-quick-thinking-inventor.i18n.ts","translated"
"set5-153","F8I","ci_F8I","set5","153","character","Basil","Practiced Detective","Support","This case is as good as solved! —Basil","src/cards/005/characters/153-basil-practiced-detective.i18n.ts","translated"
"set5-154","FbB","ci_KFt","set5","154","character","King Candy","Sweet Abomination","Shift 3
CHANGING THE CODE When you play this character, you may draw 2 cards, then put a card from your hand on the bottom of your deck.","","src/cards/005/characters/154-king-candy-sweet-abomination.i18n.ts","translated"
"set5-155","X12","ci_X12","set5","155","character","Donald Duck","Focused Flatfoot","BAFFLING MYSTERY When you play this character, you may put the top card of your deck into your inkwell facedown and exerted.","There's just gotta be one of those chromi-thingies around here somewhere!","src/cards/005/characters/155-donald-duck-focused-flatfoot.i18n.ts","translated"
"set5-156","PPy","ci_PPy","set5","156","character","Tanana","Wise Woman","YOUR BROTHERS NEED GUIDANCE When you play this character, you may remove up to 1 damage from chosen character or location.","","src/cards/005/characters/156-tanana-wise-woman.i18n.ts","translated"
"set5-157","gPY","ci_gPY","set5","157","character","Tipo","Growing Son","MEASURE ME AGAIN When you play this character, you may put a card from your hand into your inkwell facedown and exerted.","Mom, Mom! I think I’m still growing!","src/cards/005/characters/157-tipo-growing-son.i18n.ts","translated"
"set5-158","rlF","ci_rlF","set5","158","character","Belle","Of the Ball","Ward
USHERED INTO THE PARTY When you play this character, your other characters gain Ward until the start of your next turn.","","src/cards/005/characters/158-belle-of-the-ball.i18n.ts","translated"
"set5-159","ngW","ci_ngW","set5","159","character","Merlin","Intellectual Visionary","Shift 5
OVERDEVELOPED BRAIN When you play this character, if you used Shift to play him, you may search your deck for any card, put that card into your hand, then shuffle your deck.","","src/cards/005/characters/159-merlin-intellectual-visionary.i18n.ts","translated"
"set5-160","Dub","ci_Dub","set5","160","action","Vision of the Future","","Look at the top 5 cards of your deck. Put one into your hand and the rest on the bottom of your deck in any order.","We must repair the Illuminary before it’s too late. And we’ll need these devices, these chromicons, to fix it.","src/cards/005/actions/160-vision-of-the-future.i18n.ts","translated"
"set5-161","VjU","ci_MQW","set5","161","action","Royal Tantrum","","Banish any number of your items, then draw a card for each item banished this way.","I am King! King! King!","src/cards/005/actions/161-royal-tantrum.i18n.ts","translated"
"set5-162","DPw","ci_DPw","set5","162","action","Ever as Before","","Remove up to 2 damage from any number of chosen characters.","Ever just as sure As the sun will rise","src/cards/005/actions/162-ever-as-before.i18n.ts","translated"
"set5-163","QYp","ci_QYp","set5","163","action","Hide Away","","Put chosen item or location into its player's inkwell facedown and exerted.","Fauna: Oh my! We dropped some... Merryweather: You mean <you> dropped some!","src/cards/005/actions/163-hide-away.i18n.ts","translated"
"set5-164","uyQ","ci_uyQ","set5","164","action","All Funned Out","","Put chosen character of yours into your inkwell facedown and exerted.","Pretty pathetic, huh?","src/cards/005/actions/164-all-funned-out.i18n.ts","translated"
"set5-165","tVn","ci_tVn","set5","165","item","Medal of Heroes","","CONGRATULATIONS, SOLDIER {E}, 2 {I}, Banish this item — Chosen character of yours gets +2 {L} this turn.","You have etched in the rock of virtue a legacy beyond compare. —General Hologram","src/cards/005/items/165-medal-of-heroes.i18n.ts","translated"
"set5-166","Ssx","ci_Ssx","set5","166","item","Basil's Magnifying Glass","","FIND WHAT'S HIDDEN {E}, 2 {I} — Look at the top 3 cards of your deck. You may reveal an item card and put it into your hand. Put the rest on the bottom of your deck in any order.","I say, a piece of the Hexwell Crown! —Basil","src/cards/005/items/166-basils-magnifying-glass.i18n.ts","translated"
"set5-167","0a0","ci_0a0","set5","167","item","Merlin's Carpetbag","","HOCKETY POCKETY {E}, 1 {I} — Return an item card from your discard to your hand.","What a way to pack! —Arthur","src/cards/005/items/167-merlins-carpetbag.i18n.ts","translated"
"set5-168","Xd5","ci_Xd5","set5","168","item","Sapphire Chromicon","","POWERING UP This item enters play exerted.
SAPPHIRE LIGHT {E}, 2 {I}, Banish one of your items — Gain 2 lore.","Knowledge is eternal. —Inscription","src/cards/005/items/168-sapphire-chromicon.i18n.ts","translated"
"set5-169","FUQ","ci_FUQ","set5","169","location","The Great Illuminary","Radiant Ballroom","WARM WELCOME Characters with Support get +1 {L} and +2 {W} while here.","Every surface glows with the joy of celebration.","src/cards/005/locations/169-the-great-illuminary-radiant-ballroom.i18n.ts","translated"
"set5-170","yVb","ci_yVb","set5","170","location","Merlin's Cottage","The Wizard's Home","KNOWLEDGE IS POWER Each player plays with the top card of their deck face up.","","src/cards/005/locations/170-merlins-cottage-the-wizards-home.i18n.ts","translated"
"set5-171","TzT","ci_Jx1","set5","171","character","Stitch","Team Underdog","HEAVE HO! When you play this character, you may deal 2 damage to chosen character.","He’s not the biggest glimmer on the team, but he still packs a wallop.","src/cards/005/characters/171-stitch-team-underdog.i18n.ts","translated"
"set5-172","4QY","ci_4QY","set5","172","character","Jafar","Tyrannical Hypnotist","Challenger +7
INTIMIDATING GAZE Opposing characters with cost 4 or less can't challenge.","No one will keep me from the broken crown!","src/cards/005/characters/172-jafar-tyrannical-hypnotist.i18n.ts","translated"
"set5-173","RA4","ci_RA4","set5","173","character","Simba","Lost Prince","FACE THE PAST During your turn, whenever this character banishes another character in a challenge, you may draw a card.","This is my kingdom. If I don’t fight for it, who will?","src/cards/005/characters/173-simba-lost-prince.i18n.ts","translated"
"set5-174","SOG","ci_SOG","set5","174","character","Rudy","Groove Disrupter","undefined","The Illuminary can’t handle this much groove! We have to keep the noise down or it’ll fall apart for sure!","src/cards/005/characters/174-rudy-groove-disrupter.i18n.ts","translated"
"set5-175","MJS","ci_MJS","set5","175","character","Royal Guard","Bovine Protector","undefined","Hey, I've been turned into a cow. Can I go home?","src/cards/005/characters/175-royal-guard-bovine-protector.i18n.ts","translated"
"set5-176","z89","ci_z89","set5","176","character","Mickey Mouse","Food Fight Defender","Resist +1","Underestimating him is a recipe for disaster.","src/cards/005/characters/176-mickey-mouse-food-fight-defender.i18n.ts","translated"
"set5-177","72x","ci_72x","set5","177","character","Sleepy","Sluggish Knight","Bodyguard","","src/cards/005/characters/177-sleepy-sluggish-knight.i18n.ts","translated"
"set5-178","D2Y","ci_D2Y","set5","178","character","Kronk","Unlicensed Investigator","Challenger +1","Maybe <this> one's a chromicon. Probably not. I really should have paid more attention when that wizard guy was talking...","src/cards/005/characters/178-kronk-unlicensed-investigator.i18n.ts","translated"
"set5-179","xE6","ci_xE6","set5","179","character","HeiHei","Protective Rooster","Bodyguard","Who’s the boat snack now?!","src/cards/005/characters/179-heihei-protective-rooster.i18n.ts","translated"
"set5-180","O74","ci_O74","set5","180","character","Sneezy","Noisy Knight","HEADWIND When you play this character, chosen Knight character gains Challenger +2 this turn. (They get +2 {S} while challenging.)","","src/cards/005/characters/180-sneezy-noisy-knight.i18n.ts","translated"
"set5-181","kCO","ci_kCO","set5","181","character","Dopey","Knight Apprentice","STRONGER TOGETHER When you play this character, if you have another Knight character in play, you may deal 1 damage to chosen character or location.","","src/cards/005/characters/181-dopey-knight-apprentice.i18n.ts","translated"
"set5-182","2TR","ci_fJp","set5","182","character","Namaari","Resolute Daughter","I DON'T HAVE ANY OTHER CHOICE For each opposing character banished in a challenge this turn, you pay 2 {I} less to play this character.
Resist +3","","src/cards/005/characters/182-namaari-resolute-daughter.i18n.ts","translated"
"set5-183","45E","ci_Z93","set5","183","character","Snow White","Fair-Hearted","NATURAL LEADER This character gains Resist +1 for each other Knight character you have in play.","Friendship is the best armor of all.","src/cards/005/characters/183-snow-white-fair-hearted.i18n.ts","translated"
"set5-184","luJ","ci_luJ","set5","184","character","Yzma","Unjustly Treated","I'M WARNING YOU! During your turn, whenever one of your characters banishes a character in a challenge, you may deal 1 damage to chosen character.","What do you mean, 'not on the list'?! I told you to <always> put me on the list!","src/cards/005/characters/184-yzma-unjustly-treated.i18n.ts","translated"
"set5-185","qAr","ci_qAr","set5","185","character","Kronk","Head of Security","Shift 5
ARE YOU ON THE LIST? During your turn, whenever this character banishes another character in a challenge, you may play a character with cost 5 or less for free.","","src/cards/005/characters/185-kronk-head-of-security.i18n.ts","translated"
"set5-186","VFd","ci_VFd","set5","186","character","Grumpy","Skeptical Knight","BOON OF RESILIENCE While one of your Knight characters is at a location, that character gains Resist +2.
BURST OF SPEED During your turn, this character gains Evasive. (They can challenge characters with Evasive.)","","src/cards/005/characters/186-grumpy-skeptical-knight.i18n.ts","translated"
"set5-187","tEN","ci_tEN","set5","187","character","Pete","Wrestling Champ","RE-PETE {E} — Reveal the top card of your deck. If it's a character card named Pete, you may play it for free.","He'll have you seeing double.","src/cards/005/characters/187-pete-wrestling-champ.i18n.ts","translated"
"set5-188","ykg","ci_ykg","set5","188","character","Sir Ector","Castle Lord","undefined","Well, by Jove. Don’t just stand there. Raise a glass to my son Kay . . . and may we be rid of the trickster wizard Marvin, or whatever his blasted name was.","src/cards/005/characters/188-sir-ector-castle-lord.i18n.ts","translated"
"set5-189","bvY","ci_bvY","set5","189","character","Bashful","Adoring Knight","IMPRESS THE PRINCESS While you have a character named Snow White in play, this character gains Bodyguard. (An opposing character who challenges one of your characters must choose one with Bodyguard if able.)","","src/cards/005/characters/189-bashful-adoring-knight.i18n.ts","translated"
"set5-190","2AA","ci_2AA","set5","190","character","Arthur","Wart","undefined","That boy's got real spark. Lots of spirit. Throws himself heart and soul into everything he does. —Merlin","src/cards/005/characters/190-arthur-wart.i18n.ts","translated"
"set5-191","qmH","ci_qmH","set5","191","character","Happy","Lively Knight","BURST OF SPEED During your turn, this character gains Evasive. (They can challenge characters with Evasive.)","","src/cards/005/characters/191-happy-lively-knight.i18n.ts","translated"
"set5-192","746","ci_746","set5","192","character","Simba","Son of Mufasa","Shift 4
FEARSOME ROAR When you play this character, you may banish chosen item or location.","","src/cards/005/characters/192-simba-son-of-mufasa.i18n.ts","translated"
"set5-193","qUy","ci_qUy","set5","193","character","Doc","Bold Knight","DRASTIC MEASURES When you play this character, you may discard your hand to draw 2 cards.","","src/cards/005/characters/193-doc-bold-knight.i18n.ts","translated"
"set5-194","xkQ","ci_KRT","set5","194","character","Arthur","King Victorious","Shift 5
KNIGHTED BY THE KING When you play this character, chosen character gains Challenger +2 and Resist +2 and can challenge ready characters this turn. (They get +2 {S} while challenging. Damage dealt to them is reduced by 2.)","","src/cards/005/characters/194-arthur-king-victorious.i18n.ts","translated"
"set5-195","MzI","ci_MzI","set5","195","character","Pete","Games Referee","BLOW THE WHISTLE When you play this character, opponents can't play actions until the start of your next turn.","It ain’t cheatin’ if you’re the one makin' the rules.","src/cards/005/characters/195-pete-games-referee.i18n.ts","translated"
"set5-196","J1D","ci_J1D","set5","196","action","Tug-of-War","","Choose one:
• Deal 1 damage to each opposing character without Evasive.
• Deal 3 damage to each opposing character with Evasive.","","src/cards/005/actions/196-tug-of-war.i18n.ts","translated"
"set5-197","6iQ","ci_6iQ","set5","197","action","When Will My Life Begin?","","Chosen character can't challenge during their next turn. Draw a card.","Stuck in the same place I’ve always been...","src/cards/005/actions/197-when-will-my-life-begin.i18n.ts","translated"
"set5-198","WBj","ci_WBj","set5","198","action","Duck for Cover!","","Chosen character gains Resist +1 and Evasive this turn. (Damage dealt to them is reduced by 1. They can challenge characters with Evasive.)","","src/cards/005/actions/198-duck-for-cover.i18n.ts","translated"
"set5-199","jt8","ci_jt8","set5","199","action","Food Fight!","","Your characters gain ""{E}, 1 {I} — Deal 1 damage to chosen character"" this turn.","Gawrsh, who ordered the... upside-down CAA-AA-AKE?","src/cards/005/actions/199-food-fight.i18n.ts","translated"
"set5-200","k2d","ci_k2d","set5","200","item","Shield of Arendelle","","DEFLECT Banish this item — Chosen character gains Resist +1 until the start of your next turn.","","src/cards/005/items/200-shield-of-arendelle.i18n.ts","translated"
"set5-201","12X","ci_12X","set5","201","item","Plate Armor","","WELL CRAFTED {E} — Chosen character gains Resist +2 until the start of your next turn.","","src/cards/005/items/201-plate-armor.i18n.ts","translated"
"set5-202","Q8H","ci_Q8H","set5","202","item","Steel Chromicon","","STEEL LIGHT {E} — Deal 1 damage to chosen character.","Strong in will, strong in battle. —Inscription","src/cards/005/items/202-steel-chromicon.i18n.ts","translated"
"set5-203","rvD","ci_Uqb","set5","203","location","Bad-Anon","Villain Support Center","THERE'S NO ONE I'D RATHER BE THAN ME Villain characters gain ""{E}, 3 {I} — Play a character with the same name as this character for free"" while here.","","src/cards/005/locations/203-bad-anon-villain-support-center.i18n.ts","translated"
"set5-204","1uO","ci_1uO","set5","204","location","Seven Dwarfs' Mine","Secure Fortress","MOUNTAIN DEFENSE During your turn, the first time you move a character here, you may deal 1 damage to chosen character. If the moved character is a Knight, deal 2 damage instead.","","src/cards/005/locations/204-seven-dwarfs-mine-secure-fortress.i18n.ts","translated"
"set5-205-enchanted","K7e","ci_hWb","set5","205","character","Prince Naveen","Ukulele Player","Singer 6
IT'S BEAUTIFUL, NO? When you play this character, you may play a song with cost 6 or less for free.","","src/cards/005/characters/205-prince-naveen-ukulele-player-enchanted.i18n.ts","translated"
"set5-206-enchanted","OwE","ci_FSG","set5","206","character","Vanellope von Schweetz","Sugar Rush Princess","Shift 2
I HEREBY DECREE Whenever you play another Princess character, all opposing characters get -1 {S} until the start of your next turn.","","src/cards/005/characters/206-vanellope-von-schweetz-sugar-rush-princess-enchanted.i18n.ts","translated"
"set5-207-enchanted","rBt","ci_s1g","set5","207","action","Revive","","Play a character card with cost 5 or less from your discard for free.","","src/cards/005/actions/207-revive-enchanted.i18n.ts","translated"
"set5-208-enchanted","qYX","ci_CCb","set5","208","character","Archimedes","Electrified Owl","Shift 3
Evasive
Challenger +3","","src/cards/005/characters/208-archimedes-electrified-owl-enchanted.i18n.ts","translated"
"set5-209-enchanted","tGR","ci_8YL","set5","209","character","Olaf","Happy Passenger","CLEAR THE PATH For each exerted character opponents have in play, you pay 1 {I} less to play this character.
Evasive","","src/cards/005/characters/209-olaf-happy-passenger-enchanted.i18n.ts","translated"
"set5-210-enchanted","FvQ","ci_6e1","set5","210","action","Finders Keepers","","Draw 3 cards.","","src/cards/005/actions/210-finders-keepers-enchanted.i18n.ts","translated"
"set5-211-enchanted","osr","ci_fF6","set5","211","character","Clarabelle","Light on Her Hooves","Shift 5
KEEP IN STEP At the end of your turn, if chosen opponent has more cards in their hand than you, you may draw cards until you have the same number.","","src/cards/005/characters/211-clarabelle-light-on-her-hooves-enchanted.i18n.ts","translated"
"set5-212-enchanted","nHT","ci_f3P","set5","212","character","Scar","Vengeful Lion","Ward
LIFE'S NOT FAIR, IS IT? Whenever one of your characters challenges a damaged character, you may draw a card.","","src/cards/005/characters/212-scar-vengeful-lion-enchanted.i18n.ts","translated"
"set5-213-enchanted","OUH","ci_IPh","set5","213","action","You're Welcome","","Shuffle chosen character, item, or location into their player's deck. That player draws 2 cards.","","src/cards/005/actions/213-youre-welcome-enchanted.i18n.ts","translated"
"set5-214-enchanted","lob","ci_gl4","set5","214","character","Donald Duck","Pie Slinger","Shift 4
HUMBLE PIE When you play this character, if you used Shift to play him, each opponent loses 2 lore.
RAGING DUCK While an opponent has 10 or more lore, this character gets +6 {S}.","","src/cards/005/characters/214-donald-duck-pie-slinger-enchanted.i18n.ts","translated"
"set5-215-enchanted","p30","ci_qwp","set5","215","character","Robin Hood","Sharpshooter","MY GREATEST PERFORMANCE Whenever this character quests, look at the top 4 cards of your deck. You may reveal an action card with cost 6 or less and play it for free. Put the rest in your discard.","","src/cards/005/characters/215-robin-hood-sharpshooter-enchanted.i18n.ts","translated"
"set5-216-enchanted","lZk","ci_dzD","set5","216","location","Ratigan's Party","Seedy Back Room","MISFITS' REVELRY While you have a damaged character here, this location gets +2 {L}.","","src/cards/005/locations/216-ratigans-party-seedy-back-room-enchanted.i18n.ts","translated"
"set5-217-enchanted","1PK","ci_Q4A","set5","217","character","Mufasa","Ruler of Pride Rock","A DELICATE BALANCE When you play this character, exert all cards in your inkwell, then return 2 cards at random from your inkwell to your hand.
EVERYTHING THE LIGHT TOUCHES Whenever this character quests, ready all cards in your inkwell.","","src/cards/005/characters/217-mufasa-ruler-of-pride-rock-enchanted.i18n.ts","translated"
"set5-218-enchanted","S7N","ci_KFt","set5","218","character","King Candy","Sweet Abomination","Shift 3
CHANGING THE CODE When you play this character, you may draw 2 cards, then put a card from your hand on the bottom of your deck.","","src/cards/005/characters/218-king-candy-sweet-abomination-enchanted.i18n.ts","translated"
"set5-219-enchanted","ELS","ci_MQW","set5","219","action","Royal Tantrum","","Banish any number of your items, then draw a card for each item banished this way.","","src/cards/005/actions/219-royal-tantrum-enchanted.i18n.ts","translated"
"set5-220-enchanted","htq","ci_Z93","set5","220","character","Snow White","Fair-Hearted","NATURAL LEADER This character gains Resist +1 for each other Knight character you have in play.","","src/cards/005/characters/220-snow-white-fair-hearted-enchanted.i18n.ts","translated"
"set5-221-enchanted","YJg","ci_KRT","set5","221","character","Arthur","King Victorious","Shift 5
KNIGHTED BY THE KING When you play this character, chosen character gains Challenger +2 and Resist +2 and can challenge ready characters this turn. (They get +2 {S} while challenging. Damage dealt to them is reduced by 2.)","","src/cards/005/characters/221-arthur-king-victorious-enchanted.i18n.ts","translated"
"set5-222-enchanted","UAt","ci_Uqb","set5","222","location","Bad-Anon","Villain Support Center","THERE'S NO ONE I'D RATHER BE THAN ME Villain characters gain ""{E}, 3 {I} — Play a character with the same name as this character for free"" while here.","","src/cards/005/locations/222-bad-anon-villain-support-center-enchanted.i18n.ts","translated"
"set5-223-epic","Vry","ci_o4o","set5","223","item","Half Hexwell Crown","","AN UNEXPECTED FIND {E}, 2 {I} — Draw a card.
A PERILOUS POWER {E}, 2 {I}, Discard a card — Exert chosen character.","Even incomplete, the broken crown holds dark and mysterious powers.","src/cards/005/items/223-half-hexwell-crown-epic.i18n.ts","translated"
"set5-c1-006-challenge","khY","ci_20P","set5-c1","6","action","Invited to the Ball","","Reveal the top 2 cards of your deck. Put revealed character cards into your hand. Put the rest on the bottom of your deck in any order.","","src/cards/005/actions/c1-006-invited-to-the-ball-challenge.i18n.ts","translated"
"set5-c1-007-challenge","hHG","ci_kvC","set5-c1","7","location","Elsa's Ice Palace","Place of Solitude","ETERNAL WINTER When you play this location, choose an exerted character. While this location is in play, that character can't ready at the start of their turn.","","src/cards/005/locations/c1-007-elsas-ice-palace-place-of-solitude-challenge.i18n.ts","translated"
"set5-d23-005","dCj","ci_FSG","set5-d23","5","character","Vanellope von Schweetz","Sugar Rush Princess","Shift 2

\I Hereby Decree\ Whenever you play another Princess character, all opposing characters get -1 {S} until the start of your next turn.","","src/cards/005/characters/d23-005-vanellope-von-schweetz-sugar-rush-princess.i18n.ts","translated"
"set5-p2-001-promo","EQI","ci_ktV","set5-p2","1","character","Prince John","Gold Lover","BEAUTIFUL, LOVELY TAXES {E} — Play an item from your hand or discard with cost 5 or less for free, exerted.","","src/cards/005/characters/p2-001-prince-john-gold-lover-promo.i18n.ts","translated"
"set5-p2-002-promo","2wu","ci_8g7","set5-p2","2","character","Kristoff","Reindeer Keeper","SONG OF THE HERD For each song card in your discard, you pay 1 {I} less to play this character.
Bodyguard","","src/cards/005/characters/p2-002-kristoff-reindeer-keeper-promo.i18n.ts","translated"
"set5-p2-003-challenge","LZw","ci_HeX","set5-p2","3","character","Nala","Mischievous Cub","undefined","","src/cards/005/characters/p2-003-nala-mischievous-cub-challenge.i18n.ts","translated"
"set5-p2-004-challenge","beW","ci_6e1","set5-p2","4","action","Finders Keepers","","Draw 3 cards.","","src/cards/005/actions/p2-004-finders-keepers-challenge.i18n.ts","translated"
"set5-p2-005-challenge","hUP","ci_4rT","set5-p2","5","character","Chicha","Dedicated Mother","Support
ONE ON THE WAY During your turn, when you put a card into your inkwell, if it's the second card you've put into your inkwell this turn, you may draw a card.","","src/cards/005/characters/p2-005-chicha-dedicated-mother-challenge.i18n.ts","translated"
"set5-p2-006-challenge","wDE","ci_Jx1","set5-p2","6","character","Stitch","Team Underdog","HEAVE HO! When you play this character, you may deal 2 damage to chosen character.","","src/cards/005/characters/p2-006-stitch-team-underdog-challenge.i18n.ts","translated"
"set5-p2-007-challenge","LAC","ci_t20","set5-p2","7","character","Mirabel Madrigal","Family Gatherer","NOT WITHOUT MY FAMILY You can't play this character unless you have 5 or more characters in play.","","src/cards/005/characters/p2-007-mirabel-madrigal-family-gatherer-challenge.i18n.ts","translated"
"set5-p3-006-promo","3gc","ci_BaR","set5-p3","6","character","Elsa","The Fifth Spirit","Rush
Evasive
CRYSTALLIZE When you play this character, exert chosen opposing character.","","src/cards/005/characters/p3-006-elsa-the-fifth-spirit-promo.i18n.ts","translated"
"set6-001","6MA","ci_6MA","set6","1","character","Owl","Pirate Lookout","WELL SPOTTED During your turn, whenever a card is put into your inkwell, chosen opposing character gets -1 {S} until the start of your next turn.","I say, land who! Er, ho—land ho!","src/cards/006/characters/001-owl-pirate-lookout.i18n.ts","translated"
"set6-002","wvZ","ci_QQH","set6","2","character","Lilo","Escape Artist","NO PLACE I'D RATHER BE At the start of your turn, if this card is in your discard, you may play her and she enters play exerted.","You can’t keep me away from the fun!","src/cards/006/characters/002-lilo-escape-artist.i18n.ts","translated"
"set6-003","R7L","ci_R7L","set6","3","character","Winnie the Pooh","Hunny Pirate","Support

WE'RE PIRATES, YOU SEE Whenever this character quests, you pay 1 {I} less for the next Pirate character you play this turn.","","src/cards/006/characters/003-winnie-the-pooh-hunny-pirate.i18n.ts","translated"
"set6-004","y4b","ci_y4b","set6","4","character","Gopher","Ship's Carpenter","undefined","I keep fixin’ this same ding-danged hole! I should start charging overtime, plus 10 percent.","src/cards/006/characters/004-gopher-ships-carpenter.i18n.ts","translated"
"set6-005","FnI","ci_FnI","set6","5","character","Simba","Happy-Go-Lucky","undefined","Look at that water, and those birds! Wow. Wait 'til Timon and Pumbaa see this!","src/cards/006/characters/005-simba-happy-go-lucky.i18n.ts","translated"
"set6-006","CN5","ci_CN5","set6","6","character","Chip","Friend Indeed","DALE'S PARTNER When you play this character, chosen character gets +1 {L} this turn.","Come on, Dale—this is no time for hanging around!","src/cards/006/characters/006-chip-friend-indeed.i18n.ts","translated"
"set6-007","y2t","ci_y2t","set6","7","character","Dale","Friend in Need","CHIP'S PARTNER This character enters play exerted unless you have a character named Chip in play.","But Chip, hanging around is what I do best!","src/cards/006/characters/007-dale-friend-in-need.i18n.ts","translated"
"set6-008","Xi4","ci_Xi4","set6","8","character","David","Impressive Surfer","SHOWING OFF While you have a character named Nani in play, this character gets +2 {L}.","Grab a board and come on out! Choice waves today.","src/cards/006/characters/008-david-impressive-surfer.i18n.ts","translated"
"set6-009","rPA","ci_rPA","set6","9","character","Prince Naveen","Vigilant First Mate","Shift 3
Bodyguard","","src/cards/006/characters/009-prince-naveen-vigilant-first-mate.i18n.ts","translated"
"set6-010","dBs","ci_dBs","set6","10","character","Prince Naveen","Carefree Explorer","undefined","Dance little friends—fill the air with light and joy. Achidanza! It is like seeing music come to life.","src/cards/006/characters/010-prince-naveen-carefree-explorer.i18n.ts","translated"
"set6-011","XdU","ci_XdU","set6","11","character","Chief Bogo","Gazelle Fan","YOU LIKE GAZELLE TOO? While you have a character named Gazelle in play, this character gains Singer 6. (He counts as cost 6 to sing songs.)","","src/cards/006/characters/011-chief-bogo-gazelle-fan.i18n.ts","translated"
"set6-012","kcI","ci_kcI","set6","12","character","Chip","Ranger Leader","THE VALUE OF FRIENDSHIP While you have a character named Dale in play, this character gains Support. (Whenever they quest, you may add their {S} to another chosen character's {S} this turn.)","","src/cards/006/characters/012-chip-ranger-leader.i18n.ts","translated"
"set6-013","uAr","ci_uAr","set6","13","character","Monterey Jack","Good-Hearted Ranger","undefined","There’s only one thing I like more than cheese—nothin’.","src/cards/006/characters/013-monterey-jack-good-hearted-ranger.i18n.ts","translated"
"set6-014","Xln","ci_0J8","set6","14","character","Chip 'n' Dale","Recovery Rangers","Shift 5
(This character counts as being named both Chip and Dale.)
SEARCH AND RESCUE During your turn, whenever a card is put into your inkwell, you may return a character card from your discard to your hand.","","src/cards/006/characters/014-chip-n-dale-recovery-rangers.i18n.ts","translated"
"set6-015","Z78","ci_Z78","set6","15","character","Judy Hopps","Resourceful Rabbit","Support

NEED SOME HELP? At the end of your turn, you may ready another chosen character of yours.","","src/cards/006/characters/015-judy-hopps-resourceful-rabbit.i18n.ts","translated"
"set6-016","IGi","ci_1Oj","set6","16","character","Tiana","Restaurant Owner","SPECIAL RESERVATION Whenever a character of yours is challenged while this character is exerted, the challenging character gets -3 {S} this turn unless their player pays 3 {I}.","The only way to get what you want in this world is through hard work.","src/cards/006/characters/016-tiana-restaurant-owner.i18n.ts","translated"
"set6-017","Lt8","ci_Lt8","set6","17","character","Grand Councilwoman","Federation Leader","FIND IT! Whenever this character quests, your other Alien characters get +1 {L} this turn.","I want an expert on this planet in here now!","src/cards/006/characters/017-grand-councilwoman-federation-leader.i18n.ts","translated"
"set6-018","gNk","ci_gNk","set6","18","character","Dale","Mischievous Ranger","NUTS ABOUT PRANKS When you play this character, you may put the top 3 cards of your deck into your discard to give chosen character -3 {S} until the start of your next turn.","","src/cards/006/characters/018-dale-mischievous-ranger.i18n.ts","translated"
"set6-019","eOi","ci_eOi","set6","19","character","Nani","Caring Sister","Support
I AM SO SORRY 2 {I} — Chosen character gets -1 {S} until the start of your next turn.","","src/cards/006/characters/019-nani-caring-sister.i18n.ts","translated"
"set6-020","rdg","ci_pBr","set6","20","character","Simba","Pride Protector","Shift 3
UNDERSTAND THE BALANCE At the end of your turn, if this character is exerted, you may ready your other characters.","","src/cards/006/characters/020-simba-pride-protector.i18n.ts","translated"
"set6-021","jsu","ci_jsu","set6","21","character","Kanga","Nurturing Mother","SAFE AND SOUND Whenever this character quests, choose a character of yours and that character can't be challenged until the start of your next turn.","My, you’ve had an awfully big adventure. Now it’s time to rest.","src/cards/006/characters/021-kanga-nurturing-mother.i18n.ts","translated"
"set6-022","p9G","ci_p9G","set6","22","character","Rabbit","Indignant Pirate","BE MORE CAREFUL When you play this character, you may remove up to 1 damage from chosen character.","See? I <told> you it was dangerous out there!","src/cards/006/characters/022-rabbit-indignant-pirate.i18n.ts","translated"
"set6-023","JPo","ci_JPo","set6","23","character","Roo","Littlest Pirate","I'M A PIRATE TOO! When you play this character, you may give chosen character -2 {S} until the start of your next turn.","Look at all my ships, mama! We’re going on the Azurite Sea!","src/cards/006/characters/023-roo-littlest-pirate.i18n.ts","translated"
"set6-024","WCV","ci_WCV","set6","24","character","Mr. Litwak","Arcade Owner","THE GANG'S ALL HERE Once during your turn, whenever you play another character, you may ready this character. He can't quest or challenge for the rest of this turn.","Come on in. Good to see you.","src/cards/006/characters/024-mr-litwak-arcade-owner.i18n.ts","translated"
"set6-025","I2f","ci_I2f","set6","25","character","Jim Hawkins","Honorable Pirate","Bodyguard
HIRE A CREW When you play this character, look at the top 4 cards of your deck. You may reveal any number of Pirate character cards and put them into your hand. Put the rest on the bottom of your deck in any order.","","src/cards/006/characters/025-jim-hawkins-honorable-pirate.i18n.ts","translated"
"set6-026","Yiv","ci_Yiv","set6","26","character","Stitch","Little Trickster","NEED A HAND? 1 {I} — This character gets +1 {S} this turn.","Always ready in an emergency—usually because he caused it.","src/cards/006/characters/026-stitch-little-trickster.i18n.ts","translated"
"set6-027","B7K","ci_B7K","set6","27","action","Good Job!","","Chosen character gets +1 {L} this turn.","Be proud of that badge. You earned it. —Judy Hopps","src/cards/006/actions/027-good-job.i18n.ts","translated"
"set6-028","j2a","ci_j2a","set6","28","action","I Won't Give In","","Return a character card with cost 2 or less from your discard to your hand.","'Til I reach the end, and then I'll start again","src/cards/006/actions/028-i-wont-give-in.i18n.ts","translated"
"set6-029","wx1","ci_kMt","set6","29","action","Rescue Rangers Away!","","Count the number of characters you have in play. Chosen character loses {S} equal to that number until the start of your next turn.","","src/cards/006/actions/029-rescue-rangers-away.i18n.ts","translated"
"set6-030","JNT","ci_JNT","set6","30","action","Safe and Sound","","Chosen character of yours can't be challenged until the start of your next turn.","Here I am, mama!","src/cards/006/actions/030-safe-and-sound.i18n.ts","translated"
"set6-031","2CJ","ci_2CJ","set6","31","item","Naveen's Ukulele","","MAKE IT SING 1 {I}, Banish this item — Chosen character counts as having +3 cost to sing songs this turn.","I love this instrument! I strum, everyone dances. —Prince Naveen","src/cards/006/items/031-naveens-ukulele.i18n.ts","translated"
"set6-032","zKX","ci_zKX","set6","32","item","Pooh Pirate Ship","","MAKE A RESCUE {E}, 3 {I} — Return a Pirate character card from your discard to your hand.","The friendliest ship on the Azurite Sea.","src/cards/006/items/032-pooh-pirate-ship.i18n.ts","translated"
"set6-033","9I8","ci_9I8","set6","33","item","Scrump","","I MADE HER {E} one of your characters — Chosen character gets -2 {S} until the start of your next turn.","Her head is too big. So I pretend a bug laid eggs in her ears... —Lilo","src/cards/006/items/033-scrump.i18n.ts","translated"
"set6-034","QM4","ci_QM4","set6","34","location","Hundred Acre Island","Pooh's Home","FRIENDS FOREVER During an opponent's turn, whenever a character is banished here, gain 1 lore.","","src/cards/006/locations/034-hundred-acre-island-poohs-home.i18n.ts","translated"
"set6-035","kh2","ci_jO7","set6","35","location","Sugar Rush Speedway","Finish Line","BRING IT HOME, LITTLE ONE! When you move a character here from another location, you may banish this location to gain 3 lore and draw 3 cards.","","src/cards/006/locations/035-sugar-rush-speedway-finish-line.i18n.ts","translated"
"set6-036","x5y","ci_x5y","set6","36","character","Hades","Lord of the Dead","SOUL COLLECTOR Whenever one of your other characters is banished during the opponent's turn, gain 2 lore.","You could say I’m big on the <catch>, not so much on the <release>.","src/cards/006/characters/036-hades-lord-of-the-dead.i18n.ts","translated"
"set6-037","SKE","ci_SKE","set6","37","character","Madam Mim","Tiny Adversary","Challenger +1
ZIM ZABBERIM ZIM Your other characters gain Challenger +1.","","src/cards/006/characters/037-madam-mim-tiny-adversary.i18n.ts","translated"
"set6-038","nk3","ci_nk3","set6","38","character","Genie","Excited Shipbuilder","undefined","For the indecisive sailor we have three, count 'em, <three> ships in one! It sails, it flies, it juliennes fries! All for the low price of just one wish.","src/cards/006/characters/038-genie-excited-shipbuilder.i18n.ts","translated"
"set6-039","qi6","ci_qi6","set6","39","character","Sisu","In Her Element","Challenger +2 (While challenging, this character gets +2 {S}).","I'm a water dragon. This is water. It's sort of my thing.","src/cards/006/characters/039-sisu-in-her-element.i18n.ts","translated"
"set6-040","ZnW","ci_ZnW","set6","40","character","The White Rose","Jewel of the Garden","THE BEAUTY OF THE WORLD When you play this character, gain 1 lore.","You can learn a lot of things from the flowers... —Alice","src/cards/006/characters/040-the-white-rose-jewel-of-the-garden.i18n.ts","translated"
"set6-041","N2e","ci_N2e","set6","41","character","Juju","Mama Odie's Companion","BEES' KNEES When you play this character, move 1 damage counter from chosen character to chosen opposing character.","Juju! You get yourself out of that there magic, you bad boy! —Mama Odie","src/cards/006/characters/041-juju-mama-odies-companion.i18n.ts","translated"
"set6-042","9vV","ci_9vV","set6","42","character","Rafiki","Shaman of the Savanna","undefined","The signs, they never lie. The snake thinks he’s planned for everything... Oh, ho, ho! He forgot about the owl. There’s hope yet!","src/cards/006/characters/042-rafiki-shaman-of-the-savanna.i18n.ts","translated"
"set6-043","kEF","ci_kEF","set6","43","character","Tinker Bell","Fast Flier","Evasive","She zips through the waves without a drop of water touching her.","src/cards/006/characters/043-tinker-bell-fast-flier.i18n.ts","translated"
"set6-044","BhW","ci_BhW","set6","44","character","The Carpenter","Dinner Companion","I'LL GET YOU! When this character is banished, you may exert chosen character.","The Carpenter’s stomach growled as he clenched his hammer tight . . .","src/cards/006/characters/044-the-carpenter-dinner-companion.i18n.ts","translated"
"set6-045","Swd","ci_Swd","set6","45","character","Iago","Reappearing Parrot","GUESS WHO When this character is banished in a challenge, return this card to your hand.","You think you can get rid of me <that> easy?!","src/cards/006/characters/045-iago-reappearing-parrot.i18n.ts","translated"
"set6-046","2Yy","ci_2Yy","set6","46","character","The Walrus","Greedy Gourmand","undefined","... While the Walrus finished off the lot, down to the final bite.","src/cards/006/characters/046-the-walrus-greedy-gourmand.i18n.ts","translated"
"set6-047","7Y4","ci_7Y4","set6","47","character","Scar","Tempestuous Lion","Rush
Challenger +3","","src/cards/006/characters/047-scar-tempestuous-lion.i18n.ts","translated"
"set6-048","yE4","ci_yE4","set6","48","character","Tinker Bell","Queen of the Azurite Fairies","Shift 5
Evasive
SHINING EXAMPLE Whenever this character quests, your other Fairy characters get +1 {L} this turn.","","src/cards/006/characters/048-tinker-bell-queen-of-the-azurite-fairies.i18n.ts","translated"
"set6-049","kjK","ci_kjK","set6","49","character","Diablo","Obedient Raven","FLY, MY PET! When this character is banished, you may draw a card.","Go, and do not fail me. —Maleficent","src/cards/006/characters/049-diablo-obedient-raven.i18n.ts","translated"
"set6-050","don","ci_don","set6","50","character","March Hare","Absurd Host","Rush","Clear the table? Don't mind if I do!","src/cards/006/characters/050-march-hare-absurd-host.i18n.ts","translated"
"set6-051","2JV","ci_2JV","set6","51","character","Magic Carpet","Amazing Flier","undefined","Carpet’s always come through for us before! He won’t let us down now. —Jasmine","src/cards/006/characters/051-magic-carpet-amazing-flier.i18n.ts","translated"
"set6-052","4UH","ci_ts7","set6","52","character","Rafiki","Ethereal Guide","Shift 7
ASTRAL ATTUNEMENT During your turn, whenever a card is put into your inkwell, you may draw a card.","","src/cards/006/characters/052-rafiki-ethereal-guide.i18n.ts","translated"
"set6-053","B2Y","ci_M3n","set6","53","character","Genie","Wish Fulfilled","Evasive
WHAT HAPPENS NOW? When you play this character, draw a card.","Oh, does that feel good!","src/cards/006/characters/053-genie-wish-fulfilled.i18n.ts","translated"
"set6-054","gRx","ci_gRx","set6","54","character","Sisu","Uniting Dragon","TRUST BUILDS TRUST Whenever this character quests, reveal the top card of your deck. If it's a Dragon character card, put it into your hand and repeat this effect. Otherwise, put it on either the top or the bottom of your deck.","","src/cards/006/characters/054-sisu-uniting-dragon.i18n.ts","translated"
"set6-055","I6q","ci_I6q","set6","55","character","Madam Mim","Truly Marvelous","OH, BAT GIZZARDS 2 {I}, Choose and discard a card — Gain 1 lore.","I’ll give you a sporting chance. I’m mad about games, you know.","src/cards/006/characters/055-madam-mim-truly-marvelous.i18n.ts","translated"
"set6-056","0iA","ci_O2Y","set6","56","character","Yzma","Conniving Chemist","FEEL THE POWER {E} — If you have fewer than 3 cards in your hand, draw until you have 3 cards in your hand.","One of these has got to work. Let’s see what happens.","src/cards/006/characters/056-yzma-conniving-chemist.i18n.ts","translated"
"set6-057","Few","ci_Few","set6","57","character","Mama Odie","Solitary Sage","I HAVE TO DO EVERYTHING AROUND HERE Whenever you play a song, you may move up to 2 damage counters from chosen character to chosen opposing character.","","src/cards/006/characters/057-mama-odie-solitary-sage.i18n.ts","translated"
"set6-058","3qg","ci_3qg","set6","58","character","Peter Pan","Shadow Catcher","GOTCHA! During your turn, whenever a card is put into your inkwell, exert chosen opposing character.","You’re not getting away from me this time!","src/cards/006/characters/058-peter-pan-shadow-catcher.i18n.ts","translated"
"set6-059","u3f","ci_u3f","set6","59","character","Mad Hatter","Eccentric Host","WE'LL HAVE TO LOOK INTO THIS Whenever this character quests, you may look at the top card of chosen player's deck. Put it on top of their deck or into their discard.","","src/cards/006/characters/059-mad-hatter-eccentric-host.i18n.ts","translated"
"set6-060","Nv8","ci_Nv8","set6","60","action","A Very Merry Unbirthday","","Each opponent puts the top 2 cards of their deck into their discard.","Now blow the candle out, my dear And make your wish come true","src/cards/006/actions/060-a-very-merry-unbirthday.i18n.ts","translated"
"set6-061","o38","ci_o38","set6","61","character","Genie","Wonderful Trickster","Shift 5
YOUR REWARD AWAITS Whenever you play a card, draw a card.
FORBIDDEN TREASURE At the end of your turn, put all the cards in your hand on the bottom of your deck in any order.","","src/cards/006/characters/061-genie-wonderful-trickster.i18n.ts","translated"
"set6-062","sXO","ci_sXO","set6","62","action","Making Magic","","Move 1 damage counter from chosen character to chosen opposing character. Draw a card.","That’s got some zang to it! —Mama Odie","src/cards/006/actions/062-making-magic.i18n.ts","translated"
"set6-063","Aft","ci_Aft","set6","63","action","Lose the Way","","Exert chosen character. Then, you may choose and discard a card. If you do, the exerted character can't ready at the start of their next turn.","Well, when one's lost, I suppose it’s good advice to stay where you are until someone finds you. —Alice","src/cards/006/actions/063-lose-the-way.i18n.ts","translated"
"set6-064","Kza","ci_xtY","set6","64","action","Seeking the Half Crown","","For each Sorcerer character you have in play, you pay 1 {I} less to play this action.
Draw 2 cards.","I see the other half, in the Inklands. Quick, my tiny companion! Fetch me that crown! —Jafar","src/cards/006/actions/064-seeking-the-half-crown.i18n.ts","translated"
"set6-065","8Jv","ci_O2Q","set6","65","item","Maleficent's Staff","","BACK, FOOLS! Whenever one of your opponents' characters, items, or locations is returned to their hand from play, gain 1 lore.","","src/cards/006/items/065-maleficents-staff.i18n.ts","translated"
"set6-066","fMK","ci_fMK","set6","66","item","Mad Hatter's Teapot","","NO ROOM, NO ROOM {E}, 1 {I} — Each opponent puts the top card of their deck into their discard.","Alice: My goodness, the tea missed the cup! Mad Hatter: No, no, my dear—the cup missed the tea!","src/cards/006/items/066-mad-hatters-teapot.i18n.ts","translated"
"set6-067","lTK","ci_lTK","set6","67","item","Pixie Dust","","FAITH AND TRUST {E}, {2} {I} — Chosen character gains Challenger +2 and Evasive until the start of your next turn. (While challenging, they get +2 {1}. Only characters with Evasive can challenge them.)","","src/cards/006/items/067-pixie-dust.i18n.ts","translated"
"set6-068","3Go","ci_3Go","set6","68","location","Fairy Ship","Royal Vessel","undefined","Legends say that whenever something goes missing, it’s been taken to build the fairy ships of the Azurite Sea.","src/cards/006/locations/068-fairy-ship-royal-vessel.i18n.ts","translated"
"set6-069","6Fu","ci_6Fu","set6","69","location","Mystical Tree","Mama Odie's Home","NOT BAD At the start of your turn, you may move 1 damage counter from chosen character here to chosen opposing character.

HARD-EARNED WISDOM At the start of your turn, if you have a character named Mama Odie here, gain 1 lore.","","src/cards/006/locations/069-mystical-tree-mama-odies-home.i18n.ts","translated"
"set6-070","Iyt","ci_Iyt","set6","70","character","Jasmine","Royal Seafarer","BY ORDER OF THE PRINCESS When you play this character, choose one:
* Exert chosen damaged character.
* Chosen opposing character gains Reckless during their next turn. (They can't quest and must challenge if able.)","","src/cards/006/characters/070-jasmine-royal-seafarer.i18n.ts","translated"
"set6-071","2U6","ci_2U6","set6","71","character","Captain Hook","Underhanded","INSPIRES DREAD While this character is exerted, opposing Pirate characters can't quest.
UPPER HAND Whenever this character is challenged, draw a card.","","src/cards/006/characters/071-captain-hook-underhanded.i18n.ts","translated"
"set6-072","zea","ci_bae","set6","72","character","Stitch","Alien Buccaneer","Shift 3
READY FOR ACTION When you play this character, if you used Shift to play him, you may put an action card from your discard on the top of your deck.","","src/cards/006/characters/072-stitch-alien-buccaneer.i18n.ts","translated"
"set6-073","4JN","ci_4JN","set6","73","character","Go Go Tomago","Darting Dynamo","Evasive
STOP WHINING, WOMAN UP When you play this character, you may pay 2 {I} to gain lore equal to the damage on chosen opposing character.","","src/cards/006/characters/073-go-go-tomago-darting-dynamo.i18n.ts","translated"
"set6-074","deD","ci_Fwb","set6","74","character","Honey Lemon","Chemical Genius","HERE'S THE BEST PART When you play this character, you may pay 2 {I} to have each opponent choose and discard a card.","You're going to love this!","src/cards/006/characters/074-honey-lemon-chemical-genius.i18n.ts","translated"
"set6-075","z1w","ci_z1w","set6","75","character","Fred","Mascot by Day","HOW COOL IS THAT Whenever this character is challenged, gain 2 lore.","... but by night... I am also a school mascot.","src/cards/006/characters/075-fred-mascot-by-day.i18n.ts","translated"
"set6-076","YhD","ci_YhD","set6","76","character","Tootles","Lost Boy","undefined","Every Lost Boy has a favorite hiding spot. Tootles has twelve.","src/cards/006/characters/076-tootles-lost-boy.i18n.ts","translated"
"set6-077","hiv","ci_hiv","set6","77","character","Dawson","Basil's Assistant","undefined","By Jove, he must be around here somewhere. Basil! Basil! Shout if—aaahhh!","src/cards/006/characters/077-dawson-basils-assistant.i18n.ts","translated"
"set6-078","tMg","ci_tMg","set6","78","character","Heathcliff","Stoic Butler","Ward","Loyal butler, training target, helicopter pilot—and completely unflappable.","src/cards/006/characters/078-heathcliff-stoic-butler.i18n.ts","translated"
"set6-079","Fyz","ci_Fyz","set6","79","character","Basil","Hypnotized Mouse","Evasive","Hmm. Footprints from a large... owl? With droplets of water? Clearly some avian menace has crossed the Azurite Sea and absconded with the crown!","src/cards/006/characters/079-basil-hypnotized-mouse.i18n.ts","translated"
"set6-080","LAI","ci_LAI","set6","80","character","Donald Duck","First Mate","CAPTAIN ON DECK While you have a Captain character in play, this character gets +2 {L}.","A promotion! It's about time someone recognized my natural leadership skills!","src/cards/006/characters/080-donald-duck-first-mate.i18n.ts","translated"
"set6-081","sgl","ci_k0g","set6","81","character","Daisy Duck","Pirate Captain","DISTANT SHORES Whenever one of your Pirate characters quests while at a location, draw a card.","The answers we’re looking for are on the other side of that maze, I just know it!","src/cards/006/characters/081-daisy-duck-pirate-captain.i18n.ts","translated"
"set6-082","Tkf","ci_Tkf","set6","82","character","Mertle Edmonds","Lilo's Rival","undefined","Get out of my way before I run you over.","src/cards/006/characters/082-mertle-edmonds-lilos-rival.i18n.ts","translated"
"set6-083","ccM","ci_ccM","set6","83","character","Prince Phillip","Royal Explorer","Ward","A clear head and a calm hand will see you through uncharted waters.","src/cards/006/characters/083-prince-phillip-royal-explorer.i18n.ts","translated"
"set6-084","J56","ci_J56","set6","84","character","Jasmine","Royal Commodore","Shift 5
RULER OF THE SEAS When you play this character, if you used Shift to play her, return all other exerted characters to their players' hands.","","src/cards/006/characters/084-jasmine-royal-commodore.i18n.ts","translated"
"set6-085","QDn","ci_QDn","set6","85","character","Peter Pan","Never Land Prankster","LOOK INNOCENT This character enters play exerted.
CAN'T TAKE A JOKE? While this character is exerted, each opposing player can't gain lore unless one of their characters has challenged this turn.","","src/cards/006/characters/085-peter-pan-never-land-prankster.i18n.ts","translated"
"set6-086","7Td","ci_7Td","set6","86","character","Hercules","Baby Demigod","Ward
STRONG LIKE HIS DAD 3 {I} — Deal 1 damage to chosen damaged character.","","src/cards/006/characters/086-hercules-baby-demigod.i18n.ts","translated"
"set6-087","kZO","ci_kZO","set6","87","character","Alistair Krei","Ambitious Entrepreneur","AN EYE FOR TECH When you play this character, if an opponent has an item in play, gain 1 lore.","Sleek yet strong... These inkrunners are an extraordinary feat of engineering.","src/cards/006/characters/087-alistair-krei-ambitious-entrepreneur.i18n.ts","translated"
"set6-088","pGq","ci_pGq","set6","88","character","Gazelle","Angel with Horns","YOU ARE A REALLY HOT DANCER When you play this character, chosen character gains Evasive until the start of your next turn.","","src/cards/006/characters/088-gazelle-angel-with-horns.i18n.ts","translated"
"set6-089","T9c","ci_usY","set6","89","character","Goofy","Expert Shipwright","Ward
CLEVER DESIGN Whenever this character quests, chosen character gains Ward until the start of your next turn.","","src/cards/006/characters/089-goofy-expert-shipwright.i18n.ts","translated"
"set6-090","2R6","ci_2R6","set6","90","character","Bellwether","Assistant Mayor","FEAR ALWAYS WORKS During your turn, whenever a card is put into your inkwell, chosen opposing character gains Reckless during their next turn. (They can't quest and must challenge if able.)","","src/cards/006/characters/090-bellwether-assistant-mayor.i18n.ts","translated"
"set6-091","357","ci_h57","set6","91","character","Basil","Disguised Detective","Shift 4
TWISTS AND TURNS During your turn, whenever a card is put into your inkwell, you may pay 1 {I} to have chosen opponent choose and discard a card.","","src/cards/006/characters/091-basil-disguised-detective.i18n.ts","translated"
"set6-092","jsP","ci_jsP","set6","92","character","Olivia Flaversham","The Toymaker's Daughter","undefined","She had searched high and low in the Illuminary for any hint of Basil. Instead, she found something completely unexpected...","src/cards/006/characters/092-olivia-flaversham-the-toymakers-daughter.i18n.ts","translated"
"set6-093","7l9","ci_7l9","set6","93","action","Bend to My Will","","Each opponent discards all cards in their hand.","At last! This is where your luck runs out!","src/cards/006/actions/093-bend-to-my-will.i18n.ts","translated"
"set6-094","ZLw","ci_ZLw","set6","94","action","Prepare to Board!","","Chosen character gets +2 {S} this turn. If a Pirate character is chosen, they get +3 {S} instead.","Bring me the treasure, bring me that ship, and bring me Peter Pan! —Captain Hook","src/cards/006/actions/094-prepare-to-board.i18n.ts","translated"
"set6-095","Iby","ci_Iby","set6","95","action","Heffalumps and Woozles","","Chosen opposing character can't quest during their next turn. Draw a card.","If honey’s what you covet, you’ll find that they love it","src/cards/006/actions/095-heffalumps-and-woozles.i18n.ts","translated"
"set6-096","wew","ci_wew","set6","96","action","Mosquito Bite","","Put 1 damage counter on chosen character.","Don’t move. A mosquito has chosen me as her perch. She’s so... beautiful.","src/cards/006/actions/096-mosquito-bite.i18n.ts","translated"
"set6-097","A1c","ci_wY5","set6","97","action","You Came Back","","Ready chosen character.","Nobody gets left behind. —Stitch","src/cards/006/actions/097-you-came-back.i18n.ts","translated"
"set6-098","Bvz","ci_Bvz","set6","98","item","MegaBot","","HAPPY FACE This item enters play exerted.
DESTROY! {E}, Banish this item — Choose one:
* Banish chosen item.
* Banish chosen damaged character.","","src/cards/006/items/098-megabot.i18n.ts","translated"
"set6-099","SR9","ci_SR9","set6","99","item","Galactic Communicator","","RESOURCE ALLOCATION 1 {I}, Banish this item — Return chosen character with 2 {S} or less to their player's hand.","The best way to keep in touch with those you're looking for.","src/cards/006/items/099-galactic-communicator.i18n.ts","translated"
"set6-100","prE","ci_prE","set6","100","item","Transport Pod","","GIVE 'EM A SHOW At the start of your turn, you may move a character of yours to a location for free.","We've reinvented the very concept of transportation. —Alistair Krei","src/cards/006/items/100-transport-pod.i18n.ts","translated"
"set6-101","e5W","ci_e5W","set6","101","location","Perilous Maze","Watery Labyrinth","LOST IN THE WAVES Whenever a character is challenged while here, each opponent chooses and discards a card.","","src/cards/006/locations/101-perilous-maze-watery-labyrinth.i18n.ts","translated"
"set6-102","nw9","ci_nw9","set6","102","location","Owl Island","Secluded Entrance","TEAMWORK For each character you have here, you pay 1 {I} less for the first action you play each turn.
LOTS TO LEARN Whenever you play a second action in a turn, gain 3 lore.","","src/cards/006/locations/102-owl-island-secluded-entrance.i18n.ts","translated"
"set6-103","xEw","ci_xLf","set6","103","character","Mickey Mouse","Pirate Captain","Shift 3
MARINER'S MIGHT Whenever this character quests, chosen Pirate character gets +2 {S} and gains ""This character takes no damage from challenges"" this turn.","","src/cards/006/characters/103-mickey-mouse-pirate-captain.i18n.ts","translated"
"set6-104","w0G","ci_w0G","set6","104","character","Kakamora","Boarding Party","Rush","Moana: Do you think they saw us? Maui: They saw us.","src/cards/006/characters/104-kakamora-boarding-party.i18n.ts","translated"
"set6-105","AVY","ci_AVY","set6","105","character","Kakamora","Pirate Pitcher","DIZZYING SPEED When you play this character, chosen Pirate character gains Evasive until the start of your next turn.","","src/cards/006/characters/105-kakamora-pirate-pitcher.i18n.ts","translated"
"set6-106","5EC","ci_5EC","set6","106","character","Jasmine","Rebellious Princess","YOU'LL NEVER MISS IT Whenever this character quests, each opponent loses 1 lore.","Even the smallest mouse can make the biggest difference.","src/cards/006/characters/106-jasmine-rebellious-princess.i18n.ts","translated"
"set6-107","etO","ci_aR1","set6","107","character","Raya","Kumandran Rider","COME ON, LET'S DO THIS Once during your turn, whenever a card is put into your inkwell, you may ready another chosen character of yours. They can't quest for the rest of this turn.","","src/cards/006/characters/107-raya-kumandran-rider.i18n.ts","translated"
"set6-108","AYJ","ci_AYJ","set6","108","character","Wendy Darling","Courageous Captain","Evasive
LOOK LIVELY, CREW! While you have another Pirate character in play, this character gets +1 {S} and +1 {L}.","","src/cards/006/characters/108-wendy-darling-courageous-captain.i18n.ts","translated"
"set6-109","J7B","ci_J7B","set6","109","character","John Silver","Ferocious Friend","YOU HAVE TO CHART YOUR OWN COURSE Whenever this character quests, you may deal 1 damage to one of your other characters. If you do, ready that character. They cannot quest this turn.","","src/cards/006/characters/109-john-silver-ferocious-friend.i18n.ts","translated"
"set6-110","xuX","ci_xuX","set6","110","character","Vanellope Von Schweetz","Gutsy Go-Getter","AS READY AS I'LL EVER BE At the start of your turn, if this character is at a location, draw a card and gain 1 lore.","Almost got it!","src/cards/006/characters/110-vanellope-von-schweetz-gutsy-go-getter.i18n.ts","translated"
"set6-111","SP2","ci_SP2","set6","111","character","Michael Darling","Playful Swordsman","undefined","Hoist the colors! Prepare to fight! Teddy bear at the ready!","src/cards/006/characters/111-michael-darling-playful-swordsman.i18n.ts","translated"
"set6-112","4X3","ci_4X3","set6","112","character","Aladdin","Fearless Navigator","undefined","Finding your way through the Azurite Sea takes a stout heart, plenty of courage, and more than a little luck.","src/cards/006/characters/112-aladdin-fearless-navigator.i18n.ts","translated"
"set6-113","hrO","ci_hrO","set6","113","character","Markowski","Space Trooper","Evasive","Just what we needed—a new place to fight bugs.","src/cards/006/characters/113-markowski-space-trooper.i18n.ts","translated"
"set6-114","t59","ci_t59","set6","114","character","Abu","Bold Helmsman","Rush","Port, Abu! Port! To the <left>! ABU! The other way! —Aladdin","src/cards/006/characters/114-abu-bold-helmsman.i18n.ts","translated"
"set6-115","N8b","ci_N8b","set6","115","character","Mickey Mouse","Courageous Sailor","SOLID GROUND While this character is at a location, he gets +2 {S}.","Golly, this looked a lot easier from the ship. But I know I can make it—the crew is counting on me!","src/cards/006/characters/115-mickey-mouse-courageous-sailor.i18n.ts","translated"
"set6-116","cN0","ci_cN0","set6","116","character","Adorabeezle Winterpop","Ice Rocket Racer","KEEP DRIVING While this character has damage, she gets +1 {L}.","It'll take more than that to knock <me> out of the race!","src/cards/006/characters/116-adorabeezle-winterpop-ice-rocket-racer.i18n.ts","translated"
"set6-117","DbC","ci_DbC","set6","117","character","Moana","Self-Taught Sailor","LEARNING THE ROPES This character can't challenge unless you have a Captain character in play.","You wanna tell me I don’t know what I’m doing? I know I don’t!","src/cards/006/characters/117-moana-self-taught-sailor.i18n.ts","translated"
"set6-118","0gP","ci_0gP","set6","118","character","John Darling","Sophisticated Swordsman","undefined","Get ready, Michael! Here they come!","src/cards/006/characters/118-john-darling-sophisticated-swordsman.i18n.ts","translated"
"set6-119","DC2","ci_ZSh","set6","119","character","Aladdin","Intrepid Commander","Shift 2
REMEMBER YOUR TRAINING When you play this character, your characters get +2 {S} this turn.","","src/cards/006/characters/119-aladdin-intrepid-commander.i18n.ts","translated"
"set6-120","NGk","ci_HHx","set6","120","character","Minnie Mouse","Pirate Lookout","LAND, HO! Once during your turn, whenever a card is put into your inkwell, you may return a location card from your discard to your hand.","Minnie leaned forward. Could it be true? Was this the island at last?","src/cards/006/characters/120-minnie-mouse-pirate-lookout.i18n.ts","translated"
"set6-121","OXn","ci_OXn","set6","121","character","Moana","Kakamora Leader","Shift 5
GATHERING FORCES When you play this character, you may move any number of your characters to the same location for free. Gain 1 lore for each character you moved.","","src/cards/006/characters/121-moana-kakamora-leader.i18n.ts","translated"
"set6-122","SRs","ci_SRs","set6","122","character","Pete","Freebooter","undefined","Pete was always looking for trouble. Now he was finally getting paid for it.","src/cards/006/characters/122-pete-freebooter.i18n.ts","translated"
"set6-123","GQo","ci_GQo","set6","123","character","Goofy","Flying Goof","Rush
Evasive","Hold on to yer hat!","src/cards/006/characters/123-goofy-flying-goof.i18n.ts","translated"
"set6-124","HTB","ci_HTB","set6","124","character","Maui","Half-Shark","Evasive
CHEEEEOHOOOO! Whenever this character challenges another character, you may return an action card from your discard to your hand.
WAYFINDING Whenever you play an action, gain 1 lore.","","src/cards/006/characters/124-maui-half-shark.i18n.ts","translated"
"set6-125","XQk","ci_XQk","set6","125","character","Hades","Strong Arm","WHAT ARE YOU GONNA DO? {E}, 3 {I}, Banish one of your characters — Banish chosen character.","Panic, use your head for once!","src/cards/006/characters/125-hades-strong-arm.i18n.ts","translated"
"set6-126","puw","ci_yVQ","set6","126","character","Tigger","In the Crow's Nest","Evasive
SWASH YOUR BUCKLES Whenever you play an action, this character gets +1 {S} and +1 {L} this turn.","","src/cards/006/characters/126-tigger-in-the-crows-nest.i18n.ts","translated"
"set6-127","tUE","ci_Mty","set6","127","character","Scar","Heartless Hunter","BARED TEETH When you play this character, deal 2 damage to chosen character of yours to deal 2 damage to chosen character.","It’s for the greater good. I’m sure you understand. —Scar","src/cards/006/characters/127-scar-heartless-hunter.i18n.ts","translated"
"set6-128","C0T","ci_C0T","set6","128","action","Thievery","","Chosen opponent loses 1 lore. Gain 1 lore.","Apples, gems, magic lamp ... Abu’s not picky as long as there’s something worth stealing.","src/cards/006/actions/128-thievery.i18n.ts","translated"
"set6-129","4h8","ci_4h8","set6","129","action","Lead the Way","","Your characters get +2 {S} this turn.","We have what it takes to find our way through this maze, together! Hold on—we’re going in!","src/cards/006/actions/129-lead-the-way.i18n.ts","translated"
"set6-130","oqN","ci_qzk","set6","130","action","The Islands I Pulled from the Sea","","Search your deck for a location card, reveal that card to all players, and put it into your hand. Then, shuffle your deck.","So what can I say except... you're welcome","src/cards/006/actions/130-the-islands-i-pulled-from-the-sea.i18n.ts","translated"
"set6-131","uDQ","ci_uDQ","set6","131","action","Energy Blast","","Banish chosen character. Draw a card.","Did you <really> think I would fight fair? —Jafar","src/cards/006/actions/131-energy-blast.i18n.ts","translated"
"set6-132","LxE","ci_LxE","set6","132","item","Longboat","","TAKE IT FOR A SPIN 2 {I} — Chosen character of yours gains Evasive until the start of your next turn.","","src/cards/006/items/132-longboat.i18n.ts","translated"
"set6-133","5vQ","ci_5vQ","set6","133","item","Gold Coin","","GLITTERING ACCESS {E}, 1 {I}, Banish this item — Ready chosen character of yours. They can't quest for the rest of this turn.","Sweet mother of monkey milk! A gold coin! —Vanellope von Schweetz","src/cards/006/items/133-gold-coin.i18n.ts","translated"
"set6-134","bi3","ci_bi3","set6","134","item","Card Soldier's Spear","","A SUITABLE WEAPON Your damaged characters get +1 {S}.","","src/cards/006/items/134-card-soldiers-spear.i18n.ts","translated"
"set6-135","Xlq","ci_Xlq","set6","135","location","Flotilla","Coconut Armada","TINY THIEVES At the start of your turn, if you have a character here, all opponents lose 1 lore and you gain lore equal to the lore lost this way.","","src/cards/006/locations/135-flotilla-coconut-armada.i18n.ts","translated"
"set6-136","ZZ0","ci_ZZ0","set6","136","location","Skull Rock","Isolated Fortress","FAMILIAR GROUND Characters get +1 {S} while here.
SAFE HAVEN At the start of your turn, if you have a Pirate character here, gain 1 lore.","","src/cards/006/locations/136-skull-rock-isolated-fortress.i18n.ts","translated"
"set6-137","bXM","ci_bXM","set6","137","character","B.E.N.","Eccentric Robot","Support","","src/cards/006/characters/137-ben-eccentric-robot.i18n.ts","translated"
"set6-138","zKK","ci_zKK","set6","138","character","Aunt Cass","Biggest Fan","HAPPY TO HELP Whenever this character quests, chosen Inventor character gets +1 {L} this turn.","All right, geniuses, let's feed those hungry brains.","src/cards/006/characters/138-aunt-cass-biggest-fan.i18n.ts","translated"
"set6-139","Khj","ci_Khj","set6","139","character","Gadget Hackwrench","Creative Thinker","BRAINSTORM Whenever you play an item, this character gets +1 {L} this turn.","Golly, a perfect wingnut! There's about a million uses for that!","src/cards/006/characters/139-gadget-hackwrench-creative-thinker.i18n.ts","translated"
"set6-140","9Ce","ci_tKe","set6","140","character","Gadget Hackwrench","Brilliant Bosun","Shift 4
MECHANICALLY SAVVY While you have 3 or more items in play, you pay 1 {I} less to play Inventor characters.","","src/cards/006/characters/140-gadget-hackwrench-brilliant-bosun.i18n.ts","translated"
"set6-141","aVD","ci_aVD","set6","141","character","Zipper","Astute Decoy","Ward
RUN INTERFERENCE During your turn, whenever a card is put into your inkwell, another chosen character gains Resist +1 until the start of your next turn.","","src/cards/006/characters/141-zipper-astute-decoy.i18n.ts","translated"
"set6-142","Wrn","ci_Wrn","set6","142","character","Oswald","The Lucky Rabbit","FAVORABLE CHANCE During your turn, whenever a card is put into your inkwell, you may reveal the top card of your deck. If it's an item card, you may play that item for free and it enters play exerted. Otherwise, put it on the bottom of your deck.","","src/cards/006/characters/142-oswald-the-lucky-rabbit.i18n.ts","translated"
"set6-143","zRb","ci_zRb","set6","143","character","Yokai","Enigmatic Inventor","TIME TO UPGRADE Whenever this character quests, you may return one of your items to your hand to pay 2 {I} less for the next item you play this turn.","","src/cards/006/characters/143-yokai-enigmatic-inventor.i18n.ts","translated"
"set6-144","ron","ci_ron","set6","144","character","Pleakley","Scientific Expert","REPORTING FOR DUTY When you play this character, put chosen character of yours into your inkwell facedown and exerted.","As the duly appointed representative for the Galactic Council, I volunteer for this assignment!","src/cards/006/characters/144-pleakley-scientific-expert.i18n.ts","translated"
"set6-145","YrC","ci_YrC","set6","145","character","Hiro Hamada","Robotics Prodigy","SWEET TECH {2} {E} — Search your deck for an item card or a Robot character card and reveal it to all players. Shuffle your deck and put that card on top of it.","A couple more tweaks and I’ve just about... got it!","src/cards/006/characters/145-hiro-hamada-robotics-prodigy.i18n.ts","translated"
"set6-146","jj9","ci_jj9","set6","146","character","Heihei","Not-So-Tricky Chicken","EAT ANYTHING When you play this character, exert chosen opposing item. It can't ready at the start of its next turn.
OUT TO LUNCH During your turn, this character gains Evasive. (They can challenge characters with Evasive.)","","src/cards/006/characters/146-heihei-not-so-tricky-chicken.i18n.ts","translated"
"set6-147","IpU","ci_IpU","set6","147","character","Sour Bill","Surly Henchman","UNPALATABLE When you play this character, chosen opposing character gets -2 {S} this turn.","You want to go in there? Fine. If you do, you won’t come back out.","src/cards/006/characters/147-sour-bill-surly-henchman.i18n.ts","translated"
"set6-148","ZEt","ci_ZEt","set6","148","character","Nick Wilde","Soggy Fox","NICE TO HAVE A PARTNER While you have another character with Support in play, this character gets +2 {S}.","Glad you could make it.","src/cards/006/characters/148-nick-wilde-soggy-fox.i18n.ts","translated"
"set6-149","2ZH","ci_3z5","set6","149","character","Wasabi","Methodical Engineer","BLADES OF FURY When you play this character, you may banish chosen item. Its player gains 1 lore.
QUICK REFLEXES During your turn, this character gains Evasive. (They can challenge characters with Evasive.)","","src/cards/006/characters/149-wasabi-methodical-engineer.i18n.ts","translated"
"set6-150","2oi","ci_2oi","set6","150","character","Nick Wilde","Sly Fox","Shift 1
CAN'T TOUCH ME While you have an item in play, this character can't be challenged.","","src/cards/006/characters/150-nick-wilde-sly-fox.i18n.ts","translated"
"set6-151","j00","ci_j00","set6","151","character","Gadget Hackwrench","Perceptive Mouse","undefined","All the clues pointed to an island, but I never thought I'd see it on a map. Golly, this is incredible! I mean, the island actually exists, so it’s technically credible—but still! This is amazing!","src/cards/006/characters/151-gadget-hackwrench-perceptive-mouse.i18n.ts","translated"
"set6-152","CFc","ci_CFc","set6","152","character","Dr. Delbert Doppler","Fussy Astronomer","undefined","Of course! It all makes perfect sense. That’s why my old star charts are useless. Every star in the sky here is different!","src/cards/006/characters/152-dr-delbert-doppler-fussy-astronomer.i18n.ts","translated"
"set6-153","AMb","ci_AMb","set6","153","character","Tadashi Hamada","Baymax Inventor","LET'S GET BACK TO WORK This character gets +1 {S} and +1 {W} for each item you have in play.","I'm not giving up on you. You don't understand this yet, but people need you.","src/cards/006/characters/153-tadashi-hamada-baymax-inventor.i18n.ts","translated"
"set6-154","Lzp","ci_Lzp","set6","154","character","Hiro Hamada","Team Leader","I NEED TO UPGRADE ALL OF YOU Your other Inventor characters gain Resist +1.

SHAPE THE FUTURE 2 {I} — Look at the top card of your deck. Put it on either the top or the bottom of your deck.","","src/cards/006/characters/154-hiro-hamada-team-leader.i18n.ts","translated"
"set6-155","dkB","ci_dkB","set6","155","character","Tadashi Hamada","Gifted Roboticist","SOMEONE HAS TO HELP During an opponent's turn, when this character is banished, you may put the top card of your deck into your inkwell facedown. Then, put this card into your inkwell facedown.","His work lives on.","src/cards/006/characters/155-tadashi-hamada-gifted-roboticist.i18n.ts","translated"
"set6-156","J99","ci_StD","set6","156","character","Baymax","Personal Healthcare Companion","FULLY CHARGED If you have an Inventor character in play, you pay 1 {I} less to play this character.
YOU SAID 'OW' 2 {I} — Remove up to 1 damage from another chosen character.","","src/cards/006/characters/156-baymax-personal-healthcare-companion.i18n.ts","translated"
"set6-157","w4v","ci_w4v","set6","157","character","Baymax","Armored Companion","THE TREATMENT IS WORKING When you play this character and whenever he quests, you may remove up to 2 damage from another chosen character of yours. Gain 1 lore for each 1 damage removed this way.","","src/cards/006/characters/157-baymax-armored-companion.i18n.ts","translated"
"set6-158","sac","ci_sac","set6","158","character","Yokai","Professor Callaghan","undefined","You are all brilliant scientists and inventors. Think of what we could do with this little device. How do we push the boundaries of what is possible?","src/cards/006/characters/158-yokai-professor-callaghan.i18n.ts","translated"
"set6-159","yGJ","ci_3CQ","set6","159","character","Hiram Flaversham","Intrigued Inventor","undefined","He'll find a way to make anything mouse-sized.","src/cards/006/characters/159-hiram-flaversham-intrigued-inventor.i18n.ts","translated"
"set6-160","dzp","ci_dzp","set6","160","character","Yokai","Scientific Supervillain","Shift 6
NEUROTRANSMITTER You may play items named Microbots for free.
TECHNICAL GAIN Whenever this character quests, draw a card for each opposing character with {S}.","","src/cards/006/characters/160-yokai-scientific-supervillain.i18n.ts","translated"
"set6-161","4E5","ci_4E5","set6","161","character","Alice","Savvy Sailor","Ward
AHOY! Whenever this character quests, another chosen character of yours gets +1 {L} and gains Ward until the start of your next turn.","","src/cards/006/characters/161-alice-savvy-sailor.i18n.ts","translated"
"set6-162","Q0V","ci_ABG","set6","162","action","We Could Be Immortals","","Your Inventor characters gain Resist +6 this turn. Then, put this card into your inkwell facedown and exerted.","","src/cards/006/actions/162-we-could-be-immortals.i18n.ts","translated"
"set6-163","EfC","ci_EfC","set6","163","action","Sail the Azurite Sea","","This turn, you may put an additional card from your hand into your inkwell facedown. Draw a card.","You need a good plan and even better luck to make it across these treacherous waters.","src/cards/006/actions/163-sail-the-azurite-sea.i18n.ts","translated"
"set6-164","178","ci_178","set6","164","action","Helping Hand","","Chosen character gains Support this turn. Draw a card. (Whenever they quest, you may add their {S} to another chosen character's {S} this turn.)","When you're making the world a better place, every little thing helps. —Judy Hopps","src/cards/006/actions/164-helping-hand.i18n.ts","translated"
"set6-165","o3v","ci_o3v","set6","165","action","Prepare Your Bot","","Choose one:
* Ready chosen item.
* Ready chosen Robot character. They can't quest for the rest of this turn.","","src/cards/006/actions/165-prepare-your-bot.i18n.ts","translated"
"set6-166","zdZ","ci_zdZ","set6","166","item","Baymax's Healthcare Chip","","10,000 MEDICAL PROCEDURES {E} — Choose one:
* Remove up to 1 damage from chosen character.
* If you have a Robot character in play, remove up to 3 damage from chosen character.","","src/cards/006/items/166-baymaxs-healthcare-chip.i18n.ts","translated"
"set6-167","0HD","ci_0HD","set6","167","item","Microbots","","LIMITLESS APPLICATIONS You may have any number of cards named Microbots in your deck.
INSPIRED TECH When you play this item, chosen character gets -1 {S} this turn for each item named Microbots you have in play.","","src/cards/006/items/167-microbots.i18n.ts","translated"
"set6-168","iYv","ci_iYv","set6","168","item","Jumbo Pop","","HERE YOU GO Banish this item — Remove up to 2 damage from each of your characters. Draw a card.","","src/cards/006/items/168-jumbo-pop.i18n.ts","translated"
"set6-169","DyS","ci_DyS","set6","169","location","Rescue Rangers Submarine","Mobile Headquarters","PLANNING SESSION At the start of your turn, if you have a character here, you may put the top card of your deck into your inkwell facedown and exerted.","","src/cards/006/locations/169-rescue-rangers-submarine-mobile-headquarters.i18n.ts","translated"
"set6-170","cKc","ci_cKc","set6","170","location","Institute of Technology","Prestigious University","WELCOME TO THE LAB Inventor characters get +1 {W} while here.
PUSH THE BOUNDARIES At the start of your turn, if you have a character here, gain 1 lore.","","src/cards/006/locations/170-institute-of-technology-prestigious-university.i18n.ts","translated"
"set6-171","56b","ci_8jt","set6","171","character","Kakamora","Long-Range Specialist","A LITTLE HELP When you play this character, if you have another Pirate character in play, you may deal 1 damage to chosen character or location.","They’re very good at making trouble. —Maui","src/cards/006/characters/171-kakamora-long-range-specialist.i18n.ts","translated"
"set6-172","2pj","ci_2pj","set6","172","character","Kakamora","Pirate Chief","COCONUT LEADER Whenever this character quests, you may draw a card. Then, choose and discard a card to deal 1 damage to chosen character or location. If a Pirate character card was discarded, deal 3 damage to that character or location instead.","","src/cards/006/characters/172-kakamora-pirate-chief.i18n.ts","translated"
"set6-173","auV","ci_auV","set6","173","character","Jim Hawkins","Stubborn Cabin Boy","COME HERE, COME HERE, COME HERE! During your turn, whenever a card is put into your inkwell, this character gets Challenger +2 this turn.","","src/cards/006/characters/173-jim-hawkins-stubborn-cabin-boy.i18n.ts","translated"
"set6-174","05m","ci_05m","set6","174","character","Mr. Big","Shrewd Tycoon","REPUTATION This character can't be challenged by characters with 2 {S} or more.","You’ve done me a great service.","src/cards/006/characters/174-mr-big-shrewd-tycoon.i18n.ts","translated"
"set6-175","iTQ","ci_iTQ","set6","175","character","Mr. Smee","Steadfast Mate","GOOD CATCH During your turn, this character gains Evasive. (They can challenge characters with Evasive.)","Captain Hook'd like a word with ya.","src/cards/006/characters/175-mr-smee-steadfast-mate.i18n.ts","translated"
"set6-176","ma6","ci_ma6","set6","176","character","Mr. Smee","Captain of the Jolly Roger","Shift 4 (You may pay 4 {I} to play this on top of one of your characters named Mr. Smee.)
RAISE THE COLORS When you play this character, you may deal damage to chosen character equal to the number of your other Pirate characters in play.","","src/cards/006/characters/176-mr-smee-captain-of-the-jolly-roger.i18n.ts","translated"
"set6-177","jPG","ci_jPG","set6","177","character","Mullins","Seasoned Shipmate","FALL IN LINE While you have a character named Mr. Smee in play, this character gains Resist +1.","Anything for you, Mr. Smee! Except me share o' the plunder...","src/cards/006/characters/177-mullins-seasoned-shipmate.i18n.ts","translated"
"set6-178","jgT","ci_jgT","set6","178","character","Kohut","Trusted Marine","undefined","Ma’am! I am a highly trained instrument of tactical superiority! Maybe we could find someone else for the gruntwork! Ma’am!","src/cards/006/characters/178-kohut-trusted-marine.i18n.ts","translated"
"set6-179","k5F","ci_wnt","set6","179","character","King Hubert","Phillip's Father","undefined","I told you we’d find an island eventually! Excellent navigating. Yes, yes, I’m quite proud. Now, a toast to our success!","src/cards/006/characters/179-king-hubert-phillips-father.i18n.ts","translated"
"set6-180","jJs","ci_jJs","set6","180","character","Hercules","Unwavering Demigod","Challenger +2 (While challenging, this character gets +2 {S}).","That maze wasn’t so bad! Let’s see what this island has in store for us.","src/cards/006/characters/180-hercules-unwavering-demigod.i18n.ts","translated"
"set6-181","d07","ci_d07","set6","181","character","John Silver","Ship's Cook","HUNK OF HARDWARE When you play this character, chosen character can't challenge during their next turn.","At the end of the day, it's the simplest tools that come through for you in a pinch.","src/cards/006/characters/181-john-silver-ships-cook.i18n.ts","translated"
"set6-182","Sh0","ci_Sh0","set6","182","character","Mr. Arrow","Legacy's First Mate","Resist +1","We’re holding steady, Captain. Despite this wind. And these waves.","src/cards/006/characters/182-mr-arrow-legacys-first-mate.i18n.ts","translated"
"set6-183","FZ4","ci_FZ4","set6","183","character","Jim Hawkins","Rigging Specialist","Shift 3
BATTLE STATION When you play this character, you may deal 1 damage to chosen character or location.","","src/cards/006/characters/183-jim-hawkins-rigging-specialist.i18n.ts","translated"
"set6-184","OzK","ci_OzK","set6","184","character","Tuk Tuk","Big Buddy","undefined","Raya: Nothing gets past Tuk Tuk. <Nothing>. Sisu: Except butterflies! Oh, and birds! Raya: Fine. <Most> things don’t get past Tuk Tuk.","src/cards/006/characters/184-tuk-tuk-big-buddy.i18n.ts","translated"
"set6-185","MbE","ci_MbE","set6","185","character","Billy Bones","Space Sailor","KEEP IT HIDDEN When this character is banished, you may banish chosen item or location.","He’ll be comin’ soon. Can’t let them find this.","src/cards/006/characters/185-billy-bones-space-sailor.i18n.ts","translated"
"set6-186","mEY","ci_mEY","set6","186","character","Pluto","Guard Dog","Bodyguard
BRAVO While this character has no damage, he gets +4 {S}.","","src/cards/006/characters/186-pluto-guard-dog.i18n.ts","translated"
"set6-187","3YP","ci_3YP","set6","187","character","Mickey Mouse","Night Watch","SUPPORT Your Pluto characters get Resist +1.","Gee, Donald was right—it’s spooky out here in the dark!","src/cards/006/characters/187-mickey-mouse-night-watch.i18n.ts","translated"
"set6-188","xkL","ci_xkL","set6","188","character","Cobra Bubbles","Former CIA","Bodyguard
THINK ABOUT WHAT'S BEST 2 {I} — Draw a card, then choose and discard a card.","","src/cards/006/characters/188-cobra-bubbles-former-cia.i18n.ts","translated"
"set6-189","J9q","ci_J9q","set6","189","character","Gantu","Captain Crankyhead","undefined","Strength in numbers is overrated. I prefer my own strength.","src/cards/006/characters/189-gantu-captain-crankyhead.i18n.ts","translated"
"set6-190","39T","ci_IDQ","set6","190","character","Wreck-It Ralph","Ham Hands","I WRECK THINGS Whenever this character quests, you may banish chosen item or location to gain 2 lore.","I'm very good at what I do. Probably the best I know.","src/cards/006/characters/190-wreck-it-ralph-ham-hands.i18n.ts","translated"
"set6-191","NLA","ci_NLA","set6","191","character","Calhoun","Marine Sergeant","Resist +1
LEVEL UP During your turn, whenever this character banishes another character in a challenge, gain 2 lore.","","src/cards/006/characters/191-calhoun-marine-sergeant.i18n.ts","translated"
"set6-192","rR8","ci_OsQ","set6","192","character","Captain Amelia","Commander of the Legacy","DRIVELING GALOOTS This character can't be challenged by Pirate characters.
EVERYTHING SHIPSHAPE While being challenged, your other characters gain Resist +1.","","src/cards/006/characters/192-captain-amelia-commander-of-the-legacy.i18n.ts","translated"
"set6-193","QV3","ci_QV3","set6","193","character","Jafar","Power-Hungry Vizier","YOU WILL BE PAID WHEN THE TIME COMES During your turn, whenever a card is put into your inkwell, deal 1 damage to chosen character.","The broken crown’s power is formidable, but not enough. With <both> halves of the Hexwell Crown, I could rule all of Lorcana!","src/cards/006/characters/193-jafar-power-hungry-vizier.i18n.ts","translated"
"set6-194","9kF","ci_9kF","set6","194","character","John Silver","Stern Captain","Shift 5
Resist +2
DON'T JUST SIT THERE! At the start of your turn, deal 1 damage to each opposing ready character.","","src/cards/006/characters/194-john-silver-stern-captain.i18n.ts","translated"
"set6-195","7Fa","ci_7Fa","set6","195","action","Hot Potato","","Choose one:
- Deal 2 damage to chosen character.
- Banish chosen item.","This is not going to end well. —Pleakley","src/cards/006/actions/195-hot-potato.i18n.ts","translated"
"set6-196","HdJ","ci_HdJ","set6","196","action","I'm Still Here","","Chosen character gains Resist +2 until the start of your next turn. Draw a card.","","src/cards/006/actions/196-im-still-here.i18n.ts","translated"
"set6-197","Vmz","ci_Vmz","set6","197","action","Twin Fire","","Deal 2 damage to chosen character. Then, you may choose and discard a card to deal 2 damage to another chosen character.","I got 'em! No, <I> got 'em!","src/cards/006/actions/197-twin-fire.i18n.ts","translated"
"set6-198","UOR","ci_UOR","set6","198","action","Ambush!","","{E} one of your characters to deal damage equal to their {S} to chosen character.","Pirates will use any advantage they can get.","src/cards/006/actions/198-ambush.i18n.ts","translated"
"set6-199","z7M","ci_z7M","set6","199","action","Unfortunate Situation","","Each opponent chooses one of their characters and deals 4 damage to them.","","src/cards/006/actions/199-unfortunate-situation.i18n.ts","translated"
"set6-200","SdR","ci_SdR","set6","200","item","King's Sensor Core","","SYMBOL OF ROYALTY Your Prince and King characters gain Resist +1.
ROYAL SEARCH {E}, 2 {I} — Reveal the top card of your deck. If it's a Prince or King character card, you may put that card into your hand. Otherwise, put it on the top of your deck.","","src/cards/006/items/200-kings-sensor-core.i18n.ts","translated"
"set6-201","Y5U","ci_Y5U","set6","201","item","Training Dummy","","HANDLE WITH CARE {E}, 2 {I} — Chosen character gains Bodyguard until the start of your next turn. (An opposing character who challenges one of your characters must choose one with Bodyguard if able.)","","src/cards/006/items/201-training-dummy.i18n.ts","translated"
"set6-202","5mj","ci_5mj","set6","202","item","Sunglasses","","SPYCRAFT {E} — Draw a card, then choose and discard a card.","The coolest accessory for top agents.","src/cards/006/items/202-sunglasses.i18n.ts","translated"
"set6-203","3j2","ci_To9","set6","203","location","Treasure Mountain","Azurite Sea Island","SECRET WEAPON At the start of your turn, deal damage to chosen character or location equal to the number of characters here.","","src/cards/006/locations/203-treasure-mountain-azurite-sea-island.i18n.ts","translated"
"set6-204","WjQ","ci_WjQ","set6","204","location","Galactic Council Chamber","Courtroom","FEDERATION DECREE While you have an Alien or Robot character here, this location can't be challenged.","","src/cards/006/locations/204-galactic-council-chamber-courtroom.i18n.ts","translated"
"set6-205-enchanted","b59","ci_0J8","set6","205","character","Chip 'n' Dale","Recovery Rangers","Shift 5
(This character counts as being named both Chip and Dale.)
SEARCH AND RESCUE During your turn, whenever a card is put into your inkwell, you may return a character card from your discard to your hand.","","src/cards/006/characters/205-chip-n-dale-recovery-rangers-enchanted.i18n.ts","translated"
"set6-206-enchanted","eH1","ci_1Oj","set6","206","character","Tiana","Restaurant Owner","SPECIAL RESERVATION Whenever a character of yours is challenged while this character is exerted, the challenging character gets -3 {S} this turn unless their player pays 3 {I}.","","src/cards/006/characters/206-tiana-restaurant-owner-enchanted.i18n.ts","translated"
"set6-207-enchanted","R3f","ci_jO7","set6","207","location","Sugar Rush Speedway","Finish Line","BRING IT HOME, LITTLE ONE! When you move a character here from another location, you may banish this location to gain 3 lore and draw 3 cards.","","src/cards/006/locations/207-sugar-rush-speedway-finish-line-enchanted.i18n.ts","translated"
"set6-208-enchanted","GxB","ci_ts7","set6","208","character","Rafiki","Ethereal Guide","Shift 7
ASTRAL ATTUNEMENT During your turn, whenever a card is put into your inkwell, you may draw a card.","","src/cards/006/characters/208-rafiki-ethereal-guide-enchanted.i18n.ts","translated"
"set6-209-enchanted","S6u","ci_O2Y","set6","209","character","Yzma","Conniving Chemist","FEEL THE POWER {E} — If you have fewer than 3 cards in your hand, draw until you have 3 cards in your hand.","","src/cards/006/characters/209-yzma-conniving-chemist-enchanted.i18n.ts","translated"
"set6-210-enchanted","CTm","ci_O2Q","set6","210","item","Maleficent's Staff","","BACK, FOOLS! Whenever one of your opponents' characters, items, or locations is returned to their hand from play, gain 1 lore.","","src/cards/006/items/210-maleficents-staff-enchanted.i18n.ts","translated"
"set6-211-enchanted","IuR","ci_k0g","set6","211","character","Daisy Duck","Pirate Captain","DISTANT SHORES Whenever one of your Pirate characters quests while at a location, draw a card.","","src/cards/006/characters/211-daisy-duck-pirate-captain-enchanted.i18n.ts","translated"
"set6-212-enchanted","rYK","ci_h57","set6","212","character","Basil","Disguised Detective","Shift 4
TWISTS AND TURNS During your turn, whenever a card is put into your inkwell, you may pay 1 {I} to have chosen opponent choose and discard a card.","","src/cards/006/characters/212-basil-disguised-detective-enchanted.i18n.ts","translated"
"set6-213-enchanted","cC3","ci_wY5","set6","213","action","You Came Back","","Ready chosen character.","","src/cards/006/actions/213-you-came-back-enchanted.i18n.ts","translated"
"set6-214-enchanted","49u","ci_aR1","set6","214","character","Raya","Kumandran Rider","COME ON, LET'S DO THIS Once during your turn, whenever a card is put into your inkwell, you may ready another chosen character of yours. They can't quest for the rest of this turn.","","src/cards/006/characters/214-raya-kumandran-rider-enchanted.i18n.ts","translated"
"set6-215-enchanted","IGq","ci_yVQ","set6","215","character","Tigger","In the Crow's Nest","Evasive
SWASH YOUR BUCKLES Whenever you play an action, this character gets +1 {S} and +1 {L} this turn.","","src/cards/006/characters/215-tigger-in-the-crows-nest-enchanted.i18n.ts","translated"
"set6-216-enchanted","fcX","ci_qzk","set6","216","action","The Islands I Pulled from the Sea","","Search your deck for a location card, reveal that card to all players, and put it into your hand. Then, shuffle your deck.","","src/cards/006/actions/216-the-islands-i-pulled-from-the-sea-enchanted.i18n.ts","translated"
"set6-217-enchanted","VYQ","ci_tKe","set6","217","character","Gadget Hackwrench","Brilliant Bosun","Shift 4
MECHANICALLY SAVVY While you have 3 or more items in play, you pay 1 {I} less to play Inventor characters.","","src/cards/006/characters/217-gadget-hackwrench-brilliant-bosun-enchanted.i18n.ts","translated"
"set6-218-enchanted","JMr","ci_StD","set6","218","character","Baymax","Personal Healthcare Companion","FULLY CHARGED If you have an Inventor character in play, you pay 1 {I} less to play this character.
YOU SAID 'OW' 2 {I} — Remove up to 1 damage from another chosen character.","","src/cards/006/characters/218-baymax-personal-healthcare-companion-enchanted.i18n.ts","translated"
"set6-219-enchanted","vrA","ci_ABG","set6","219","action","We Could Be Immortals","","Your Inventor characters gain Resist +6 this turn. Then, put this card into your inkwell facedown and exerted.","","src/cards/006/actions/219-we-could-be-immortals-enchanted.i18n.ts","translated"
"set6-220-enchanted","Fpd","ci_IDQ","set6","220","character","Wreck-It Ralph","Ham Hands","I WRECK THINGS Whenever this character quests, you may banish chosen item or location to gain 2 lore.","","src/cards/006/characters/220-wreck-it-ralph-ham-hands-enchanted.i18n.ts","translated"
"set6-221-enchanted","Eop","ci_OsQ","set6","221","character","Captain Amelia","Commander of the Legacy","DRIVELING GALOOTS This character can't be challenged by Pirate characters.
EVERYTHING SHIPSHAPE While being challenged, your other characters gain Resist +1.","","src/cards/006/characters/221-captain-amelia-commander-of-the-legacy-enchanted.i18n.ts","translated"
"set6-222-enchanted","Ubs","ci_To9","set6","222","location","Treasure Mountain","Azurite Sea Island","SECRET WEAPON At the start of your turn, deal damage to chosen character or location equal to the number of characters here.","","src/cards/006/locations/222-treasure-mountain-azurite-sea-island-enchanted.i18n.ts","translated"
"set6-c1-009-challenge","XGb","ci_w4v","set6-c1","9","character","Baymax","Armored Companion","THE TREATMENT IS WORKING When you play this character and whenever he quests, you may remove up to 2 damage from another chosen character of yours. Gain 1 lore for each 1 damage removed this way.","","src/cards/006/characters/c1-009-baymax-armored-companion-challenge.i18n.ts","translated"
"set6-c2-004-challenge","78t","ci_pBr","set6-c2","4","character","Simba","Pride Protector","Shift 3
UNDERSTAND THE BALANCE At the end of your turn, if this character is exerted, you may ready your other characters.","","src/cards/006/characters/c2-004-simba-pride-protector-challenge.i18n.ts","translated"
"set6-c2-008-challenge","UGW","ci_pBr","set6-c2","8","character","Simba","Pride Protector","Shift 3
UNDERSTAND THE BALANCE At the end of your turn, if this character is exerted, you may ready your other characters.","","src/cards/006/characters/c2-008-simba-pride-protector-challenge.i18n.ts","translated"
"set6-d23-006","EB8","ci_Wrn","set6-d23","6","character","Oswald","The Lucky Rabbit","\ [Favorable Chance] \ During your turn, whenever a card is put into your inkwell, reveal the top card of your deck. If it's an item card you may play it for free, exerted. Otherwise, put it on the bottom of your deck.","","src/cards/006/characters/d23-006-oswald-the-lucky-rabbit.i18n.ts","translated"
"set6-p2-008-promo","3Ok","ci_bae","set6-p2","8","character","Stitch","Alien Buccaneer","Shift 3
READY FOR ACTION When you play this character, if you used Shift to play him, you may put an action card from your discard on the top of your deck.","","src/cards/006/characters/p2-008-stitch-alien-buccaneer-promo.i18n.ts","translated"
"set6-p2-009-promo","j9a","ci_ZSh","set6-p2","9","character","Aladdin","Intrepid Commander","Shift 2
REMEMBER YOUR TRAINING When you play this character, your characters get +2 {S} this turn.","","src/cards/006/characters/p2-009-aladdin-intrepid-commander-promo.i18n.ts","translated"
"set6-p2-010-challenge","dYr","ci_kMt","set6-p2","10","action","Rescue Rangers Away!","","Count the number of characters you have in play. Chosen character loses {S} equal to that number until the start of your next turn.","","src/cards/006/actions/p2-010-rescue-rangers-away-challenge.i18n.ts","translated"
"set6-p2-011-challenge","wh6","ci_Fwb","set6-p2","11","character","Honey Lemon","Chemical Genius","HERE'S THE BEST PART When you play this character, you may pay 2 {I} to have each opponent choose and discard a card.","","src/cards/006/characters/p2-011-honey-lemon-chemical-genius-challenge.i18n.ts","translated"
"set6-p2-012-challenge","m3E","ci_HHx","set6-p2","12","character","Minnie Mouse","Pirate Lookout","LAND, HO! Once during your turn, whenever a card is put into your inkwell, you may return a location card from your discard to your hand.","","src/cards/006/characters/p2-012-minnie-mouse-pirate-lookout-challenge.i18n.ts","translated"
"set6-p2-013-challenge","iKn","ci_3z5","set6-p2","13","character","Wasabi","Methodical Engineer","BLADES OF FURY When you play this character, you may banish chosen item. Its player gains 1 lore.
QUICK REFLEXES During your turn, this character gains Evasive. (They can challenge characters with Evasive.)","","src/cards/006/characters/p2-013-wasabi-methodical-engineer-challenge.i18n.ts","translated"
"set6-p2-014-challenge","2uW","ci_Mty","set6-p2","14","character","Scar","Heartless Hunter","BARED TEETH When you play this character, deal 2 damage to chosen character of yours to deal 2 damage to chosen character.","","src/cards/006/characters/p2-014-scar-heartless-hunter-challenge.i18n.ts","translated"
"set6-p2-018-promo","Ozo","ci_xLf","set6-p2","18","character","Mickey Mouse","Pirate Captain","Shift 3
MARINER'S MIGHT Whenever this character quests, chosen Pirate character gets +2 {S} and gains ""This character takes no damage from challenges"" this turn.","","src/cards/006/characters/p2-018-mickey-mouse-pirate-captain-promo.i18n.ts","translated"
"set6-p2-025-promo","4Oc","ci_QQH","set6-p2","25","character","Lilo","Escape Artist","NO PLACE I'D RATHER BE At the start of your turn, if this card is in your discard, you may play her and she enters play exerted.","","src/cards/006/characters/p2-025-lilo-escape-artist-promo.i18n.ts","translated"
"set6-p3-013-promo","s0f","ci_xLf","set6-p3","13","character","Mickey Mouse","Pirate Captain","Shift 3
MARINER'S MIGHT Whenever this character quests, chosen Pirate character gets +2 {S} and gains ""This character takes no damage from challenges"" this turn.","","src/cards/006/characters/p3-013-mickey-mouse-pirate-captain-promo.i18n.ts","translated"
"set6-p3-014-promo","usY","ci_usY","set6-p3","14","character","Goofy","Expert Shipwright","Ward
CLEVER DESIGN Whenever this character quests, chosen character gains Ward until the start of your next turn.","","src/cards/006/characters/p3-014-goofy-expert-shipwright-promo.i18n.ts","translated"
"set6-p3-016-promo","aP3","ci_k0g","set6-p3","16","character","Daisy Duck","Pirate Captain","DISTANT SHORES Whenever one of your Pirate characters quests while at a location, draw a card.","","src/cards/006/characters/p3-016-daisy-duck-pirate-captain-promo.i18n.ts","translated"
"set6-p3-017-promo","ii5","ci_HHx","set6-p3","17","character","Minnie Mouse","Pirate Lookout","LAND, HO! Once during your turn, whenever a card is put into your inkwell, you may return a location card from your discard to your hand.","","src/cards/006/characters/p3-017-minnie-mouse-pirate-lookout-promo.i18n.ts","translated"
"set7-001","ZwR","ci_ZwR","set7","1","character","Rhino","Motivational Speaker","DESTINY CALLING Your other characters get +2 {W}.","Don't forget, you are awesome. You can handle anything. Now channel your inner awesomeness and CLEAR THIS TRAP!","src/cards/007/characters/001-rhino-motivational-speaker.i18n.ts","translated"
"set7-002","uxF","ci_uxF","set7","2","character","Perdita","Playful Mother","WHO'S NEXT? Whenever this character quests, you pay 2 {I} less for the next Puppy character you play this turn.
DON'T BE AFRAID Your Puppy characters gain Ward.","","src/cards/007/characters/002-perdita-playful-mother.i18n.ts","translated"
"set7-003","156","ci_156","set7","3","character","King Stefan","New Father","undefined","Every parent struggles with getting their baby to sleep. Kings are no different.","src/cards/007/characters/003-king-stefan-new-father.i18n.ts","translated"
"set7-004","xya","ci_qlj","set7","4","character","Bolt","Superdog","Shift 3
MARK OF POWER Whenever you ready this character, gain 1 lore for each other undamaged character you have in play.
BOLT STARE {E} — Banish chosen Illusion character.","","src/cards/007/characters/004-bolt-superdog.i18n.ts","translated"
"set7-005","aPy","ci_aPy","set7","5","character","Roger Radcliffe","Dog Lover","THERE YOU GO Whenever this character quests, you may remove up to 1 damage from each of your Puppy characters.","The best part of completing the obstacle course was finding their human at the end.","src/cards/007/characters/005-roger-radcliffe-dog-lover.i18n.ts","translated"
"set7-006","zUf","ci_zUf","set7","6","character","Trusty","Loyal Bloodhound","Support","As my grandpappy, Old Reliable, used to say, save your energy for when it matters.","src/cards/007/characters/006-trusty-loyal-bloodhound.i18n.ts","translated"
"set7-007","HEg","ci_HEg","set7","7","character","Peg","Natural Performer","CAPTIVE AUDIENCE {E} — If you have 3 or more other characters in play, draw a card.","She was born to be a star no matter where she performed.","src/cards/007/characters/007-peg-natural-performer.i18n.ts","translated"
"set7-008","Jav","ci_Jav","set7","8","character","Suzy","Master Seamstress","undefined","The devoted mice were excited to surprise Cinderella with a new dress. Smiling, Archazia gave them a spool of magic thread. This will make it perfect, she said.","src/cards/007/characters/008-suzy-master-seamstress.i18n.ts","translated"
"set7-009","msV","ci_msV","set7","9","character","Mittens","Sassy Street Cat","Bodyguard
NO THANKS NECESSARY Once during your turn, whenever a card is put into your inkwell, your other characters with Bodyguard get +1 {L} this turn.","","src/cards/007/characters/009-mittens-sassy-street-cat.i18n.ts","translated"
"set7-010","52C","ci_52C","set7","10","character","Tramp","Street-Smart Dog","NOW IT'S A PARTY For each character you have in play, you pay 1 {I} less to play this character.
HOW'S PICKINGS? When you play this character, you may draw a card for each other character you have in play, then choose and discard that many cards.","","src/cards/007/characters/010-tramp-street-smart-dog.i18n.ts","translated"
"set7-011","k1P","ci_k1P","set7","11","character","The Troubadour","Musical Narrator","Resist +1
Singer 4","","src/cards/007/characters/011-the-troubadour-musical-narrator.i18n.ts","translated"
"set7-012","3a1","ci_3a1","set7","12","character","Wendy Darling","Pirate Queen","Evasive
TELL NO TALES Whenever one of your other characters is banished, you may remove all damage from chosen character.","","src/cards/007/characters/012-wendy-darling-pirate-queen.i18n.ts","translated"
"set7-013","sOB","ci_sOB","set7","13","character","Mirabel Madrigal","Hopeful Dreamer","Evasive Singer 5","My family's amazing, and I'm in my family, so...","src/cards/007/characters/013-mirabel-madrigal-hopeful-dreamer.i18n.ts","translated"
"set7-014","t37","ci_ove","set7","14","character","Aurora","Waking Beauty","Singer 5
SWEET DREAMS Whenever you remove 1 or more damage from a character, ready this character. She can't quest or challenge for the rest of this turn.","","src/cards/007/characters/014-aurora-waking-beauty.i18n.ts","translated"
"set7-015","25y","ci_25y","set7","15","character","Cinderella","The Right One","IF THE SLIPPER FITS When you play this character, you may put an item card named The Glass Slipper from your discard on the bottom of your deck to gain 3 lore.","But, you see, I have the other slipper.","src/cards/007/characters/015-cinderella-the-right-one.i18n.ts","translated"
"set7-016","QkD","ci_QkD","set7","16","character","Mariano Guzman","Handsome Suitor","I SEE YOU While you have a character named Dolores Madrigal in play, this character gets +1 {L}.","The puzzles of the heart are trickier than anything Archazia could come up with.","src/cards/007/characters/016-mariano-guzman-handsome-suitor.i18n.ts","translated"
"set7-017","isc","ci_isc","set7","17","character","Candlehead","Dedicated Racer","WINNING ISN'T EVERYTHING When this character is banished, you may remove up to 2 damage from chosen character.","","src/cards/007/characters/017-candlehead-dedicated-racer.i18n.ts","translated"
"set7-018","XZV","ci_XZV","set7","18","character","Bolt","Dependable Friend","Support","Super dog versus super log! This is AWESOME! —Rhino","src/cards/007/characters/018-bolt-dependable-friend.i18n.ts","translated"
"set7-019","CD3","ci_CD3","set7","19","character","Pascal","Garden Chameleon","Evasive","Once Pascal got into Archazia’s flowerbeds, there was no getting him out.","src/cards/007/characters/019-pascal-garden-chameleon.i18n.ts","translated"
"set7-020","oc8","ci_oc8","set7","20","character","King Candy","Royal Racer","SWEET REVENGE Whenever one of your other Racer characters is banished, each opponent chooses and banishes one of their characters.","Get off of my track!","src/cards/007/characters/020-king-candy-royal-racer.i18n.ts","translated"
"set7-021","PYz","ci_PYz","set7","21","character","Penny","Bolt's Person","ENDURING LOYALTY When you play this character, you may remove up to 2 damage from chosen character and they gain Resist +1 until the start of your next turn.","","src/cards/007/characters/021-penny-bolts-person.i18n.ts","translated"
"set7-022","zSu","ci_zSu","set7","22","character","Fix-It Felix, Jr.","Pint-Sized Hero","LET'S GET TO WORK Whenever you return a Racer character card from your discard to your hand, you may ready chosen Racer character. They can't quest for the rest of this turn.","A trap is just a puzzle that's not very friendly.","src/cards/007/characters/022-fix-it-felix-jr-pint-sized-hero.i18n.ts","translated"
"set7-023","xjz","ci_xjz","set7","23","character","Thunderbolt","Wonder Dog","Puppy Shift 3 (You may pay 3 {I} to play this on top of one of your Puppy characters.)
Bodyguard","","src/cards/007/characters/023-thunderbolt-wonder-dog.i18n.ts","translated"
"set7-024","cGm","ci_cGm","set7","24","character","The Prince","Vigilant Suitor","Bodyguard","","src/cards/007/characters/024-the-prince-vigilant-suitor.i18n.ts","translated"
"set7-025","pWM","ci_pWM","set7","25","character","Isabela Madrigal","In the Moment","I'M TIRED OF PERFECT Whenever one of your characters sings a song, this character can't be challenged until the start of your next turn.","I just made something unexpected. Something sharp, something new.","src/cards/007/characters/025-isabela-madrigal-in-the-moment.i18n.ts","translated"
"set7-026","Vkp","ci_Vkp","set7","26","character","Calhoun","Courageous Rescuer","Shift 4
BACK TO START POSITIONS! Whenever this character challenges another character, you may return a Racer character card from your discard to your hand.","","src/cards/007/characters/026-calhoun-courageous-rescuer.i18n.ts","translated"
"set7-027","16Q","ci_16Q","set7","27","character","Wreck-It Ralph","Hero's Duty","OUTFLANK During your turn, whenever one of your other characters is banished, this character gets +1 {L} this turn.","I got that medal in the bag.","src/cards/007/characters/027-wreck-it-ralph-heros-duty.i18n.ts","translated"
"set7-028","Yv7","ci_Yv7","set7","28","character","Lady","Miss Park Avenue","Shift 3
SOMETHING WONDERFUL When you play this character, you may return up to 2 character cards with cost 2 or less each from your discard to your hand.","","src/cards/007/characters/028-lady-miss-park-avenue.i18n.ts","translated"
"set7-029","eBt","ci_eBt","set7","29","character","Pongo","Dear Old Dad","FOUND YOU, YOU LITTLE RASCAL At the start of your turn, look at the cards in your inkwell. You may play a Puppy character from there for free.","Tricks and traps are nothing for plucky pups.","src/cards/007/characters/029-pongo-dear-old-dad.i18n.ts","translated"
"set7-030","k5M","ci_k5M","set7","30","character","Kenai","Protective Brother","HE NEEDS ME At the end of your turn, if this character is exerted, you may ready another chosen character of yours and remove all damage from them.","","src/cards/007/characters/030-kenai-protective-brother.i18n.ts","translated"
"set7-031","hMA","ci_hMA","set7","31","character","Minnie Mouse","Storyteller","GATHER AROUND Whenever you play a character, this character gets +1 {L} this turn.
JUST ONE MORE Whenever this character quests, chosen opposing character loses {S} equal to this character's {L} until the start of your next turn.","","src/cards/007/characters/031-minnie-mouse-storyteller.i18n.ts","translated"
"set7-032","D8H","ci_D8H","set7","32","character","Perla","Nimble Seamstress","Evasive
Support","","src/cards/007/characters/032-perla-nimble-seamstress.i18n.ts","translated"
"set7-033","3bd","ci_LZE","set7","33","character","Snow White","Fairest in the Land","HIDDEN AWAY This character can't be challenged.","A true heart can thwart many an evil scheme.","src/cards/007/characters/033-snow-white-fairest-in-the-land.i18n.ts","translated"
"set7-034","5gA","ci_5gA","set7","34","character","Koda","Smallish Bear","undefined","And then they were like, ‘How’d you catch so many fish, Koda?’ And I said, ‘Well, you know me. I <know> how to catch fish.’ And they said...","src/cards/007/characters/034-koda-smallish-bear.i18n.ts","translated"
"set7-035","pjD","ci_X10","set7","35","character","Mirabel Madrigal","Musically Talented","Shift 4
HER OWN SPECIAL GIFT Whenever this character quests, you may return a song card with cost 3 or less from your discard to your hand.","","src/cards/007/characters/035-mirabel-madrigal-musically-talented.i18n.ts","translated"
"set7-036","ilK","ci_ilK","set7","36","character","Calhoun","Battle-Tested","TACTICAL ADVANTAGE When you play this character, you may choose and discard a card to give chosen opposing character -3 {S} until the start of your next turn.","Preparation and luck—you can only rely on one to win a fight!","src/cards/007/characters/036-calhoun-battle-tested.i18n.ts","translated"
"set7-037","gZm","ci_gZm","set7","37","character","Pepa Madrigal","Sensitive Sister","CLEAR SKIES, CLEAR SKIES Whenever one or more of your characters sings a song, gain 1 lore.","Archazia’s calming presence helped Pepa dispel her dark mood.","src/cards/007/characters/037-pepa-madrigal-sensitive-sister.i18n.ts","translated"
"set7-038","SXr","ci_Q7m","set7","38","action","So Much to Give","","Draw a card. Chosen character gains Bodyguard until the start of your next turn. (An opposing character who challenges one of your characters must choose one with Bodyguard if able.)","","src/cards/007/actions/038-so-much-to-give.i18n.ts","translated"
"set7-039","PpP","ci_PpP","set7","39","action","Restoring the Heart","","Remove up to 3 damage from chosen character or location. Draw a card.","The moment her heart was returned, greenery burst to life and restored Te Fiti to her rightful form.","src/cards/007/actions/039-restoring-the-heart.i18n.ts","translated"
"set7-040","QHV","ci_QHV","set7","40","action","The Family Madrigal","","Look at the top 5 cards of your deck. You may reveal up to 1 Madrigal character card and up to 1 song card and put them into your hand. Put the rest on the top of your deck in any order.","","src/cards/007/actions/040-the-family-madrigal.i18n.ts","translated"
"set7-041","I8y","ci_I8y","set7","41","item","Amber Coil","","HEALING AURA During your turn, whenever a card is put into your inkwell, you may remove up to 2 damage from chosen character.","Martin smiled as the coil snapped into place and he felt a surge of healing energy.","src/cards/007/items/041-amber-coil.i18n.ts","translated"
"set7-042","4Q1","ci_4Q1","set7","42","item","Spaghetti Dinner","","FINE DINING {E}, 1 {I} — If you have 2 or more characters in play, gain 1 lore.","Hey, Tony’s! Of course. The very place for a very special occasion. —Tramp","src/cards/007/items/042-spaghetti-dinner.i18n.ts","translated"
"set7-043","3jC","ci_3jC","set7","43","item","Kanine Krunchies","","YOU CAN BE A CHAMPION, TOO Your Puppy characters get +1 {W}.","Happy dogs are those who eat nutritious Kanine Krunchies!","src/cards/007/items/043-kanine-krunchies.i18n.ts","translated"
"set7-044","RGx","ci_GJb","set7","44","item","The Glass Slipper","","PERFECT PAIR You may only have 2 copies of The Glass Slipper in your deck.
SEARCH THE KINGDOM Banish this item, {E} one of your Prince characters — Search your deck for a Princess character card and reveal it to all players. Put that card into your hand and shuffle your deck.","","src/cards/007/items/044-the-glass-slipper.i18n.ts","translated"
"set7-045","0mo","ci_0mo","set7","45","character","Kuzco","Temporary Whale","DON'T YOU SAY A WORD Once during your turn, whenever a card is put into your inkwell, you may return chosen character, item, or location with cost 2 or less to their player's hand, then that player draws a card.","","src/cards/007/characters/045-kuzco-temporary-whale.i18n.ts","translated"
"set7-046","ZGZ","ci_ZGZ","set7","46","character","Tanana","Tribal Elder","undefined","This is a place of wonder and learning. Pay attention to the Owl and see what she can teach you.","src/cards/007/characters/046-tanana-tribal-elder.i18n.ts","translated"
"set7-047","1bI","ci_1bI","set7","47","character","Treasure Guardian","Foreboding Sentry","UNTOLD TREASURE When you play this character, if you have an Illusion character in play, you may draw a card.","At last, after all my years of searching! —Jafar","src/cards/007/characters/047-treasure-guardian-foreboding-sentry.i18n.ts","translated"
"set7-048","7Vg","ci_7Vg","set7","48","character","Honeymaren","Northuldra Guide","TALE OF THE FIFTH SPIRIT When you play this character, if an opponent has an exerted character in play, gain 1 lore.","It's said to be a bridge between us and the magic of nature.","src/cards/007/characters/048-honeymaren-northuldra-guide.i18n.ts","translated"
"set7-049","vao","ci_vao","set7","49","character","Iago","Giant Spectral Parrot","Evasive
Vanish (When an opponent chooses this character for an action, banish them.)","","src/cards/007/characters/049-iago-giant-spectral-parrot.i18n.ts","translated"
"set7-050","gAZ","ci_gAZ","set7","50","character","Chernabog","Creature of the Night","MIDNIGHT REVEL When you play this character, each opponent chooses and exerts one of their ready characters. They can't ready at the start of their next turn.","","src/cards/007/characters/050-chernabog-creature-of-the-night.i18n.ts","translated"
"set7-051","t70","ci_zaZ","set7","51","character","Jafar","Newly Crowned","THIS IS NOT DONE YET During an opponent's turn, whenever one of your Illusion characters is banished, you may return that card to your hand.","Now that the Hexwell Crown is finally mine, no force in Lorcana can stand against me!","src/cards/007/characters/051-jafar-newly-crowned.i18n.ts","translated"
"set7-052","Ubd","ci_Ubd","set7","52","character","Hades","Fast Talker","FOR JUST A LITTLE PAIN When you play this character, you may deal 2 damage to another chosen character of yours to banish chosen character with cost 3 or less.","... You get a whole lotta gain.","src/cards/007/characters/052-hades-fast-talker.i18n.ts","translated"
"set7-053","75X","ci_75X","set7","53","character","Madame Medusa","Diamond Lover","SEARCH THE SWAMP Whenever this character quests, you may deal 2 damage to another chosen character of yours to put the top 3 cards of chosen player's deck into their discard.","","src/cards/007/characters/053-madame-medusa-diamond-lover.i18n.ts","translated"
"set7-054","8UQ","ci_8UQ","set7","54","character","Te Kā","Elemental Terror","Shift 7
ANCIENT RAGE During your turn, whenever an opposing character is exerted, banish them.","","src/cards/007/characters/054-te-k-elemental-terror.i18n.ts","translated"
"set7-055","DdM","ci_DdM","set7","55","character","Elsa","Trusted Sister","WHAT DO WE DO NOW? Whenever this character quests, if you have a character named Anna in play, gain 1 lore.","Fear is what can't be trusted.","src/cards/007/characters/055-elsa-trusted-sister.i18n.ts","translated"
"set7-056","UyZ","ci_UyZ","set7","56","character","Madam Mim","Cheating Spellcaster","PLAY ROUGH Whenever this character quests, exert chosen opposing character.","She only wants rules so she can break them! —Archimedes","src/cards/007/characters/056-madam-mim-cheating-spellcaster.i18n.ts","translated"
"set7-057","FdJ","ci_FdJ","set7","57","character","Giant Cobra","Ghostly Serpent","Vanish (When an opponent chooses this character for an action, banish them.)
MYSTERIOUS ADVANTAGE When you play this character, you may choose and discard a card to gain 2 lore.","","src/cards/007/characters/057-giant-cobra-ghostly-serpent.i18n.ts","translated"
"set7-058","e8J","ci_e8J","set7","58","character","Te Kā","Lava Monster","Challenger +2","You wanna get to Te Fiti, you have to go through a whole ocean of bad. Not to mention Te Kā. —Maui","src/cards/007/characters/058-te-k-lava-monster.i18n.ts","translated"
"set7-059","uOG","ci_uOG","set7","59","character","Yzma","Transformed Kitten","I WIN When this character is banished, if you have more cards in your hand than each opponent, you may return this card to your hand.","Yes, I’ve already finished this course. I'm still going to bounce a few more times.","src/cards/007/characters/059-yzma-transformed-kitten.i18n.ts","translated"
"set7-060","SiS","ci_SiS","set7","60","character","Bucky","Nutty Rascal","POP! When this character is banished in a challenge, you may draw a card.","Oh, hang on. I love this bit! He pops the balloon and all those acorns go flying out. Gets me every time. —Kronk","src/cards/007/characters/060-bucky-nutty-rascal.i18n.ts","translated"
"set7-061","V8w","ci_V8w","set7","61","character","Pain","Impudent Imp","undefined","Um, wasn’t there something the boss wanted us to take care of? Was it testing these arrows?","src/cards/007/characters/061-pain-impudent-imp.i18n.ts","translated"
"set7-062","yQ2","ci_yQ2","set7","62","character","Rajah","Ghostly Tiger","Vanish (When an opponent chooses this character for an action, banish them.)","He may be spectral, but the danger is very real.","src/cards/007/characters/062-rajah-ghostly-tiger.i18n.ts","translated"
"set7-063","9A8","ci_cMj","set7","63","character","Kronk","Laid Back","Ward
I'M LOVIN' THIS If an effect would cause you to discard one or more cards, you don't discard.","","src/cards/007/characters/063-kronk-laid-back.i18n.ts","translated"
"set7-064","6jS","ci_6jS","set7","64","character","Mother Gothel","Vain Sorceress","NOW YOU'VE UPSET ME Whenever one of your characters challenges, you may move 1 damage counter from chosen character to chosen opposing character.","","src/cards/007/characters/064-mother-gothel-vain-sorceress.i18n.ts","translated"
"set7-065","snv","ci_snv","set7","65","character","Sven","Keen-Eyed Reindeer","Rush
FORMIDABLE GLARE When you play this character, chosen character gets -3 {S} this turn.","","src/cards/007/characters/065-sven-keen-eyed-reindeer.i18n.ts","translated"
"set7-066","4Ff","ci_4Ff","set7","66","character","Diablo","Spiteful Raven","Evasive
Challenger +2 (While challenging, this character gets +2 {S})","","src/cards/007/characters/066-diablo-spiteful-raven.i18n.ts","translated"
"set7-067","qhP","ci_qhP","set7","67","character","Merlin","Clever Clairvoyant","PRESTIDIGITONIUM Whenever this character quests, name a card, then reveal the top card of your deck. If it's the named card, put it into your inkwell facedown and exerted. Otherwise, put it on the top of your deck.","","src/cards/007/characters/067-merlin-clever-clairvoyant.i18n.ts","translated"
"set7-068","JoL","ci_JoL","set7","68","character","Yzma","Above It All","Shift 5
Evasive
BACK TO WORK Whenever another character is banished in a challenge, return that card to its player's hand, then that player discards a card at random.","","src/cards/007/characters/068-yzma-above-it-all.i18n.ts","translated"
"set7-069","EtJ","ci_EtJ","set7","69","character","Elsa","Ice Maker","Shift 4
WINTER WALL Whenever this character quests, you may exert chosen character. If you do and you have a character named Anna in play, the chosen character can't ready at the start of their next turn.","","src/cards/007/characters/069-elsa-ice-maker.i18n.ts","translated"
"set7-070","7zp","ci_7zp","set7","70","character","Kenai","Magical Bear","Challenger +2
WISDOM OF HIS STORY During your turn, when this character is banished in a challenge, return this card to your hand and gain 1 lore.","","src/cards/007/characters/070-kenai-magical-bear.i18n.ts","translated"
"set7-071","Zdf","ci_Zdf","set7","71","character","Kuzco","Panicked Llama","Evasive
WE CAN FIGURE THIS OUT At the start of your turn, choose one:
• Each player draws a card.
• Each player chooses and discards a card.","","src/cards/007/characters/071-kuzco-panicked-llama.i18n.ts","translated"
"set7-072","WJH","ci_U6J","set7","72","character","Anna","Ice Breaker","Support
WINTER AMBUSH When you play this character, chosen opposing character can't ready at the start of their next turn.","","src/cards/007/characters/072-anna-ice-breaker.i18n.ts","translated"
"set7-073","A0g","ci_sb1","set7","73","character","Donald Duck","Flustered Sorcerer","OBFUSCATE! Opponents need 25 lore to win the game.","When it comes to magic spells, proper pronunciation is key.","src/cards/007/characters/073-donald-duck-flustered-sorcerer.i18n.ts","translated"
"set7-074","J3O","ci_J3O","set7","74","character","The Queen","Jealous Beauty","NO ORDINARY APPLE {E} — Choose 3 cards from chosen opponent's discard and put them on the bottom of their deck to gain 3 lore. If any Princess cards were moved this way, gain 4 lore instead.","","src/cards/007/characters/074-the-queen-jealous-beauty.i18n.ts","translated"
"set7-075","0bl","ci_0bl","set7","75","character","Panic","High-Strung Imp","STARTLED SHRIEK When you play this character, you may move up to 2 damage counters from chosen character to chosen opposing character.","What the boss doesn’t know won’t hurt us. Much. I hope.","src/cards/007/characters/075-panic-high-strung-imp.i18n.ts","translated"
"set7-076","8Al","ci_8Al","set7","76","character","Archimedes","Exceptional Owl","MORE TO LEARN Whenever an opponent chooses this character for an action or ability, you may draw a card.","Archazia’s library was a treasure trove of knowledge even for such an educated owl.","src/cards/007/characters/076-archimedes-exceptional-owl.i18n.ts","translated"
"set7-077","COQ","ci_K5D","set7","77","character","Kashekim","Ancient Ruler","undefined","You presume much, to think you are welcome here.","src/cards/007/characters/077-kashekim-ancient-ruler.i18n.ts","translated"
"set7-078","9wm","ci_9wm","set7","78","character","Dolores Madrigal","Within Earshot","I HEAR YOU Whenever one of your characters sings a song, chosen opponent reveals their hand.","She heard Mariano’s heart skip a beat. Was it because of the puzzle, or was he looking at her?","src/cards/007/characters/078-dolores-madrigal-within-earshot.i18n.ts","translated"
"set7-079","ClW","ci_ClW","set7","79","character","Mufasa","Among the Stars","Shift 5
Evasive
Resist +1","","src/cards/007/characters/079-mufasa-among-the-stars.i18n.ts","translated"
"set7-080","9hd","ci_9hd","set7","80","action","Magical Maneuvers","","Return chosen character of yours to your hand. Exert chosen character.","Oh, I’m sure it’s fine if we move these traps around. Archazia won't mind a little magic. —Flora","src/cards/007/actions/080-magical-maneuvers.i18n.ts","translated"
"set7-081","7pX","ci_7pX","set7","81","action","This Is My Family","","Gain 1 lore. Draw a card.","So many stars, and everybody gets to shine","src/cards/007/actions/081-this-is-my-family.i18n.ts","translated"
"set7-082","tKK","ci_Jte","set7","82","action","Show Me More!","","Each player draws 3 cards.","Weave of time, attend to me— Reveal the moments soon to be!","src/cards/007/actions/082-show-me-more.i18n.ts","translated"
"set7-083","X4B","ci_X4B","set7","83","action","Restoring the Crown","","Exert all opposing characters. Whenever one of your characters banishes another character in a challenge this turn, gain 2 lore.","The Hexwell surged with pure creative energy, fusing the crown’s pieces in a final burst of power.","src/cards/007/actions/083-restoring-the-crown.i18n.ts","translated"
"set7-084","aGu","ci_aGu","set7","84","item","Amethyst Coil","","MAGICAL TOUCH During your turn, whenever a card is put into your inkwell, you may move 1 damage counter from chosen character to chosen opposing character.","Shanzay's coil flared, sending a tendril of mystical energy toward the damaged glimmer.","src/cards/007/items/084-amethyst-coil.i18n.ts","translated"
"set7-085","ZR7","ci_ZR7","set7","85","character","Drizella","Spoiled Stepsister","undefined","Once again, Drizella was confronted with a simple truth: life wasn’t fair.","src/cards/007/characters/085-drizella-spoiled-stepsister.i18n.ts","translated"
"set7-086","QhC","ci_QhC","set7","86","character","Grewnge","Cannon Expert","RAPID FIRE Whenever this character quests, you pay 1 {I} less for the next action you play this turn.","He loves two things: explosions and even more explosions.","src/cards/007/characters/086-grewnge-cannon-expert.i18n.ts","translated"
"set7-087","7jV","ci_7jV","set7","87","character","Baymax","Low Battery","SHHHHH This character enters play exerted.","Processing data from Archazia's thought scrolls is taking a great deal of power. Extreme battery saver protocol engaged.","src/cards/007/characters/087-baymax-low-battery.i18n.ts","translated"
"set7-088","Gg5","ci_Gg5","set7","88","character","Thomas O'Malley","Feline Charmer","Ward","There's nothing he can’t talk his way out of.","src/cards/007/characters/088-thomas-omalley-feline-charmer.i18n.ts","translated"
"set7-089","4mp","ci_4mp","set7","89","character","Pete","Pirate Scoundrel","PILFER AND PLUNDER Whenever you play an action that isn't a song, you may banish chosen item.","I wasn't stealin' it! I was just keepin' it safe.","src/cards/007/characters/089-pete-pirate-scoundrel.i18n.ts","translated"
"set7-090","K5C","ci_K5C","set7","90","character","Hiro Hamada","Future Champion","ORIGIN STORY When you play a Floodborn character on this card, draw a card.","Even with a mind as brilliant as his, the mixed ink was a unique puzzle to solve.","src/cards/007/characters/090-hiro-hamada-future-champion.i18n.ts","translated"
"set7-091","u62","ci_u62","set7","91","character","Cheshire Cat","Perplexing Feline","MAD GRIN When you play this character, you may deal 2 damage to chosen damaged character.","He's not your average cat, after all. Then again, what cat is? —Archazia","src/cards/007/characters/091-cheshire-cat-perplexing-feline.i18n.ts","translated"
"set7-092","Y6a","ci_Y6a","set7","92","character","Shere Khan","Infamous Tiger","WHAT A PITY When you play this character, discard your hand.","He'd be the first to tell you he's as magnificent as he is deadly.","src/cards/007/characters/092-shere-khan-infamous-tiger.i18n.ts","translated"
"set7-093","10Q","ci_10Q","set7","93","character","Basil","Secret Informer","DRAW THEM OUT Whenever this character quests, opposing damaged characters gain Reckless during their next turn. (They can't quest and must challenge if able.)","The final part of the crown! Jafar will be pleased.","src/cards/007/characters/093-basil-secret-informer.i18n.ts","translated"
"set7-094","RyL","ci_RyL","set7","94","character","Mad Hatter","Unruly Eccentric","UNBIRTHDAY PRESENT Whenever a damaged character challenges another character, you may draw a card.","Don't you care for tea?","src/cards/007/characters/094-mad-hatter-unruly-eccentric.i18n.ts","translated"
"set7-095","4p4","ci_4p4","set7","95","character","Queen of Hearts","Unpredictable Bully","Shift 3
IF I LOSE MY TEMPER... Whenever another character is played, put a damage counter on them.","","src/cards/007/characters/095-queen-of-hearts-unpredictable-bully.i18n.ts","translated"
"set7-096","jaS","ci_TaU","set7","96","character","Hiro Hamada","Armor Designer","Shift 5
YOU CAN BE WAY MORE Your Floodborn characters that have a card under them gain Evasive and Ward. (Only characters with Evasive can challenge them. Opponents can't choose them except to challenge.)","","src/cards/007/characters/096-hiro-hamada-armor-designer.i18n.ts","translated"
"set7-097","zT9","ci_zT9","set7","97","character","Yokai","Intellectual Schemer","INNOVATE You pay 1 {I} less to play characters using their Shift ability.","In the hands of a lesser person, this much power would be irresponsible.","src/cards/007/characters/097-yokai-intellectual-schemer.i18n.ts","translated"
"set7-098","z2w","ci_z2w","set7","98","character","Donald Duck","Lively Pirate","DUCK OF ACTION Whenever this character is challenged, you may return an action card that isn't a song card from your discard to your hand.","Aye aye, Captain! I’ll get it done.","src/cards/007/characters/098-donald-duck-lively-pirate.i18n.ts","translated"
"set7-099","J54","ci_J54","set7","99","character","Berlioz","Mischievous Kitten","undefined","Look what I found! Can we stay here and play?","src/cards/007/characters/099-berlioz-mischievous-kitten.i18n.ts","translated"
"set7-100","8jF","ci_8jF","set7","100","character","Lady","Elegant Spaniel","A DOG'S LIFE While you have a character named Tramp in play, this character gets +1 {L}.","Are you sure we’re allowed in here? Jim Dear would never allow me in the kitchen.","src/cards/007/characters/100-lady-elegant-spaniel.i18n.ts","translated"
"set7-101","yjH","ci_yjH","set7","101","character","Yzma","Exasperated Schemer","HOW SHALL I DO IT? When you play this character, you may draw a card, then choose and discard a card.","One of these must be the right lever, but I’ll be a llama’s aunt if I can figure out which one...","src/cards/007/characters/101-yzma-exasperated-schemer.i18n.ts","translated"
"set7-102","ooN","ci_ooN","set7","102","character","Pacha","Trekmate","FULL PACK While you have more cards in your hand than each opponent, this character gets +2 {L}.","He liked to prepare for any emergency. They happened frequently with Kuzco around.","src/cards/007/characters/102-pacha-trekmate.i18n.ts","translated"
"set7-103","Myt","ci_Myt","set7","103","character","Tweedledee & Tweedledum","Strange Storytellers","ANOTHER RECITATION Whenever this character quests, you may return chosen damaged character to their player's hand.","You can’t leave yet! Don’t you want to hear the ending? —Tweedledee","src/cards/007/characters/103-tweedledee-tweedledum-strange-storytellers.i18n.ts","translated"
"set7-104","PVC","ci_PVC","set7","104","character","Baymax","Giant Robot","Universal Shift 4 (You may pay 4 {I} to play this on top of any one of your characters.)
FUNCTIONALITY IMPROVED When you play this character, if you used Shift to play him, remove all damage from him.","","src/cards/007/characters/104-baymax-giant-robot.i18n.ts","translated"
"set7-105","4Oe","ci_4Oe","set7","105","character","Gizmoduck","Suited Up","Resist +1
BLATHERING BLATHERSKITE This character can challenge ready damaged characters.","","src/cards/007/characters/105-gizmoduck-suited-up.i18n.ts","translated"
"set7-106","xmE","ci_xmE","set7","106","character","Fidget","Sneaky Bat","Evasive
I TOOK CARE OF EVERYTHING Whenever this character quests, another chosen character of yours gains Evasive until the start of your next turn.","","src/cards/007/characters/106-fidget-sneaky-bat.i18n.ts","translated"
"set7-107","Y7a","ci_Y7a","set7","107","character","Mr. Smee","Efficient Captain","PIPE UP THE CREW Whenever you play an action that isn't a song, you may ready chosen Pirate character.","All right now, crew–we’ve a lot to do today!","src/cards/007/characters/107-mr-smee-efficient-captain.i18n.ts","translated"
"set7-108","K6M","ci_K6M","set7","108","character","Daisy Duck","Multitalented Pirate","FOWL PLAY Once during your turn, whenever a card is put into your inkwell, chosen opponent chooses one of their characters and returns that card to their hand.","A captain must be inventive, commanding, and unafraid of trampolines.","src/cards/007/characters/108-daisy-duck-multitalented-pirate.i18n.ts","translated"
"set7-109","haz","ci_haz","set7","109","character","John Silver","Vengeful Pirate","DRAWN TO A FIGHT If an opposing character was damaged this turn, you pay 2 {I} less to play this character.
Resist +1
I AIN'T GONE SOFT! Whenever you play an action that isn't a song, you may deal 1 damage to chosen character.","","src/cards/007/characters/109-john-silver-vengeful-pirate.i18n.ts","translated"
"set7-110","XWF","ci_DSV","set7","110","character","Tramp","Enterprising Dog","HEY, PIDGE If you have a character named Lady in play, you pay 1 {I} less to play this character.
NO TIME FOR WISECRACKS When you play this character, chosen character of yours gets +1 {S} this turn for each other character you have in play.","","src/cards/007/characters/110-tramp-enterprising-dog.i18n.ts","translated"
"set7-111","LEE","ci_LEE","set7","111","character","King of Hearts","Picky Ruler","OBJECTIONABLE STATE Damaged characters can't challenge your characters.","You there! You can’t be here in the state you’re in. Begone before the Queen sees this mess!","src/cards/007/characters/111-king-of-hearts-picky-ruler.i18n.ts","translated"
"set7-112","gHW","ci_gHW","set7","112","character","Duchess","Elegant Feline","undefined","Now darlings, pay close attention to where we are. What can you learn about the Owl from the house?","src/cards/007/characters/112-duchess-elegant-feline.i18n.ts","translated"
"set7-113","zB6","ci_zB6","set7","113","character","Anastasia","Bossy Stepsister","OH, I HATE THIS! Whenever this character is challenged, the challenging player chooses and discards a card.","Out of my way! <I’m> going to be the first to finish!","src/cards/007/characters/113-anastasia-bossy-stepsister.i18n.ts","translated"
"set7-114","Ewo","ci_Ewo","set7","114","character","Pete","Space Pirate","Shift 4
FRIGHTFUL SCHEME While this character is exerted, opposing characters can't exert to sing songs and your Pirate characters gain Resist +1.","","src/cards/007/characters/114-pete-space-pirate.i18n.ts","translated"
"set7-115","KTu","ci_KTu","set7","115","character","Lady Tremaine","Bitterly Jealous","THAT'S QUITE ENOUGH {E} — Return chosen damaged character to their player's hand. Then, each opponent discards a card at random.","","src/cards/007/characters/115-lady-tremaine-bitterly-jealous.i18n.ts","translated"
"set7-116","LkF","ci_LkF","set7","116","action","Wake Up, Alice!","","Return chosen damaged character to their player's hand.","Alice! Will you kindly pay attention and recite your lesson? —Alice's sister","src/cards/007/actions/116-wake-up-alice.i18n.ts","translated"
"set7-117","9Uj","ci_9Uj","set7","117","action","He's a Tramp","","Chosen character gets +1 {S} this turn for each character you have in play.","Wish that I could travel his way","src/cards/007/actions/117-hes-a-tramp.i18n.ts","translated"
"set7-118","Wr7","ci_B2d","set7","118","action","The Return of Hercules","","Each player may reveal a character card from their hand and play it for free.","Congratulations, Wonderboy. You’ll make one heck of a god. —Megara","src/cards/007/actions/118-the-return-of-hercules.i18n.ts","translated"
"set7-119","NRZ","ci_NRZ","set7","119","action","Ink Geyser","","Each player exerts all the cards in their inkwell. Then each player with more than 3 cards in their inkwell returns cards at random from their inkwell to their hand until they have 3 cards in their inkwell.","","src/cards/007/actions/119-ink-geyser.i18n.ts","translated"
"set7-120","jH6","ci_jH6","set7","120","item","Emerald Coil","","SHIMMERING WINGS During your turn, whenever a card is put into your inkwell, chosen character gains Evasive until the start of your next turn.","The coil Martin wore lifted his spirits as well as his body.","src/cards/007/items/120-emerald-coil.i18n.ts","translated"
"set7-121","XL5","ci_XL5","set7","121","character","Grandmother Fa","Spirited Elder","I'VE GOT ALL THE LUCK WE'LL NEED Whenever this character quests, you may give chosen character of yours +2 {S} this turn.","Fear will get you hurt. Luck will get you through.","src/cards/007/characters/121-grandmother-fa-spirited-elder.i18n.ts","translated"
"set7-122","Fnw","ci_Fnw","set7","122","character","Queen of Hearts","Losing Her Temper","ROYAL PAIN While this character has damage, she gets +3 {S}.","Something told the Illumineers she'd had enough of the obstacles.","src/cards/007/characters/122-queen-of-hearts-losing-her-temper.i18n.ts","translated"
"set7-123","w5E","ci_w5E","set7","123","character","The Matchmaker","Unforgiving Expert","YOU ARE A DISGRACE! Whenever this character challenges another character, each opponent loses 1 lore.","Who spit in her bean curd? —Grandmother Fa","src/cards/007/characters/123-the-matchmaker-unforgiving-expert.i18n.ts","translated"
"set7-124","OYJ","ci_OYJ","set7","124","character","Denahi","Impatient Hunter","Reckless
Resist +2","There's no time. We have to act now!","src/cards/007/characters/124-denahi-impatient-hunter.i18n.ts","translated"
"set7-125","ij4","ci_ij4","set7","125","character","Stabbington Brother","Without a Patch","Rush GET 'EM! Your other characters named Stabbington Brother gain Rush.","","src/cards/007/characters/125-stabbington-brother-without-a-patch.i18n.ts","translated"
"set7-126","yFe","ci_PhF","set7","126","character","Belle","Mechanic Extraordinaire","Shift 7
SALVAGE For each item card in your discard, you pay 1 {I} less to play this character using her Shift ability.
REPURPOSE Whenever this character quests, you may put up to 3 item cards from your discard on the bottom of your deck to gain 1 lore for each item card moved this way.","","src/cards/007/characters/126-belle-mechanic-extraordinaire.i18n.ts","translated"
"set7-127","084","ci_084","set7","127","character","Cy-Bug","Invasive Enemy","HIVE MIND This character gets +1 {S} for each other character you have in play.","Cy-Bugs are like a virus. They don’t know they’re in a game. —Calhoun","src/cards/007/characters/127-cy-bug-invasive-enemy.i18n.ts","translated"
"set7-128","QMj","ci_QMj","set7","128","character","Stabbington Brother","With a Patch","CRIME OF OPPORTUNITY When you play this character, chosen opponent loses 1 lore.","Silence is golden. And he loves gold.","src/cards/007/characters/128-stabbington-brother-with-a-patch.i18n.ts","translated"
"set7-129","HaH","ci_HaH","set7","129","character","Card Soldiers","Royal Troops","TAKE POINT While a damaged character is in play, this character gets +2 {S}.","The Three of Hearts raised his spear and whispered to himself, While others fall, a Queen's soldier stands tall.","src/cards/007/characters/129-card-soldiers-royal-troops.i18n.ts","translated"
"set7-130","ATx","ci_ATx","set7","130","character","Cogsworth","Climbing Clock","STILL USEFUL While you have an item card in your discard, this character gets +2 {S}.","Top shelf? Pshaw! If it’s a book the mademoiselle wants, I’ll find a way to get it for her!","src/cards/007/characters/130-cogsworth-climbing-clock.i18n.ts","translated"
"set7-131","Mb2","ci_Mb2","set7","131","character","Toby","Dogged Companion","undefined","Toby has the most splendid sense of smell of any hound I’ve trained. But he can be deucedly frisky. —Basil","src/cards/007/characters/131-toby-dogged-companion.i18n.ts","translated"
"set7-132","WJM","ci_WJM","set7","132","character","Beagle Boys","Small-Time Crooks","HURRY IT UP! Whenever this character quests, chosen character of yours gains Rush and Resist +1 this turn. (They can challenge the turn they're played. Damage dealt to them is reduced by 1.)","","src/cards/007/characters/132-beagle-boys-small-time-crooks.i18n.ts","translated"
"set7-133","3kp","ci_7wy","set7","133","character","Li Shang","Newly Promoted","I WON'T LET YOU DOWN This character can challenge ready characters.
BIG RESPONSIBILITY While this character is damaged, he gets +2 {S}.","","src/cards/007/characters/133-li-shang-newly-promoted.i18n.ts","translated"
"set7-134","Roi","ci_Roi","set7","134","character","Moana","Island Explorer","Evasive
ADVENTUROUS SPIRIT Whenever this character challenges another character, another chosen character of yours gets +3 {S} this turn.","","src/cards/007/characters/134-moana-island-explorer.i18n.ts","translated"
"set7-135","jqj","ci_jqj","set7","135","character","The Phantom Blot","Shadowy Figure","Rush","Nobody knows who or what he really is or what he’s planning.","src/cards/007/characters/135-the-phantom-blot-shadowy-figure.i18n.ts","translated"
"set7-136","RJq","ci_RJq","set7","136","character","Beast","Frustrated Designer","I'VE HAD IT! {E}, 2 {I}, Banish 2 of your items — Deal 5 damage to chosen character.","No, no, no! This is NOT THE WAY I SEE IT IN MY HEAD!","src/cards/007/characters/136-beast-frustrated-designer.i18n.ts","translated"
"set7-137","8nj","ci_8nj","set7","137","character","Mushu","Majestic Dragon","INTIMIDATING AND AWE-INSPIRING Whenever one of your characters challenges, they gain Resist +2 during that challenge.
GUARDIAN OF LOST SOULS During your turn, whenever one of your characters banishes another character in a challenge, gain 2 lore.","","src/cards/007/characters/137-mushu-majestic-dragon.i18n.ts","translated"
"set7-138","1FE","ci_1FE","set7","138","character","Maurice","Unconventional Inventor","HOW ON EARTH DID THAT HAPPEN? When you play this character, you may banish chosen item of yours to draw a card. If the banished item is named Maurice's Machine, you may also banish chosen character with 2 {S} or less.","","src/cards/007/characters/138-maurice-unconventional-inventor.i18n.ts","translated"
"set7-139","3Ct","ci_3Ct","set7","139","character","Goofy","Extreme Athlete","Evasive
STAR POWER Whenever this character challenges another character, your other characters get +1 {L} this turn.","","src/cards/007/characters/139-goofy-extreme-athlete.i18n.ts","translated"
"set7-140","AnC","ci_AnC","set7","140","character","Lyle Tiberius Rourke","Crystallized Mercenary","EXPLOSIVE Once during your turn, whenever a card is put into your inkwell, deal 2 damage to each character in play.","He got what he wanted—just not the way he planned.","src/cards/007/characters/140-lyle-tiberius-rourke-crystallized-mercenary.i18n.ts","translated"
"set7-141","jFo","ci_jFo","set7","141","character","Mulan","Imperial General","Shift 5
Evasive
EXCEPTIONAL LEADER Whenever this character challenges another character, your other characters gain ""This character can challenge ready characters"" this turn.","","src/cards/007/characters/141-mulan-imperial-general.i18n.ts","translated"
"set7-142","ye2","ci_ye2","set7","142","character","Baloo","Ol' Iron Paws","FIGHT LIKE A BEAR Your characters with 7 {S} or more can't be dealt damage.","Now, move. That's it. Now give me a big bear growl. Scare me.","src/cards/007/characters/142-baloo-ol-iron-paws.i18n.ts","translated"
"set7-143","m4P","ci_AfF","set7","143","character","Ratigan","Nefarious Criminal","A MARVELOUS PERFORMANCE Whenever you play an action while this character is exerted, gain 1 lore.","Why stop the show when you can simply steal it?","src/cards/007/characters/143-ratigan-nefarious-criminal.i18n.ts","translated"
"set7-144","1bB","ci_1bB","set7","144","character","Sir Kay","Unruly Knight","undefined","An owl in charge? Pshaw. He glared at the others. Then his eye fell on the targets set up nearby, and he brightened. But as long as I still get to joust...","src/cards/007/characters/144-sir-kay-unruly-knight.i18n.ts","translated"
"set7-145","eBp","ci_eBp","set7","145","character","Milo Thatch","Undaunted Scholar","I'M YOUR GUY Whenever you play an action, you may give chosen character +2 {S} this turn.","Okay, we rotated the globe to move the mural into position. We have the coordinates. Let's go!","src/cards/007/characters/145-milo-thatch-undaunted-scholar.i18n.ts","translated"
"set7-146","24D","ci_24D","set7","146","character","Edgar Balthazar","Ambitious Butler","undefined","All these traps, all these locks, all these machines... If they think that's going to stop me, they’ve sorely underestimated Edgar Balthazar!","src/cards/007/characters/146-edgar-balthazar-ambitious-butler.i18n.ts","translated"
"set7-147","JKW","ci_JKW","set7","147","action","We've Got Company!","","Ready all your characters. They gain Reckless this turn. (They can't quest and must challenge if able.)","Well, as usual, diplomacy has failed us. —Lyle Tiberius Rourke","src/cards/007/actions/147-weve-got-company.i18n.ts","translated"
"set7-148","ljS","ci_ljS","set7","148","action","Out of Order","","Banish chosen character.","The last thing any gamer wants to see.","src/cards/007/actions/148-out-of-order.i18n.ts","translated"
"set7-149","Twc","ci_Twc","set7","149","item","Ruby Coil","","CRIMSON SPARK During your turn, whenever a card is put into your inkwell, chosen character gets +2 {S} this turn.","Venturo felt a spark from his arm coil, and energy flooded his strained muscles.","src/cards/007/items/149-ruby-coil.i18n.ts","translated"
"set7-150","t79","ci_t79","set7","150","item","Unconventional Tool","","FIXED IN NO TIME When this item is banished, you pay 2 {I} less for the next item you play this turn.","I use this one a lot more than you'd think! —Maurice","src/cards/007/items/150-unconventional-tool.i18n.ts","translated"
"set7-151","jlq","ci_jlq","set7","151","item","Maurice's Machine","","BREAK DOWN When this item is banished, you may return an item card with cost 2 or less from your discard to your hand.","I hope it does what I built it to do! —Maurice","src/cards/007/items/151-maurices-machine.i18n.ts","translated"
"set7-152","a6n","ci_o00","set7","152","item","Devil's Eye Diamond","","THE PRICE OF POWER {E} — If one of your characters was damaged this turn, gain 1 lore.","Just look at it, filled with power for its owner. —Madame Medusa","src/cards/007/items/152-devils-eye-diamond.i18n.ts","translated"
"set7-153","ykh","ci_ykh","set7","153","character","Clarabelle","News Reporter","Support
BREAKING STORY Your other characters with Support get +1 {S}.","","src/cards/007/characters/153-clarabelle-news-reporter.i18n.ts","translated"
"set7-154","eru","ci_eru","set7","154","character","Scrooge McDuck","Resourceful Miser","PUT IT TO GOOD USE You may exert 4 items of yours to play this character for free.
FORTUNE HUNTER When you play this character, look at the top 4 cards of your deck. You may reveal an item card and put it into your hand. Put the rest on the bottom of your deck in any order.","","src/cards/007/characters/154-scrooge-mcduck-resourceful-miser.i18n.ts","translated"
"set7-155","YLV","ci_YLV","set7","155","character","Mattias","Arendelle General","PROUD TO SERVE Your Queen characters gain Ward.","You must move quickly before the trap resets. Go!","src/cards/007/characters/155-mattias-arendelle-general.i18n.ts","translated"
"set7-156","xp6","ci_MeA","set7","156","character","Moana","Adventurer of Land and Sea","undefined","Moana receives a call from the ancestors to sail to new skies and reconnect people across the entire ocean.","src/cards/007/characters/156-moana-adventurer-of-land-and-sea.i18n.ts","translated"
"set7-157","TnS","ci_TnS","set7","157","character","Monsieur D'Arque","Despicable Proprietor","I'VE COME TO COLLECT Whenever this character quests, you may banish chosen item of yours to draw a card.","I can help you with your problem... for the right price.","src/cards/007/characters/157-monsieur-darque-despicable-proprietor.i18n.ts","translated"
"set7-158","ex2","ci_ex2","set7","158","character","Gaetan Moliere","The Mole","undefined","Fascinating. This shouldn't exist, yet it does. It may be older than the Great Illuminary itself.","src/cards/007/characters/158-gaetan-moliere-the-mole.i18n.ts","translated"
"set7-159","oP9","ci_vbJ","set7","159","character","Belle","Apprentice Inventor","WHAT A MESS During your turn, you may banish chosen item of yours to play this character for free.","Helping her dad keep the flying debris to a minimum.","src/cards/007/characters/159-belle-apprentice-inventor.i18n.ts","translated"
"set7-160","Kl0","ci_Kl0","set7","160","character","Lucky","Runt of the Litter","FOLLOW MY VOICE Whenever this character quests, look at the top 2 cards of your deck. You may reveal any number of Puppy character cards and put them in your hand. Put the rest on the bottom of your deck in any order.","","src/cards/007/characters/160-lucky-runt-of-the-litter.i18n.ts","translated"
"set7-161","RK6","ci_RK6","set7","161","character","Dawson","Puzzling Sleuth","BE SENSIBLE Once during your turn, whenever a card is put into your inkwell, look at the top card of your deck. You may put it on either the top or the bottom of your deck.","I say, what sort of contraption <is> this?","src/cards/007/characters/161-dawson-puzzling-sleuth.i18n.ts","translated"
"set7-162","c1L","ci_rx2","set7","162","character","Tamatoa","Happy as a Clam","COOLEST COLLECTION When you play this character, return up to 2 item cards from your discard to your hand.
I'M BEAUTIFUL, BABY! Whenever this character quests, you may play an item for free.","","src/cards/007/characters/162-tamatoa-happy-as-a-clam.i18n.ts","translated"
"set7-163","MiH","ci_MiH","set7","163","character","Heihei","Expanded Consciousness","Shift 3
Resist +1
CLEAR YOUR MIND When you play this character, put all cards from your hand into your inkwell facedown and exerted.","","src/cards/007/characters/163-heihei-expanded-consciousness.i18n.ts","translated"
"set7-164","F39","ci_F39","set7","164","character","Kida","Creative Thinker","Ward
KEY TO THE PUZZLE {E} — Look at the top 2 cards of your deck. Put one into your ink supply, face down and exerted, and the other on top of your deck.","","src/cards/007/characters/164-kida-creative-thinker.i18n.ts","translated"
"set7-165","5do","ci_5do","set7","165","character","Toulouse","Artistic Kitten","undefined","He squeezed more paint from the tube and wiggled in delight. Archazia was fun, even if she was a giant owl. She had so many new colors to paint with!","src/cards/007/characters/165-toulouse-artistic-kitten.i18n.ts","translated"
"set7-166","44g","ci_44g","set7","166","character","Marie","Favored Kitten","I'LL SHOW YOU Whenever this character quests, you may give chosen character -2 {S} this turn.","Find yourself another Illumineer. This one's taken.","src/cards/007/characters/166-marie-favored-kitten.i18n.ts","translated"
"set7-167","C36","ci_C36","set7","167","character","Pepper","Quick-Thinking Puppy","IN THE NICK OF TIME Whenever one of your Puppy characters is banished, you may put that card into your inkwell facedown and exerted.","Pepper proves every puppy is part of the pack.","src/cards/007/characters/167-pepper-quick-thinking-puppy.i18n.ts","translated"
"set7-168","64q","ci_64q","set7","168","character","Freckles","Good Boy","JUST SO CUTE! When you play this character, chosen opposing character gets -1 {S} this turn.","I want to play with the others! Can I, Dad? Please?","src/cards/007/characters/168-freckles-good-boy.i18n.ts","translated"
"set7-169","20p","ci_20p","set7","169","character","Honey Lemon","Chemistry Whiz","PRETTY GREAT, HUH? Whenever you play a Floodborn character, if you used Shift to play them, you may remove up to 2 damage from chosen character.","","src/cards/007/characters/169-honey-lemon-chemistry-whiz.i18n.ts","translated"
"set7-170","JTC","ci_JTC","set7","170","character","Robin Hood","Eye for Detail","Support","There’s been a heap of legends and tall tales about Robin Hood. All different too. —Alan-a-Dale","src/cards/007/characters/170-robin-hood-eye-for-detail.i18n.ts","translated"
"set7-171","Dl9","ci_Dl9","set7","171","character","Penny the Orphan","Clever Child","OUR BOTTLE WORKED! While you have a Hero character in play, this character gains Ward.","Penny, dear, now don’t cry. We are here to help you. —Miss Bianca","src/cards/007/characters/171-penny-the-orphan-clever-child.i18n.ts","translated"
"set7-172","wEk","ci_wEk","set7","172","character","Lady Kluck","Protective Confidant","Bodyguard
Ward","","src/cards/007/characters/172-lady-kluck-protective-confidant.i18n.ts","translated"
"set7-173","TlP","ci_TlP","set7","173","character","Jasmine","Inspired Researcher","EXTRA ASSISTANCE Whenever this character quests, if you have no cards in your hand, draw a card for each Ally character you have in play.","Oh, this is wonderful! I <knew> Archazia's thought scrolls would be worth a little extra effort!","src/cards/007/characters/173-jasmine-inspired-researcher.i18n.ts","translated"
"set7-174","FOI","ci_FOI","set7","174","character","Jebidiah Farnsworth","Expedition Cook","Support
I GOT YOUR FOUR BASIC FOOD GROUPS When you play this character, chosen character gains Resist +1 until the start of your next turn.","","src/cards/007/characters/174-jebidiah-farnsworth-expedition-cook.i18n.ts","translated"
"set7-175","ibv","ci_ibv","set7","175","character","Baymax","Upgraded Robot","Support
ADVANCED SCANNER When you play this character, look at the top 4 cards of your deck. You may reveal a Floodborn character card and put it into your hand. Put the rest on the bottom of your deck in any order.","","src/cards/007/characters/175-baymax-upgraded-robot.i18n.ts","translated"
"set7-176","II0","ci_II0","set7","176","character","Maid Marian","Badminton Ace","GOOD SHOT During an opponent's turn, whenever one of your Ally characters is damaged, deal 1 damage to chosen opposing character.
FAIR PLAY Your characters named Lady Kluck gain Resist +1.","","src/cards/007/characters/176-maid-marian-badminton-ace.i18n.ts","translated"
"set7-177","mVr","ci_mVr","set7","177","action","Water Has Memory","","Look at the top 4 cards of chosen player's deck. Put one on the top of their deck and the rest on the bottom of their deck in any order.","","src/cards/007/actions/177-water-has-memory.i18n.ts","translated"
"set7-178","1xN","ci_Qon","set7","178","action","All Is Found","","Put up to 2 cards from your discard into your inkwell, facedown and exerted.","Where the north wind meets the sea There’s a river full of memory","src/cards/007/actions/178-all-is-found.i18n.ts","translated"
"set7-179","jrq","ci_jrq","set7","179","item","Sapphire Coil","","BRILLIANT SHINE During your turn, whenever a card is put into your inkwell, you may give chosen character -2 {S} this turn.","A single flash of light from the coil on Venturo's leg could blind any foe.","src/cards/007/items/179-sapphire-coil.i18n.ts","translated"
"set7-180","Xqf","ci_Xqf","set7","180","item","Baymax's Charging Station","","ENERGY CONVERTER Whenever you play a Floodborn character, if you used Shift to play them, you may draw a card.","Battery at 100%. Ready for action! —Hiro","src/cards/007/items/180-baymaxs-charging-station.i18n.ts","translated"
"set7-181","XeV","ci_XeV","set7","181","character","Dr. Calico","Green-Eyed Man","YOU'RE BEGINNING TO IRK ME While this character has no damage, he gains Resist +2.","Everything is positioning nicely.","src/cards/007/characters/181-dr-calico-green-eyed-man.i18n.ts","translated"
"set7-182","uB3","ci_uB3","set7","182","character","Akela","Wolf Pack Elder","undefined","A wise leader does not shy away from difficult decisions when the safety of the pack is at stake.","src/cards/007/characters/182-akela-wolf-pack-elder.i18n.ts","translated"
"set7-183","lpp","ci_lpp","set7","183","character","Helga Sinclair","Tough as Nails","Challenger +3 (While challenging, this character gets +3 {S}).
QUICK REFLEXES During your turn, this character gains Evasive. (They can challenge characters with Evasive.)","","src/cards/007/characters/183-helga-sinclair-tough-as-nails.i18n.ts","translated"
"set7-184","MIh","ci_MIh","set7","184","character","Bolt","Headstrong Dog","THERE'S NO TURNING BACK Whenever this character quests, if he has no damage, you may draw a card, then choose and discard a card.","Looks like we’re gonna do this the hard way.","src/cards/007/characters/184-bolt-headstrong-dog.i18n.ts","translated"
"set7-185","5e5","ci_5e5","set7","185","character","Heihei","Rambling Rooster","undefined","Archazia: Why is he wearing a coconut? Shanzay: It’s probably better not to ask.","src/cards/007/characters/185-heihei-rambling-rooster.i18n.ts","translated"
"set7-186","dsU","ci_dsU","set7","186","character","Raya","Guidance Seeker","A GREATER PURPOSE During your turn, whenever a card is put into your inkwell, this character gains Resist +1 until the start of your next turn.","","src/cards/007/characters/186-raya-guidance-seeker.i18n.ts","translated"
"set7-187","MK2","ci_MK2","set7","187","character","Tuk Tuk","Disarmingly Cute","Bodyguard
Resist +2","","src/cards/007/characters/187-tuk-tuk-disarmingly-cute.i18n.ts","translated"
"set7-188","HVE","ci_HVE","set7","188","character","Fa Zhou","War Hero","TRAINING EXERCISES Whenever one of your characters challenges another character, if it's the second challenge this turn, gain 3 lore.","Every trap you disarm, every test you pass, honors us all. Well done.","src/cards/007/characters/188-fa-zhou-war-hero.i18n.ts","translated"
"set7-189","ez3","ci_ez3","set7","189","character","Razoul","Menacing Guard","MY ORDERS COME FROM JAFAR When you play this character, if you have a character named Jafar in play, you may banish chosen item.","Mere trinkets won’t get you any closer to Jafar.","src/cards/007/characters/189-razoul-menacing-guard.i18n.ts","translated"
"set7-190","Fg9","ci_Fg9","set7","190","character","Jafar","Aspiring Ruler","THAT'S BETTER When you play this character, chosen character gains Challenger +2 this turn. (They get +2 {S} while challenging.)","At last, both halves of the crown belong to me!","src/cards/007/characters/190-jafar-aspiring-ruler.i18n.ts","translated"
"set7-191","33J","ci_33J","set7","191","character","Tick-Tock","Relentless Crocodile","LOOKING FOR LUNCH During your turn, this character gains Evasive while a Pirate character is in play. (They can challenge characters with Evasive.)","I say, Captain, do you hear something? —Peter Pan","src/cards/007/characters/191-tick-tock-relentless-crocodile.i18n.ts","translated"
"set7-192","TUI","ci_TUI","set7","192","character","Kakamora","Band of Pirates","SHOWBOATING While you have another Pirate character in play, this character gains Challenger +3.","They’re... kinda cute. —Moana","src/cards/007/characters/192-kakamora-band-of-pirates.i18n.ts","translated"
"set7-193","uh8","ci_QFm","set7","193","character","Mulan","Disguised Soldier","WHERE DO I SIGN IN? When you play this character, you may draw a card, then choose and discard a card.","Okay this is it, time to show 'em your man walk. —Mushu","src/cards/007/characters/193-mulan-disguised-soldier.i18n.ts","translated"
"set7-194","DJD","ci_DJD","set7","194","character","Orville","Albatross Air","WELCOME ABOARD, FOLKS During your turn, while you have a character named Miss Bianca or Bernard in play, this character gains Evasive. (They can challenge characters with Evasive.)","Doesn't he fly beautifully? —Miss Bianca","src/cards/007/characters/194-orville-albatross-air.i18n.ts","translated"
"set7-195","Knt","ci_Knt","set7","195","character","Miss Bianca","Unwavering Agent","HAVE A LITTLE FAITH If you have an Ally character in play, you pay 2 {I} less to play this character.","We’ll reach the top of this tower in no time if we work together, darling.","src/cards/007/characters/195-miss-bianca-unwavering-agent.i18n.ts","translated"
"set7-196","kH7","ci_kH7","set7","196","character","Mufasa","Respected King","undefined","Do you see this pillar? Even after it has fallen, it still can serve a purpose.","src/cards/007/characters/196-mufasa-respected-king.i18n.ts","translated"
"set7-197","H1M","ci_H1M","set7","197","character","Aladdin","Research Assistant","HELPING HAND Whenever this character quests, you may play an Ally character with cost 3 or less for free.
PUT IN THE EFFORT While this character is exerted, your Ally characters get +1 {S}.","","src/cards/007/characters/197-aladdin-research-assistant.i18n.ts","translated"
"set7-198","n5M","ci_n5M","set7","198","character","Bagheera","Guardian Jaguar","Bodyguard
YOU MUST BE BRAVE When this character is banished during an opponent's turn, deal 2 damage to each opposing character.","","src/cards/007/characters/198-bagheera-guardian-jaguar.i18n.ts","translated"
"set7-199","HlC","ci_HlC","set7","199","character","Gantu","Experienced Enforcer","CLOSE ALL CHANNELS When you play this character, characters can't exert to sing songs until the start of your next turn.
DON'T GET ANY IDEAS Each player pays 2 {I} more to play actions or items. (This doesn't apply to singing songs.)","","src/cards/007/characters/199-gantu-experienced-enforcer.i18n.ts","translated"
"set7-200","4xt","ci_mDz","set7","200","character","Mickey Mouse","Inspirational Warrior","STIRRING SPIRIT During your turn, whenever this character banishes another character in a challenge, you may play a character for free.","He leads the way with a steadfast heart.","src/cards/007/characters/200-mickey-mouse-inspirational-warrior.i18n.ts","translated"
"set7-201","ADz","ci_ndm","set7","201","action","Restoring Atlantis","","Your characters can't be challenged until the start of your next turn.","In times of danger, the crystal will choose a host, one of royal blood, to protect itself and its people. —King Kashekim Nedakh","src/cards/007/actions/201-restoring-atlantis.i18n.ts","translated"
"set7-202","Y2J","ci_Y2J","set7","202","action","Double Trouble","","Deal 1 damage each to up to 2 chosen characters.","We've had enough of your shenanigans! Take that! —Merryweather","src/cards/007/actions/202-double-trouble.i18n.ts","translated"
"set7-203","02J","ci_02J","set7","203","item","Steel Coil","","METALLIC FLOW During your turn, whenever a card is put into your inkwell, you may draw a card, then choose and discard a card.","As the coil clicked onto Shanzay's arm, she felt a strengthened sense of clarity.","src/cards/007/items/203-steel-coil.i18n.ts","translated"
"set7-204","T3y","ci_T3y","set7","204","item","Training Staff","","PRECISION STRIKE {E}, 1 {I} — Chosen character gains Challenger +2 this turn. (They get +2 {S} while challenging.)","Do not sit idle while others quest for glory. —Li Shang","src/cards/007/items/204-training-staff.i18n.ts","translated"
"set7-205-enchanted","eU3","ci_ove","set7","205","character","Aurora","Waking Beauty","Singer 5
SWEET DREAMS Whenever you remove 1 or more damage from a character, ready this character. She can't quest or challenge for the rest of this turn.","","src/cards/007/characters/205-aurora-waking-beauty-enchanted.i18n.ts","translated"
"set7-206-enchanted","Qxh","ci_X10","set7","206","character","Mirabel Madrigal","Musically Talented","Shift 4
HER OWN SPECIAL GIFT Whenever this character quests, you may return a song card with cost 3 or less from your discard to your hand.","","src/cards/007/characters/206-mirabel-madrigal-musically-talented-enchanted.i18n.ts","translated"
"set7-207-enchanted","81C","ci_qlj","set7","207","character","Bolt","Superdog","Shift 3
MARK OF POWER Whenever you ready this character, gain 1 lore for each other undamaged character you have in play.
BOLT STARE {E} — Banish chosen Illusion character.","","src/cards/007/characters/207-bolt-superdog-enchanted.i18n.ts","translated"
"set7-208-enchanted","nBf","ci_GJb","set7","208","item","The Glass Slipper","","PERFECT PAIR You may only have 2 copies of The Glass Slipper in your deck.
SEARCH THE KINGDOM Banish this item, {E} one of your Prince characters — Search your deck for a Princess character card and reveal it to all players. Put that card into your hand and shuffle your deck.","","src/cards/007/items/208-the-glass-slipper-enchanted.i18n.ts","translated"
"set7-209-enchanted","8rg","ci_sb1","set7","209","character","Donald Duck","Flustered Sorcerer","OBFUSCATE! Opponents need 25 lore to win the game.","","src/cards/007/characters/209-donald-duck-flustered-sorcerer-enchanted.i18n.ts","translated"
"set7-210-enchanted","G6C","ci_zaZ","set7","210","character","Jafar","Newly Crowned","THIS IS NOT DONE YET During an opponent's turn, whenever one of your Illusion characters is banished, you may return that card to your hand.","","src/cards/007/characters/210-jafar-newly-crowned-enchanted.i18n.ts","translated"
"set7-211-enchanted","a5N","ci_Jte","set7","211","action","Show Me More!","","Each player draws 3 cards.","","src/cards/007/actions/211-show-me-more-enchanted.i18n.ts","translated"
"set7-212-enchanted","r2H","ci_DSV","set7","212","character","Tramp","Enterprising Dog","HEY, PIDGE If you have a character named Lady in play, you pay 1 {I} less to play this character.
NO TIME FOR WISECRACKS When you play this character, chosen character of yours gets +1 {S} this turn for each other character you have in play.","","src/cards/007/characters/212-tramp-enterprising-dog-enchanted.i18n.ts","translated"
"set7-213-enchanted","cGj","ci_RyL","set7","213","character","Mad Hatter","Unruly Eccentric","UNBIRTHDAY PRESENT Whenever a damaged character challenges another character, you may draw a card.","","src/cards/007/characters/213-mad-hatter-unruly-eccentric-enchanted.i18n.ts","translated"
"set7-214-enchanted","OdY","ci_TaU","set7","214","character","Hiro Hamada","Armor Designer","Shift 5
YOU CAN BE WAY MORE Your Floodborn characters that have a card under them gain Evasive and Ward. (Only characters with Evasive can challenge them. Opponents can't choose them except to challenge.)","","src/cards/007/characters/214-hiro-hamada-armor-designer-enchanted.i18n.ts","translated"
"set7-215-enchanted","9Gk","ci_B2d","set7","215","action","The Return of Hercules","","Each player may reveal a character card from their hand and play it for free.","","src/cards/007/actions/215-the-return-of-hercules-enchanted.i18n.ts","translated"
"set7-216-enchanted","TlT","ci_AfF","set7","216","character","Ratigan","Nefarious Criminal","A MARVELOUS PERFORMANCE Whenever you play an action while this character is exerted, gain 1 lore.","","src/cards/007/characters/216-ratigan-nefarious-criminal-enchanted.i18n.ts","translated"
"set7-217-enchanted","3xv","ci_PhF","set7","217","character","Belle","Mechanic Extraordinaire","Shift 7
SALVAGE For each item card in your discard, you pay 1 {I} less to play this character using her Shift ability.
REPURPOSE Whenever this character quests, you may put up to 3 item cards from your discard on the bottom of your deck to gain 1 lore for each item card moved this way.","","src/cards/007/characters/217-belle-mechanic-extraordinaire-enchanted.i18n.ts","translated"
"set7-218-enchanted","MoQ","ci_o00","set7","218","item","Devil's Eye Diamond","","THE PRICE OF POWER {E} — If one of your characters was damaged this turn, gain 1 lore.","","src/cards/007/items/218-devils-eye-diamond-enchanted.i18n.ts","translated"
"set7-219-enchanted","wGT","ci_rx2","set7","219","character","Tamatoa","Happy as a Clam","COOLEST COLLECTION When you play this character, return up to 2 item cards from your discard to your hand.
I'M BEAUTIFUL, BABY! Whenever this character quests, you may play an item for free.","","src/cards/007/characters/219-tamatoa-happy-as-a-clam-enchanted.i18n.ts","translated"
"set7-220-enchanted","4F6","ci_Qon","set7","220","action","All Is Found","","Put up to 2 cards from your discard into your inkwell, facedown and exerted.","","src/cards/007/actions/220-all-is-found-enchanted.i18n.ts","translated"
"set7-221-enchanted","WSz","ci_mDz","set7","221","character","Mickey Mouse","Inspirational Warrior","STIRRING SPIRIT During your turn, whenever this character banishes another character in a challenge, you may play a character for free.","","src/cards/007/characters/221-mickey-mouse-inspirational-warrior-enchanted.i18n.ts","translated"
"set7-222-enchanted","eyb","ci_ndm","set7","222","action","Restoring Atlantis","","Your characters can't be challenged until the start of your next turn.","","src/cards/007/actions/222-restoring-atlantis-enchanted.i18n.ts","translated"
"set7-223-epic","XP5","ci_qlj","set7","223","character","Bolt","Superdog","Shift 3
MARK OF POWER Whenever you ready this character, gain 1 lore for each other undamaged character you have in play.
BOLT STARE {E} — Banish chosen Illusion character.","","src/cards/007/characters/223-bolt-superdog-epic.i18n.ts","translated"
"set7-224-epic","Jfd","ci_EtJ","set7","224","character","Elsa","Ice Maker","Shift 4
WINTER WALL Whenever this character quests, you may exert chosen character. If you do and you have a character named Anna in play, the chosen character can't ready at the start of their next turn.","","src/cards/007/characters/224-elsa-ice-maker-epic.i18n.ts","translated"
"set7-c2-002-challenge","OW7","ci_EtJ","set7-c2","2","character","Elsa","Ice Maker","Shift 4
WINTER WALL Whenever this character quests, you may exert chosen character. If you do and you have a character named Anna in play, the chosen character can't ready at the start of their next turn.","","src/cards/007/characters/c2-002-elsa-ice-maker-challenge.i18n.ts","translated"
"set7-c2-006-challenge","NQt","ci_EtJ","set7-c2","6","character","Elsa","Ice Maker","Shift 4
WINTER WALL Whenever this character quests, you may exert chosen character. If you do and you have a character named Anna in play, the chosen character can't ready at the start of their next turn.","","src/cards/007/characters/c2-006-elsa-ice-maker-challenge.i18n.ts","translated"
"set7-d23-016","UlU","ci_RyL","set7-d23","16","character","Mad Hatter","Unruly Eccentric","\Unbirthday Present\ Whenever a damaged character challenges another character, you may draw a card.","","src/cards/007/characters/d23-016-mad-hatter-unruly-eccentric.i18n.ts","translated"
"set7-p2-019-promo","3D5","ci_U6J","set7-p2","19","character","Anna","Ice Breaker","Support
WINTER AMBUSH When you play this character, chosen opposing character can't ready at the start of their next turn.","","src/cards/007/characters/p2-019-anna-ice-breaker-promo.i18n.ts","translated"
"set7-p2-020-challenge","D4J","ci_cMj","set7-p2","20","character","Kronk","Laid Back","Ward
I'M LOVIN' THIS If an effect would cause you to discard one or more cards, you don't discard.","","src/cards/007/characters/p2-020-kronk-laid-back-challenge.i18n.ts","translated"
"set7-p2-021-challenge","3df","ci_uxF","set7-p2","21","character","Perdita","Playful Mother","WHO'S NEXT? Whenever this character quests, you pay 2 {I} less for the next Puppy character you play this turn.
DON'T BE AFRAID Your Puppy characters gain Ward.","","src/cards/007/characters/p2-021-perdita-playful-mother-challenge.i18n.ts","translated"
"set7-p2-022-challenge","2HL","ci_7wy","set7-p2","22","character","Li Shang","Newly Promoted","I WON'T LET YOU DOWN This character can challenge ready characters.
BIG RESPONSIBILITY While this character is damaged, he gets +2 {S}.","","src/cards/007/characters/p2-022-li-shang-newly-promoted-challenge.i18n.ts","translated"
"set7-p2-023-challenge","Rhd","ci_LZE","set7-p2","23","character","Snow White","Fairest in the Land","HIDDEN AWAY This character can't be challenged.","","src/cards/007/characters/p2-023-snow-white-fairest-in-the-land-challenge.i18n.ts","translated"
"set7-p2-026-promo","sUn","ci_MeA","set7-p2","26","character","Moana","Adventurer of Land and Sea","undefined","","src/cards/007/characters/p2-026-moana-adventurer-of-land-and-sea-promo.i18n.ts","translated"
"set7-p2-026-promo-2","HtH","ci_HtH","set7-p2-026-promo","2","character","Vaiana","Adventurer of Land and Sea","undefined","","src/cards/007/characters/p2-026-vaiana-adventurer-of-land-and-sea-promo.i18n.ts","translated"
"set7-p3-037-promo","pgq","ci_vbJ","set7-p3","37","character","Belle","Apprentice Inventor","WHAT A MESS During your turn, you may banish chosen item of yours to play this character for free.","","src/cards/007/characters/p3-037-belle-apprentice-inventor-promo.i18n.ts","translated"
"set7-p3-038-promo","mV1","ci_QFm","set7-p3","38","character","Mulan","Disguised Soldier","WHERE DO I SIGN IN? When you play this character, you may draw a card, then choose and discard a card.","","src/cards/007/characters/p3-038-mulan-disguised-soldier-promo.i18n.ts","translated"
"set8-001","s04","ci_s04","set8","1","character","Louie","One Cool Duck","SPRING THE TRAP While this character is being challenged, the challenging character gets -1 {S}.","The snakes are cool, I guess. Pretty standard trap, though.","src/cards/008/characters/001-louie-one-cool-duck.i18n.ts","translated"
"set8-002","nfh","ci_nfh","set8","2","character","Dewey","Lovable Showoff","undefined","Snakes? Firing lasers? In a secret underground lair? No problem!","src/cards/008/characters/002-dewey-lovable-showoff.i18n.ts","translated"
"set8-003","h09","ci_h09","set8","3","character","Huey","Reliable Leader","I KNOW THE WAY Whenever this character quests, you pay 1 {I} less for the next character you play this turn.","Forget the magical snakes. There's the way out of the trap!","src/cards/008/characters/003-huey-reliable-leader.i18n.ts","translated"
"set8-004","4GN","ci_fqx","set8","4","character","Goofy","Groundbreaking Chef","PLENTY TO GO AROUND At the end of your turn, you may remove up to 1 damage from each of your other characters. Ready each character you removed damage from this way.","You're just in time for Surprise à la Goof!","src/cards/008/characters/004-goofy-groundbreaking-chef.i18n.ts","translated"
"set8-005","07V","ci_07V","set8","5","character","Antonio Madrigal","Friend to All","OF COURSE THEY CAN COME Once during your turn, whenever one of your characters sings a song, you may search your deck for a character card with cost 3 or less and reveal that card to all players. Put that card into your hand and shuffle your deck.","","src/cards/008/characters/005-antonio-madrigal-friend-to-all.i18n.ts","translated"
"set8-006","0v4","ci_hyd","set8","6","character","Minnie Mouse","Daring Defender","Bodyguard
TRUE VALOR This character gets +1 {S} for each 1 damage on her.","","src/cards/008/characters/006-minnie-mouse-daring-defender.i18n.ts","translated"
"set8-007","T22","ci_T22","set8","7","character","Ludwig Von Drake","All-Around Expert","SUPERIOR MIND When you play this character, chosen opponent reveals their hand and discards a non-character card of your choice.
LASTING LEGACY When this character is banished, you may put this card into your inkwell facedown and exerted.","","src/cards/008/characters/007-ludwig-von-drake-all-around-expert.i18n.ts","translated"
"set8-008","M8z","ci_M8z","set8","8","character","Charlotte La Bouff","Mardi Gras Princess","undefined","Seems like only yesterday we were both little girls dreaming our fairy tale dreams, and tonight they’re finally coming true.","src/cards/008/characters/008-charlotte-la-bouff-mardi-gras-princess.i18n.ts","translated"
"set8-009","9h6","ci_9h6","set8","9","character","Tiana","Natural Talent","Singer 6
CAPTIVATING MELODY Whenever you play a song, each opposing character gets -1 {S} until the start of your next turn.","","src/cards/008/characters/009-tiana-natural-talent.i18n.ts","translated"
"set8-010","hyF","ci_hyF","set8","10","character","Mirabel Madrigal","Curious Child","YOU ARE A WONDER When you play this character, you may reveal a song card in your hand to gain 1 lore.","Whatever gift awaits will be just as special as you. —Alma Madrigal","src/cards/008/characters/010-mirabel-madrigal-curious-child.i18n.ts","translated"
"set8-011","XlN","ci_XlN","set8","11","character","Lady","Family Dog","SOMEONE TO CARE FOR When you play this character, you may play a character with cost 2 or less for free.","She's happiest in the company of those she loves.","src/cards/008/characters/011-lady-family-dog.i18n.ts","translated"
"set8-012","3Cr","ci_3Cr","set8","12","character","Jim Dear","Beloved Husband","Bodyguard","Family is family no matter what.","src/cards/008/characters/012-jim-dear-beloved-husband.i18n.ts","translated"
"set8-013","DbU","ci_DbU","set8","13","character","Gene","Niceland Resident","I GUESS YOU EARNED THIS Whenever this character quests, you may remove up to 2 damage from chosen character.","Getting a medal feels pretty great. Making Gene squirm feels even better. —Wreck-It Ralph","src/cards/008/characters/013-gene-niceland-resident.i18n.ts","translated"
"set8-014","MrJ","ci_MrJ","set8","14","character","Perdita","On the Lookout","KEEPING WATCH While you have a Puppy character in play, this character gets +1 {W}.","Where did the forest go? Stay close, my darlings. Something's amiss here. —Perdita","src/cards/008/characters/014-perdita-on-the-lookout.i18n.ts","translated"
"set8-015","dQB","ci_dQB","set8","15","character","Rhino","One-Sixteenth Wolf","TINY HOWL When you play this character, chosen opposing character gets -1 {S} until the start of your next turn.","I eat danger for breakfast.","src/cards/008/characters/015-rhino-one-sixteenth-wolf.i18n.ts","translated"
"set8-016","rnQ","ci_rnQ","set8","16","character","Darling Dear","Beloved Wife","HOW SWEET When you play this character, chosen character gets +2 {L} this turn.","I don't imagine anything could ever take her place in our hearts.","src/cards/008/characters/016-darling-dear-beloved-wife.i18n.ts","translated"
"set8-017","hQZ","ci_hQZ","set8","17","character","The Colonel","Old Sheepdog","WE'VE GOT 'EM OUTNUMBERED While you have 3 or more Puppy characters in play, this character gets +2 {S} and +2 {L}.","His training was invaluable in infiltrating the palace.","src/cards/008/characters/017-the-colonel-old-sheepdog.i18n.ts","translated"
"set8-018","2pp","ci_2pp","set8","18","character","Chief Bogo","Commanding Officer","SENDING BACKUP During an opponent's turn, whenever one of your characters with Bodyguard is banished, you may reveal the top card of your deck. If it's a character card with cost 5 or less, you may play that character for free. Otherwise, put it on the top of your deck.","","src/cards/008/characters/018-chief-bogo-commanding-officer.i18n.ts","translated"
"set8-019","Ai2","ci_Ai2","set8","19","character","Pua","Protective Pig","Bodyguard
FREE FRUIT When this character is banished, you may draw a card.","","src/cards/008/characters/019-pua-protective-pig.i18n.ts","translated"
"set8-020","7WL","ci_7WL","set8","20","character","Bruno Madrigal","Singing Seer","Shift 5
BRIGHT FUTURE Whenever this character sings a song, you may draw a card for each character you have in play.","","src/cards/008/characters/020-bruno-madrigal-singing-seer.i18n.ts","translated"
"set8-021","mhw","ci_mhw","set8","21","character","Kaa","Hypnotizing Python","LOOK ME IN THE EYE Whenever this character quests, chosen opposing character gets -2 {S} and gains Reckless until the start of your next turn. (They can't quest and must challenge if able.)","You have just made a s-serious mis-sstake, my friend.","src/cards/008/characters/021-kaa-hypnotizing-python.i18n.ts","translated"
"set8-022","M9y","ci_M9y","set8","22","character","Tramp","Dapper Rascal","Shift 4
PLAY IT COOL During an opponent's turn, whenever one of your characters is banished, you may draw a card.","","src/cards/008/characters/022-tramp-dapper-rascal.i18n.ts","translated"
"set8-023","ABb","ci_ABb","set8","23","character","King Candy","Sugar Rush Nightmare","A NEW ROSTER When this character is banished, you may return another Racer character card from your discard to your hand.","","src/cards/008/characters/023-king-candy-sugar-rush-nightmare.i18n.ts","translated"
"set8-024","20I","ci_rXj","set8","24","character","Wreck-It Ralph","Big Lug","Shift 5
BACK ON TRACK When you play this character and whenever he quests, you may return a Racer character card with cost 6 or less from your discard to your hand. If you do, gain 1 lore.","","src/cards/008/characters/024-wreck-it-ralph-big-lug.i18n.ts","translated"
"set8-025","37v","ci_uA1","set8","25","character","Patch","Playful Pup","Ward
PUPPY BARKING While you have another Puppy character in play, this character gets +1 {L}.","Sand sure was more fun than it looked!","src/cards/008/characters/025-patch-playful-pup.i18n.ts","translated"
"set8-026","3aw","ci_3aw","set8","26","character","Rolly","Chubby Puppy","Support
ADORABLE ANTICS When you play this character, you may put a character card from your discard into your inkwell facedown and exerted.","","src/cards/008/characters/026-rolly-chubby-puppy.i18n.ts","translated"
"set8-027","95T","ci_Q1m","set8","27","character","Perdita","Determined Mother","Shift 4
QUICK, EVERYONE HIDE When you play this character, you may put all Puppy character cards from your discard into your inkwell facedown and exerted.","","src/cards/008/characters/027-perdita-determined-mother.i18n.ts","translated"
"set8-028","FRo","ci_BzW","set8","28","character","Pluto","Tried and True","HAPPY HELPER While this character has no damage, he gets +2 {S} and gains Support. (Whenever they quest, you may add their {S} to another chosen character's {S} this turn.)","","src/cards/008/characters/028-pluto-tried-and-true.i18n.ts","translated"
"set8-029","9Ny","ci_9Ny","set8","29","character","Bolt","Down but Not Out","NONE OF YOUR POWERS ARE WORKING This character enters play exerted.","The only power you need is the power of AWESOMENESS! —Rhino","src/cards/008/characters/029-bolt-down-but-not-out.i18n.ts","translated"
"set8-030","I1B","ci_I1B","set8","30","character","Rhino","Power Hamster","Shift 2
EPIC BALL OF AWESOME While this character has no damage, he gains Resist +2.","","src/cards/008/characters/030-rhino-power-hamster.i18n.ts","translated"
"set8-031","tDk","ci_tDk","set8","31","character","Antonio's Jaguar","Faithful Companion","YOU WANT TO GO WHERE? When you play this character, if you have a character named Antonio Madrigal in play, gain 1 lore.","He knows the way through. Just try to keep up! —Antonio","src/cards/008/characters/031-antonios-jaguar-faithful-companion.i18n.ts","translated"
"set8-032","g8l","ci_g8l","set8","32","character","Calhoun","Hard-Nosed Leader","Bodyguard
LOOT DROP When this character is banished, gain 1 lore.","","src/cards/008/characters/032-calhoun-hard-nosed-leader.i18n.ts","translated"
"set8-033","x3B","ci_4V7","set8","33","character","Lady","Decisive Dog","PACK OF HER OWN Whenever you play a character, this character gets +1 {S} this turn.
TAKE THE LEAD While this character has 3 {S} or more, she gets +2 {L}.","","src/cards/008/characters/033-lady-decisive-dog.i18n.ts","translated"
"set8-034","s3D","ci_s3D","set8","34","character","Alma Madrigal","Accepting Grandmother","THE MIRACLE IS YOU Once during your turn, whenever one or more of your characters sings a song, you may ready those characters.","I’m sorry I held on too tight.","src/cards/008/characters/034-alma-madrigal-accepting-grandmother.i18n.ts","translated"
"set8-035","q40","ci_9eu","set8","35","character","Clawhauser","Front Desk Officer","Bodyguard
Singer 4","","src/cards/008/characters/035-clawhauser-front-desk-officer.i18n.ts","translated"
"set8-036","Zwk","ci_Zwk","set8","36","character","Joey","Blue Pigeon","I'VE GOT JUST THE THING Whenever this character quests, you may remove up to 1 damage from each of your characters with Bodyguard.","If you need fixin’, ol' Joey’s on the job.","src/cards/008/characters/036-joey-blue-pigeon.i18n.ts","translated"
"set8-037","i7B","ci_i7B","set8","37","character","Donald Duck","Coin Collector","HERE, PIGGY, PIGGY For each item named The Nephews' Piggy Bank you have in play, you pay 2 {I} less to play this character.
MONEY EVERYWHERE When you play this character, your other characters gain ""{E} — Draw a card"" this turn.","","src/cards/008/characters/037-donald-duck-coin-collector.i18n.ts","translated"
"set8-038","kvV","ci_kvV","set8","38","character","Dalmatian Puppy","Tail Wagger","WHERE DID THEY ALL COME FROM? You may have up to 99 copies of Dalmatian Puppy — Tail Wagger in your deck.","Oh boy! A new friend to play with!","src/cards/008/characters/038-dalmatian-puppy-tail-wagger.i18n.ts","translated"
"set8-039","Zzh","ci_Zzh","set8","39","action","Candy Drift","","Draw a card. Chosen character of yours gets +5 {S} this turn. At the end of your turn, banish them.","This will overheat your engine like a sack of cinnamon candy, so you better win quick! —Vanellope von Schweetz","src/cards/008/actions/039-candy-drift.i18n.ts","translated"
"set8-040","znP","ci_znP","set8","40","action","She's Your Person","","Choose one:
- Remove up to 3 damage from chosen character.
- Remove up to 3 damage from each of your characters with Bodyguard.","","src/cards/008/actions/040-shes-your-person.i18n.ts","translated"
"set8-041","fR9","ci_fR9","set8","41","action","Only So Much Room","","Return chosen character with 2 {S} or less to their player's hand. Return a character card from your discard to your hand.","Home wreckers! That’s what they are! —Tramp","src/cards/008/actions/041-only-so-much-room.i18n.ts","translated"
"set8-042","VR5","ci_Mgx","set8","42","action","It Means No Worries","","Sing Together 9 (Any number of your or your teammates' characters with total cost 9 or more may {E} to sing this song for free.)
Return up to 3 character cards from your discard to your hand. You pay 2 {I} less for the next character you play this turn.","","src/cards/008/actions/042-it-means-no-worries.i18n.ts","translated"
"set8-043","yHH","ci_yHH","set8","43","action","Trials and Tribulations","","Chosen character gets -4 {S} until the start of your next turn.","","src/cards/008/actions/043-trials-and-tribulations.i18n.ts","translated"
"set8-044","N2m","ci_N2m","set8","44","item","The Nephews' Piggy Bank","","INSIDE JOB If you have a character named Donald Duck in play, you pay 1 {I} less to play this item.
PAYOFF {E} — Chosen character gets -1 {S} until the start of your next turn.","","src/cards/008/items/044-the-nephews-piggy-bank.i18n.ts","translated"
"set8-045","APE","ci_APE","set8","45","character","Palace Guard","Spectral Sentry","Vanish (When an opponent chooses this character for an action, banish them.)","All of the power of the normal guards, with none of the insolence. —Jafar","src/cards/008/characters/045-palace-guard-spectral-sentry.i18n.ts","translated"
"set8-046","puQ","ci_puQ","set8","46","character","Druun","Ravenous Plague","Challenger +4","They’ve always been here. Waiting for a moment of weakness to attack. —Sisu","src/cards/008/characters/046-druun-ravenous-plague.i18n.ts","translated"
"set8-047","9f8","ci_9f8","set8","47","character","Madame Medusa","Deceiving Partner","DOUBLE-CROSS When you play this character, you may deal 2 damage to another chosen character of yours to return chosen character with cost 2 or less to their player's hand.","","src/cards/008/characters/047-madame-medusa-deceiving-partner.i18n.ts","translated"
"set8-048","C4b","ci_C4b","set8","48","character","Hades","Ruthless Tyrant","SHORT ON PATIENCE When you play this character and whenever he quests, you may deal 2 damage to another chosen character of yours to draw 2 cards.","Don't forget—I'm the guy with the leverage here.","src/cards/008/characters/048-hades-ruthless-tyrant.i18n.ts","translated"
"set8-049","q7a","ci_q7a","set8","49","character","Lena Sabrewing","Pure Energy","Evasive
SUPERNATURAL VENGEANCE {E} — Deal 1 damage to chosen character.","","src/cards/008/characters/049-lena-sabrewing-pure-energy.i18n.ts","translated"
"set8-050","Ath","ci_Ath","set8","50","character","Abu","Illusory Pachyderm","Vanish (When an opponent chooses this character for an action, banish them.)
GRASPING TRUNK Whenever this character quests, gain lore equal to the {L} of chosen opposing character.","","src/cards/008/characters/050-abu-illusory-pachyderm.i18n.ts","translated"
"set8-051","qZd","ci_qZd","set8","51","character","Bruno Madrigal","Single-Minded","STANDING TALL When you play this character, chosen opposing character can't ready at the start of their next turn.","I’m not in the vision business right now. I’m in the stopping you business.","src/cards/008/characters/051-bruno-madrigal-single-minded.i18n.ts","translated"
"set8-052","z2N","ci_z2N","set8","52","character","Royal Guard","Octopus Soldier","HEAVILY ARMED Whenever you draw a card, this character gains Challenger +1 this turn. (They get +1 {S} while challenging.)","","src/cards/008/characters/052-royal-guard-octopus-soldier.i18n.ts","translated"
"set8-053","AdI","ci_AdI","set8","53","character","Kuzco","Bored Royal","LLAMA BREATH When you play this character, you may return chosen character, item, or location with cost 2 or less to their player's hand.","Wait'll they get a whiff of this . . .","src/cards/008/characters/053-kuzco-bored-royal.i18n.ts","translated"
"set8-054","tg3","ci_tg3","set8","54","character","Megara","Part of the Plan","CONTENTIOUS ALLIANCE While you have a character named Hades in play, this character gains Challenger +2. (They get +2 {S} while challenging.)","The sooner we get this done, the sooner I'm free . . . of you.","src/cards/008/characters/054-megara-part-of-the-plan.i18n.ts","translated"
"set8-055","umw","ci_umw","set8","55","character","Yelana","Northuldra Leader","WE ONLY TRUST NATURE When you play this character, chosen character gains Challenger +2 this turn. (They get +2 {S} while challenging.)","","src/cards/008/characters/055-yelana-northuldra-leader.i18n.ts","translated"
"set8-056","yNt","ci_yNt","set8","56","character","Ryder","Fleet-Footed Infiltrator","Evasive","Sheesh, what is it with this high sultan guy? Can't he put in stairs like a normal person?","src/cards/008/characters/056-ryder-fleet-footed-infiltrator.i18n.ts","translated"
"set8-057","wU9","ci_wU9","set8","57","character","Bambi","Prince of the Forest","undefined","As he grew older, he began to understand his responsibilities to all the creatures of the woods.","src/cards/008/characters/057-bambi-prince-of-the-forest.i18n.ts","translated"
"set8-058","J4k","ci_J4k","set8","58","character","Poe De Spell","Magica's Brother","undefined","Sister, dear, if we turn all the townspeople into frogs, who will give us our gold and turnips?","src/cards/008/characters/058-poe-de-spell-magicas-brother.i18n.ts","translated"
"set8-059","EKX","ci_EKX","set8","59","character","Madam Mim","Up to No Good","undefined","They think they know my tricks... Oh, this one’s going to be marvelously malicious!","src/cards/008/characters/059-madam-mim-up-to-no-good.i18n.ts","translated"
"set8-060","F8U","ci_F8U","set8","60","character","Elsa","Fierce Protector","ICE OVER 1 {I}, Choose and discard a card — Exert chosen opposing character.","I have to protect my sister. You're not going anywhere!","src/cards/008/characters/060-elsa-fierce-protector.i18n.ts","translated"
"set8-061","HBo","ci_828","set8","61","character","Pinocchio","Strings Attached","Evasive
GOT TO KEEP REAL QUIET Once during your turn, whenever you ready this character, you may draw a card.","","src/cards/008/characters/061-pinocchio-strings-attached.i18n.ts","translated"
"set8-062","JE3","ci_JE3","set8","62","character","Jiminy Cricket","Level-Headed and Wise","Evasive
ENOUGH'S ENOUGH While this character is exerted, opposing characters with Rush enter play exerted.","","src/cards/008/characters/062-jiminy-cricket-level-headed-and-wise.i18n.ts","translated"
"set8-063","WmT","ci_eD3","set8","63","character","Bambi","Little Prince","SAY HELLO When you play this character, gain 1 lore.
KIND OF BASHFUL When an opponent plays a character, return this character to your hand.","","src/cards/008/characters/063-bambi-little-prince.i18n.ts","translated"
"set8-064","kcf","ci_kcf","set8","64","character","Monstro","Infamous Whale","Rush
FULL BREACH Choose and discard a card — Ready this character. He can't quest for the rest of this turn.","","src/cards/008/characters/064-monstro-infamous-whale.i18n.ts","translated"
"set8-065","hjp","ci_hjp","set8","65","character","Nero","Fearsome Crocodile","AND MEAN {E} — Move 1 damage counter from this character to chosen opposing character.","He's identical to Brutus in temperament and toothiness.","src/cards/008/characters/065-nero-fearsome-crocodile.i18n.ts","translated"
"set8-066","dre","ci_dre","set8","66","character","Magica De Spell","Shadow Form","Evasive
DANCE OF DARKNESS When you play this character, you may return one of your other characters to your hand to draw a card.","","src/cards/008/characters/066-magica-de-spell-shadow-form.i18n.ts","translated"
"set8-067","9aY","ci_7bS","set8","67","character","Kuzco","Impulsive Llama","Shift 4
WHAT DOES THIS DO? When you play this character, each opponent chooses one of their characters and puts that card on the bottom of their deck. Then, each opponent may draw a card.","","src/cards/008/characters/067-kuzco-impulsive-llama.i18n.ts","translated"
"set8-068","GYU","ci_GYU","set8","68","character","Yzma","On Edge","WHY DO WE EVEN HAVE THAT LEVER? When you play this character, if you have a card named Pull the Lever! in your discard, you may search your deck for a card named Wrong Lever! and reveal that card to all players. Put that card into your hand and shuffle your deck.","","src/cards/008/characters/068-yzma-on-edge.i18n.ts","translated"
"set8-069","buu","ci_buu","set8","69","character","Madam Mim","Rhino","Shift 2
MAKE WAY, COMING THROUGH! When you play this character, banish her or return another chosen character of yours to your hand.","","src/cards/008/characters/069-madam-mim-rhino.i18n.ts","translated"
"set8-070","mMQ","ci_AXE","set8","70","character","Mother Gothel","Knows What's Best","LOOK WHAT YOU'VE DONE When you play this character, you may deal 2 damage to another chosen character of yours to give that character Challenger +1 and ""When this character is banished in a challenge, return this card to your hand"" this turn. (They get +1 {S} while challenging.)","","src/cards/008/characters/070-mother-gothel-knows-whats-best.i18n.ts","translated"
"set8-071","IbB","ci_IbB","set8","71","character","Blue Fairy","Guiding Light","Evasive
Support","","src/cards/008/characters/071-blue-fairy-guiding-light.i18n.ts","translated"
"set8-072","7E5","ci_7E5","set8","72","character","Anna","Magical Mission","Shift 4
Support
COORDINATED PLAN Whenever this character quests, if you have a character named Elsa in play, you may draw a card.","","src/cards/008/characters/072-anna-magical-mission.i18n.ts","translated"
"set8-073","m6L","ci_m6L","set8","73","character","The Sultan","Royal Apparition","Vanish (When an opponent chooses this character for an action, banish them.)
COMMANDING PRESENCE Whenever one of your Illusion characters quests, exert chosen opposing character.","","src/cards/008/characters/073-the-sultan-royal-apparition.i18n.ts","translated"
"set8-074","i56","ci_A6H","set8","74","character","Jafar","High Sultan of Lorcana","DARK POWER Whenever this character quests, you may draw a card, then choose and discard a card. If an Illusion character card is discarded this way, you may play that character for free.","","src/cards/008/characters/074-jafar-high-sultan-of-lorcana.i18n.ts","translated"
"set8-075","lBR","ci_lBR","set8","75","character","Camilo Madrigal","Center Stage","ENCORE! ENCORE! When this character is banished in a challenge, return this card to your hand.","My primo Camilo won’t stop until he makes you smile today. —Mirabel","src/cards/008/characters/075-camilo-madrigal-center-stage.i18n.ts","translated"
"set8-076","1FG","ci_1FG","set8","76","character","Flower","Shy Skunk","LOOKING FOR FRIENDS Whenever you play another character, look at the top card of your deck. Put it on either the top or the bottom of your deck.","His sweet nature outmatches all the blooms in the meadow.","src/cards/008/characters/076-flower-shy-skunk.i18n.ts","translated"
"set8-077","zpF","ci_zpF","set8","77","action","Forest Duel","","Your characters gain Challenger +2 and ""When this character is banished in a challenge, return this card to your hand"" this turn. (They get +2 {S} while challenging.)","Fight with honor, win with dignity.","src/cards/008/actions/077-forest-duel.i18n.ts","translated"
"set8-078","Ql7","ci_Ql7","set8","78","action","They Never Come Back","","Up to 2 chosen characters can't ready at the start of their next turn. Draw a card.","You boys have had your fun. Now, pay for it. —The Coachman","src/cards/008/actions/078-they-never-come-back.i18n.ts","translated"
"set8-079","r0t","ci_ABM","set8","79","action","Fantastical and Magical","","Sing Together 9 (Any number of your or your teammates' characters with total cost 9 or more may {E} to sing this song for free.)
For each character that sang this song, draw a card and gain 1 lore.","","src/cards/008/actions/079-fantastical-and-magical.i18n.ts","translated"
"set8-080","OrQ","ci_UMU","set8","80","action","Pull the Lever!","","Choose one:
- Draw 2 cards.
- Each opponent chooses and discards a card.","","src/cards/008/actions/080-pull-the-lever.i18n.ts","translated"
"set8-081","8Sv","ci_TcE","set8","81","action","Into the Unknown","","Put chosen exerted character into their player's inkwell facedown and exerted.","","src/cards/008/actions/081-into-the-unknown.i18n.ts","translated"
"set8-082","Gps","ci_Gps","set8","82","action","Everybody's Got a Weakness","","Move 1 damage counter from each damaged character you have in play to chosen opposing character. Draw a card for each damage counter moved this way.","","src/cards/008/actions/082-everybodys-got-a-weakness.i18n.ts","translated"
"set8-083","wF1","ci_wF1","set8","83","item","Scarab","","SEARCH THE SANDS {E} 2 {I} — Return an Illusion character card from your discard to your hand.","If we can catch one, maybe we can recalibrate it to help us get rid of Jafar's illusions! —Venturo, an Illumineer","src/cards/008/items/083-scarab.i18n.ts","translated"
"set8-084","zHC","ci_zHC","set8","84","item","Ice Spikes","","HOLD STILL When you play this item, exert chosen opposing character.
IT'S STUCK {E}, 1 {I} — Exert chosen opposing item. It can't ready at the start of its next turn.","","src/cards/008/items/084-ice-spikes.i18n.ts","translated"
"set8-085","qK6","ci_qK6","set8","85","character","Wilhelmina Packard","The Radio Operator","undefined","Helga: Sounds metallic. Could be an echo off one of the rocks. Wilhelmina: Do you want to do my job? Be my guest.","src/cards/008/characters/085-wilhelmina-packard-the-radio-operator.i18n.ts","translated"
"set8-086","c7u","ci_c7u","set8","86","character","Basil","Undercover Detective","INCAPACITATE When you play this character, you may return chosen character to their player's hand.
INTERFERE Whenever this character quests, chosen opponent discards a card at random.","","src/cards/008/characters/086-basil-undercover-detective.i18n.ts","translated"
"set8-087","I98","ci_I98","set8","87","character","Tramp","Observant Guardian","HOW DO I GET IN? When you play this character, chosen character gains Ward until the start of your next turn.","One glance at the tiny tracks, and his protective instincts kicked in.","src/cards/008/characters/087-tramp-observant-guardian.i18n.ts","translated"
"set8-088","Vx6","ci_Vx6","set8","88","character","Chaca","Junior Chipmunk","IN CAHOOTS When you play this character, if you have a character named Tipo in play, chosen opposing character gains Reckless during their next turn. (They can't quest and must challenge if able.)","","src/cards/008/characters/088-chaca-junior-chipmunk.i18n.ts","translated"
"set8-089","xfC","ci_xfC","set8","89","character","Tipo","Junior Chipmunk","Evasive","This is so much fun, Chaca! I want to go higher!","src/cards/008/characters/089-tipo-junior-chipmunk.i18n.ts","translated"
"set8-090","7bC","ci_7bC","set8","90","character","Bill the Lizard","Chimney Sweep","NOTHING TO IT While another character in play has damage, this character gains Evasive.","We need a lazard with a lizard! —White Rabbit","src/cards/008/characters/090-bill-the-lizard-chimney-sweep.i18n.ts","translated"
"set8-091","tzo","ci_tzo","set8","91","character","March Hare","Hare-Brained Eccentric","LIGHT THE CANDLES When you play this character, you may deal 2 damage to chosen damaged character.","He really knows how to light up a room.","src/cards/008/characters/091-march-hare-hare-brained-eccentric.i18n.ts","translated"
"set8-092","7A9","ci_7A9","set8","92","character","Fred","Major Science Enthusiast","SPITTING FIRE! When you play this character, you may banish chosen item.","Don’t be alarmed. It is just a suit. This is not my real face and body.","src/cards/008/characters/092-fred-major-science-enthusiast.i18n.ts","translated"
"set8-093","rMw","ci_rMw","set8","93","character","Mad Dog","Karnage's First Mate","ARE YOU SURE THIS IS SAFE, CAPTAIN? If you have a character named Don Karnage in play, you pay 1 {I} less to play this character.","He certainly isn't the brains of the operation.","src/cards/008/characters/093-mad-dog-karnages-first-mate.i18n.ts","translated"
"set8-094","WWj","ci_WWj","set8","94","character","Dale","Bumbler","undefined","You’re the fearless copilot who can handle any job.... Did I say fearless? I meant brainless! —Chip","src/cards/008/characters/094-dale-bumbler.i18n.ts","translated"
"set8-095","hTp","ci_hTp","set8","95","character","Louis","Endearing Alligator","SENSITIVE SOUL This character enters play exerted.
FRIENDLIER THAN HE LOOKS When you play this character, chosen opposing character gains Reckless during their next turn. (They can't quest and must challenge if able.)","","src/cards/008/characters/095-louis-endearing-alligator.i18n.ts","translated"
"set8-096","BpJ","ci_BpJ","set8","96","character","Napoleon","Clever Bloodhound","undefined","Everyone knows that without rations, an operation'll be a failure. And this is why I outrank you, Lafayette. 'Cause I see the big picture.","src/cards/008/characters/096-napoleon-clever-bloodhound.i18n.ts","translated"
"set8-097","oOq","ci_oOq","set8","97","character","Chip","Quick Thinker","I'LL HANDLE THIS When you play this character, chosen opponent chooses and discards a card.","Don't worry, Dale! I've got you!","src/cards/008/characters/097-chip-quick-thinker.i18n.ts","translated"
"set8-098","Hxd","ci_Hxd","set8","98","character","Fred","Giant-Sized","Shift 5
I LIKE WHERE THIS IS HEADING Whenever this character quests, reveal cards from the top of your deck until you reveal a Floodborn character card. Put that card into your hand and shuffle the rest into your deck.","","src/cards/008/characters/098-fred-giant-sized.i18n.ts","translated"
"set8-099","rbr","ci_rbr","set8","99","character","Gadget Hackwrench","Quirky Scientist","GOLLY! When you play this character, if an opponent has more cards in their hand than you, you may draw a card.","The scarab's power source! I knew that if I dug around I'd find it!","src/cards/008/characters/099-gadget-hackwrench-quirky-scientist.i18n.ts","translated"
"set8-100","XZW","ci_XZW","set8","100","character","Raya","Infiltration Expert","UNCONVENTIONAL TACTICS Whenever this character quests, you may pay 2 {I} to ready another chosen character.","","src/cards/008/characters/100-raya-infiltration-expert.i18n.ts","translated"
"set8-101","so5","ci_jRy","set8","101","character","Rapunzel","High Climber","Evasive
WRAPPED UP Whenever this character quests, chosen opposing character can't quest during their next turn.","","src/cards/008/characters/101-rapunzel-high-climber.i18n.ts","translated"
"set8-102","gxV","ci_gxV","set8","102","character","Flynn Rider","Breaking and Entering","THIS IS A VERY BIG DAY Whenever this character is challenged, the challenging player may choose and discard a card. If they don't, you gain 2 lore.","One way or another, I get what I want.","src/cards/008/characters/102-flynn-rider-breaking-and-entering.i18n.ts","translated"
"set8-103","L4w","ci_L4w","set8","103","character","Dormouse","Easily Agitated","VERY RUDE INDEED When you play this character, you may put 1 damage counter on chosen character.","The tea is strong, even if he isn’t.","src/cards/008/characters/103-dormouse-easily-agitated.i18n.ts","translated"
"set8-104","Xgj","ci_Xgj","set8","104","character","Alice","Clumsy as Can Be","Shift 3
ACCIDENT PRONE Whenever this character quests, put 1 damage counter on each other character.","","src/cards/008/characters/104-alice-clumsy-as-can-be.i18n.ts","translated"
"set8-105","OAZ","ci_OAZ","set8","105","character","Queen of Hearts","Haughty Monarch","COUNT OFF! While there are 5 or more characters with damage in play, this character gets +3 {L}.","She’ll go wherever she pleases, no matter who she has to step on to get there.","src/cards/008/characters/105-queen-of-hearts-haughty-monarch.i18n.ts","translated"
"set8-106","OeW","ci_OeW","set8","106","character","Hiro Hamada","Intuitive Thinker","LOOK FOR A NEW ANGLE {E} — Ready chosen Floodborn character.","","src/cards/008/characters/106-hiro-hamada-intuitive-thinker.i18n.ts","translated"
"set8-107","Di2","ci_Di2","set8","107","character","Go Go Tomago","Cutting Edge","Shift 4
Evasive
ZERO RESISTANCE When you play this character, if you used Shift to play her, you may put chosen character into their player's inkwell facedown and exerted.","","src/cards/008/characters/107-go-go-tomago-cutting-edge.i18n.ts","translated"
"set8-108","lub","ci_lub","set8","108","character","Don Karnage","Air Pirate Leader","Evasive
SCORNFUL TAUNT Whenever you play an action that isn't a song, chosen opposing character gains Reckless during their next turn. (They can't quest and must challenge if able.)","","src/cards/008/characters/108-don-karnage-air-pirate-leader.i18n.ts","translated"
"set8-109","3AG","ci_dkw","set8","109","character","Captain Hook","The Pirate King","Shift 3
GIVE 'EM ALL YOU GOT! Once during your turn, whenever an opposing character is damaged, your Pirate characters get +2 {S} and gain Resist +2 this turn.","","src/cards/008/characters/109-captain-hook-the-pirate-king.i18n.ts","translated"
"set8-110","axI","ci_axI","set8","110","character","Maui","Stubborn Trickster","I'M NOT FINISHED YET When this character is banished, choose one:
- Put 2 damage counters on all opposing characters.
- Banish all opposing items.
- Banish all opposing locations.","","src/cards/008/characters/110-maui-stubborn-trickster.i18n.ts","translated"
"set8-111","MDv","ci_MDv","set8","111","character","Honey Lemon","Costumed Catalyst","LET'S DO THIS! Whenever you play a Floodborn character, if you used Shift to play them, you may return chosen character to their player's hand.","","src/cards/008/characters/111-honey-lemon-costumed-catalyst.i18n.ts","translated"
"set8-112","uXU","ci_uXU","set8","112","character","Jock","Attentive Uncle","VOICE OF EXPERIENCE When you play this character, if you have 3 or more other characters in play, gain 2 lore.","Settle in, ye wee pups, and let Uncle Jock tell ye a story about some Illumineers and a mad adventure...","src/cards/008/characters/112-jock-attentive-uncle.i18n.ts","translated"
"set8-113","7dV","ci_OeD","set8","113","character","Archimedes","Resourceful Owl","YOU DON'T NEED THAT When you play this character, you may banish chosen item.
NOW, THAT'S NOT BAD During your turn, whenever an item is banished, you may draw a card, then choose and discard a card.","","src/cards/008/characters/113-archimedes-resourceful-owl.i18n.ts","translated"
"set8-114","STB","ci_STB","set8","114","action","He Who Steals and Runs Away","","Banish chosen item. Draw a card.","Lives to steal another day!","src/cards/008/actions/114-he-who-steals-and-runs-away.i18n.ts","translated"
"set8-115","1ft","ci_1ft","set8","115","action","Stopped Chaos in Its Tracks","","Sing Together 8 (Any number of your or your teammates' characters with total cost 8 or more may {E} to sing this song for free.)
Return up to 2 chosen characters with 3 {S} or less each to their player's hand.","","src/cards/008/actions/115-stopped-chaos-in-its-tracks.i18n.ts","translated"
"set8-116","NXU","ci_M7a","set8","116","action","Wrong Lever!","","Choose one:
- Return chosen character to their player's hand.
- Put a Pull the Lever! card from your discard pile on the bottom of your deck to put chosen character on the bottom of their owner's deck.","","src/cards/008/actions/116-wrong-lever.i18n.ts","translated"
"set8-117","p0c","ci_p0c","set8","117","action","Undermine","","Chosen opponent chooses and discards a card. Chosen character gets +2 {S} this turn.","It's a real shame I didn't even get a chance to study it.","src/cards/008/actions/117-undermine.i18n.ts","translated"
"set8-118","m8D","ci_m8D","set8","118","action","Walk the Plank!","","Your Pirate characters gain ""{E} — Banish chosen damaged character"" this turn.","It was at this point that John decided he'd had quite enough adventure.","src/cards/008/actions/118-walk-the-plank.i18n.ts","translated"
"set8-119","VyL","ci_VyL","set8","119","item","Chem Purse","","HERE'S THE BEST PART Whenever you play a character, if you used Shift to play them, they get +4 {S} this turn.","Cute, but also potentially devastating. Perfect. —Honey Lemon","src/cards/008/items/119-chem-purse.i18n.ts","translated"
"set8-120","nJm","ci_nJm","set8","120","item","Jeweled Collar","","WELCOME EXTRAVAGANCE Whenever one of your characters is challenged, you may put the top card of your deck into your inkwell facedown and exerted.","Archazia created many wondrous things, but none as beautiful as this.","src/cards/008/items/120-jeweled-collar.i18n.ts","translated"
"set8-121","lZz","ci_lZz","set8","121","character","Gloyd Orangeboar","Fierce Competitor","PUMPKIN SPICE When you play this character, each opponent loses 1 lore and you gain 1 lore.","I’ve got tricks for my opponents <and> treats for my fans!","src/cards/008/characters/121-gloyd-orangeboar-fierce-competitor.i18n.ts","translated"
"set8-122","P2P","ci_P2P","set8","122","character","Honest John","Shameless Schemer","undefined","Say, jewels just lying around in a fancy joint like this? It would be a shame if a few went missing...","src/cards/008/characters/122-honest-john-shameless-schemer.i18n.ts","translated"
"set8-123","mYr","ci_mYr","set8","123","character","Gyro Gearloose","Eccentric Inventor","Evasive
I'LL SHOW YOU! When you play this character, chosen opposing character gets -3 {S} this turn.","","src/cards/008/characters/123-gyro-gearloose-eccentric-inventor.i18n.ts","translated"
"set8-124","SCj","ci_SCj","set8","124","character","Vanellope Von Schweetz","Spunky Speedster","Evasive","I can handle anything you throw at me... Wait, are those <laser snakes>? This is the best track ever!","src/cards/008/characters/124-vanellope-von-schweetz-spunky-speedster.i18n.ts","translated"
"set8-125","ZmK","ci_ZmK","set8","125","character","Brutus","Fearsome Crocodile","SPITEFUL During your turn, when this character is banished, if one of your characters was damaged this turn, gain 2 lore.","He's identical to Nero in cruelty and classiness.","src/cards/008/characters/125-brutus-fearsome-crocodile.i18n.ts","translated"
"set8-126","Bfj","ci_Bfj","set8","126","character","The Dodo","Outlandish Storyteller","EXTRAORDINARY SITUATION This character gets +1 {S} for each 1 damage on him.","And there I was in the cave below the palace when suddenly sand began pouring down. Did I stop? No! What's a little sand?","src/cards/008/characters/126-the-dodo-outlandish-storyteller.i18n.ts","translated"
"set8-127","x8u","ci_x8u","set8","127","character","Alice","Courageous Keyholder","THIS WAY OUT When you play this character, you may ready chosen damaged character of yours. They can't quest for the rest of this turn.","Goodness, those scarabs are awfully close! We must find the way out!","src/cards/008/characters/127-alice-courageous-keyholder.i18n.ts","translated"
"set8-128","p7H","ci_p7H","set8","128","character","Lumiere","Nimble Candelabra","QUICK-STEP While you have an item card in your discard, this character gains Evasive.","Sacrebleu! This is no way to treat a guest in your palace!","src/cards/008/characters/128-lumiere-nimble-candelabra.i18n.ts","translated"
"set8-129","Ooh","ci_Ooh","set8","129","character","Gaston","Arrogant Showoff","BREAK APART When you play this character, you may banish one of your items to give chosen character +2 {S} this turn.","Take this magical stone. You'll need it to keep up with me!","src/cards/008/characters/129-gaston-arrogant-showoff.i18n.ts","translated"
"set8-130","Ffp","ci_Ffp","set8","130","character","Mushu","Fast-Talking Dragon","LET'S GET THIS SHOW ON THE ROAD {E} — Chosen character gains Rush this turn. (They can challenge the turn they're played.)","Move, move, move! There’s no time to explain. Well, maybe a little time, so listen up...","src/cards/008/characters/130-mushu-fast-talking-dragon.i18n.ts","translated"
"set8-131","2w3","ci_2w3","set8","131","character","Cri-Kee","Part of the Team","AT HER SIDE While you have 2 or more other exerted characters in play, this character gets +2 {L}.","You were so focused on me and Mulan that you forgot about my man Cri-Kee here. And that was a <mistake>! —Mushu","src/cards/008/characters/131-cri-kee-part-of-the-team.i18n.ts","translated"
"set8-132","hVs","ci_hVs","set8","132","character","Lafayette","Sleepy Basset Hound","undefined","What are we guarding the kitchen for, Napoleon? There ain't no scarabs 'round here. Call me when there's somethin' serious that needs fixin'.","src/cards/008/characters/132-lafayette-sleepy-basset-hound.i18n.ts","translated"
"set8-133","Nrd","ci_Nrd","set8","133","character","Figaro","Tuxedo Cat","PLAYFULNESS Opposing items enter play exerted.","Say hello to Figaro. Up to mischief already! —Geppetto","src/cards/008/characters/133-figaro-tuxedo-cat.i18n.ts","translated"
"set8-134","tI0","ci_tI0","set8","134","character","Thumper","Young Bunny","YOU CAN DO IT! {E} — Chosen character gets +3 this turn.","C'mon! Let's show that mean old high sultan what’s what.","src/cards/008/characters/134-thumper-young-bunny.i18n.ts","translated"
"set8-135","mFI","ci_mFI","set8","135","character","Wreck-It Ralph","Back Seat Driver","CHARGED UP When you play this character, chosen Racer character gets +4 {S} this turn.","Let's burn rubber, kid! —Wreck-It Ralph","src/cards/008/characters/135-wreck-it-ralph-back-seat-driver.i18n.ts","translated"
"set8-136","01E","ci_01E","set8","136","character","Tinker Bell","Insistent Fairy","Evasive
PAY ATTENTION Whenever you play a character with 5 {S} or more, you may exert them to gain 2 lore.","","src/cards/008/characters/136-tinker-bell-insistent-fairy.i18n.ts","translated"
"set8-137","RpU","ci_U6V","set8","137","character","Lilo","Causing an Uproar","STOMPIN' TIME! During your turn, if you've played 3 or more actions this turn, you may play this character for free.
RAAAWR! When you play this character, ready chosen character. They can't quest for the rest of this turn.","","src/cards/008/characters/137-lilo-causing-an-uproar.i18n.ts","translated"
"set8-138","Peq","ci_Peq","set8","138","character","LeFou","Cake Thief","ALL FOR ME {E}, Banish one of your items — Chosen opponent loses 1 lore and you gain 1 lore.","LeFou, sometimes you really take the cake. —Gaston","src/cards/008/characters/138-lefou-cake-thief.i18n.ts","translated"
"set8-139","Q3Y","ci_Q3Y","set8","139","character","Lumiere","Fired Up","Shift 3
Evasive, Ward
SACREBLEU!: Whenever one of your items is banished, this character gets +1 {L} this turn.","","src/cards/008/characters/139-lumiere-fired-up.i18n.ts","translated"
"set8-140","4S2","ci_4S2","set8","140","character","The Coachman","Greedy Deceiver","WILD RIDE While 2 or more characters of yours are exerted, this character gets +2 {S} and gains Evasive.","","src/cards/008/characters/140-the-coachman-greedy-deceiver.i18n.ts","translated"
"set8-141","GUa","ci_KZj","set8","141","character","Mulan","Charging Ahead","Reckless
BURST OF SPEED During your turn, this character gains Evasive. (They can challenge characters with Evasive.)
LONG RANGE This character can challenge ready characters.","","src/cards/008/characters/141-mulan-charging-ahead.i18n.ts","translated"
"set8-142","v0p","ci_wxW","set8","142","character","Mushu","Your Worst Nightmare","Shift 4
ALL FIRED UP Whenever you play another character, they gain Rush, Reckless, and Evasive this turn. (They can challenge the turn they're played. They can't quest and must challenge if able. They can challenge characters with Evasive.)","","src/cards/008/characters/142-mushu-your-worst-nightmare.i18n.ts","translated"
"set8-143","2lr","ci_2lr","set8","143","character","Mr. Snoops","Betrayed Partner","DOUBLE-CROSSING CROOK! During your turn, when this character is banished, you may draw a card.","You can't do this to me, you swindler! We had a verbal agreement!","src/cards/008/characters/143-mr-snoops-betrayed-partner.i18n.ts","translated"
"set8-144","CQX","ci_CQX","set8","144","character","Friend Owl","Cantankerous Neighbor","undefined","Sand? In the forest? I’ll bet some magical miscreant’s up to no good. Well, it’s none of my concern. I’m going back to bed.","src/cards/008/characters/144-friend-owl-cantankerous-neighbor.i18n.ts","translated"
"set8-145","OjR","ci_OjR","set8","145","character","Faline","Playful Fawn","Evasive
PRECOCIOUS FRIEND While you have a character in play with more {S} than each opposing character, this character gets +2 {L}.","","src/cards/008/characters/145-faline-playful-fawn.i18n.ts","translated"
"set8-146","460","ci_460","set8","146","character","Prince John","Fraidy-Cat","HELP! HELP! Whenever an opponent plays a character, deal 1 damage to this character.","Even a frightened lion still has claws.","src/cards/008/characters/146-prince-john-fraidy-cat.i18n.ts","translated"
"set8-147","vhy","ci_vhy","set8","147","action","Nothing We Won't Do","","Sing Together 8 (Any number of your or your teammates' characters with total cost 8 or more may {E} to sing this song for free.)
Ready all your characters. For the rest of this turn, they take no damage from challenges and can't quest.","","src/cards/008/actions/147-nothing-we-wont-do.i18n.ts","translated"
"set8-148","FWW","ci_FWW","set8","148","action","Get Out!","","Banish chosen character, then return an item card from your discard to your hand.","Leave now. Before I change my mind. —The Beast","src/cards/008/actions/148-get-out.i18n.ts","translated"
"set8-149","Gsc","ci_Gsc","set8","149","action","Light the Fuse","","Deal 1 damage to chosen character for each exerted character you have in play.","A bold act can change the course of battle.","src/cards/008/actions/149-light-the-fuse.i18n.ts","translated"
"set8-150","WEP","ci_WEP","set8","150","action","Twitterpated","","Chosen character gains Evasive until the start of your next turn.","A mysterious phenomenon that makes you feel both invincible and vulnerable at the same time.","src/cards/008/actions/150-twitterpated.i18n.ts","translated"
"set8-151","FLL","ci_FLL","set8","151","action","Most Everyone's Mad Here","","Gain lore equal to the damage on chosen character, then banish them.","Well, some go this way, some go that way. But as for me, myself, personally, I prefer the shortcut.","src/cards/008/actions/151-most-everyones-mad-here.i18n.ts","translated"
"set8-152","Inu","ci_r32","set8","152","item","The Sword of Shan-Yu","","WORTHY WEAPON {E}, {E} one of your characters — Ready chosen character. They can't quest for the rest of this turn.","I know what this means to you. —The Emperor","src/cards/008/items/152-the-sword-of-shan-yu.i18n.ts","translated"
"set8-153","SM3","ci_SM3","set8","153","character","The Mouse Queen","Ruler of Mousedom","undefined","After that dreadful Ratigan business, I know about villains. This Jafar is certainly a villain of the highest order.","src/cards/008/characters/153-the-mouse-queen-ruler-of-mousedom.i18n.ts","translated"
"set8-154","u5n","ci_u5n","set8","154","character","Sir Pellinore","Seasoned Knight","CODE OF HONOR Whenever this character quests, your other characters gain Support this turn. (Whenever they quest, you may add their {S} to another chosen character's {S} this turn.)","Together, lads, we prevail!","src/cards/008/characters/154-sir-pellinore-seasoned-knight.i18n.ts","translated"
"set8-155","q1w","ci_q1w","set8","155","character","Anita Radcliffe","Dog Lover","I'LL TAKE CARE OF YOU When you play this character, you may give chosen Puppy character Resist +1 until the start of your next turn.","","src/cards/008/characters/155-anita-radcliffe-dog-lover.i18n.ts","translated"
"set8-156","obo","ci_obo","set8","156","character","Olaf","Recapping the Story","ENDLESS TALE When you play this character, chosen opposing character gets -1 {S} this turn.","It began with two sisters. One born with magical powers, and one born powerless. Their love of snowmen, infinite.","src/cards/008/characters/156-olaf-recapping-the-story.i18n.ts","translated"
"set8-157","wSF","ci_wSF","set8","157","character","Anna","Trusting Sister","WE CAN DO THIS TOGETHER When you play this character, if you have a character named Elsa in play, you may put the top card of your deck into your inkwell facedown and exerted.","","src/cards/008/characters/157-anna-trusting-sister.i18n.ts","translated"
"set8-158","PYV","ci_PYV","set8","158","character","Wasabi","Always Prepared","Support","Okay, so the plan is ‘leave Wasabi to watch our backs while we steal the crown.' Good to know.","src/cards/008/characters/158-wasabi-always-prepared.i18n.ts","translated"
"set8-159","mVc","ci_mVc","set8","159","character","Go Go Tomago","Mechanical Engineer","NEED THIS! When you play a Floodborn character on this card, you may put the top card of your deck into your inkwell facedown and exerted.","Check it out! This ‘ink’ offers so many possibilities.","src/cards/008/characters/159-go-go-tomago-mechanical-engineer.i18n.ts","translated"
"set8-160","MRR","ci_MRR","set8","160","character","The Wardrobe","Perceptive Friend","I HAVE JUST THE THING! {E}, Choose and discard an item card — Draw 2 cards.","Time to try something new, dear.","src/cards/008/characters/160-the-wardrobe-perceptive-friend.i18n.ts","translated"
"set8-161","XCS","ci_XCS","set8","161","character","Mrs. Potts","Head Housekeeper","CLEAN UP {E}, Banish one of your items — Draw a card.","Now, don't fret over the mess, love. We'll have everything shipshape in no time.","src/cards/008/characters/161-mrs-potts-head-housekeeper.i18n.ts","translated"
"set8-162","wQI","ci_wQI","set8","162","character","Jasmine","Resourceful Infiltrator","JUST WHAT YOU NEED When you play this character, you may give another chosen character Resist +1 until the start of your next turn.","","src/cards/008/characters/162-jasmine-resourceful-infiltrator.i18n.ts","translated"
"set8-163","gBt","ci_gBt","set8","163","character","Little Sister","Responsible Rabbit","LET ME HELP When you play this character, you may remove up to 1 damage from chosen character.","As Skippy's older sister, she's had lots of experience putting things back together.","src/cards/008/characters/163-little-sister-responsible-rabbit.i18n.ts","translated"
"set8-164","XtA","ci_XtA","set8","164","character","Adelaide Bonfamille","Patron of the Arts","undefined","Beautiful music can ennoble one’s spirit, no matter how dire things seem.","src/cards/008/characters/164-adelaide-bonfamille-patron-of-the-arts.i18n.ts","translated"
"set8-165","3b6","ci_3b6","set8","165","character","Nani","Heist Mastermind","STICK TO THE PLAN {E} — Another chosen character gains Resist +2 this turn.
IT'S UP TO YOU, LILO Your characters named Lilo gain Support. (Whenever they quest, you may add their {S} to another chosen character's {S} this turn.)","","src/cards/008/characters/165-nani-heist-mastermind.i18n.ts","translated"
"set8-166","fkl","ci_jjP","set8","166","character","Stitch","Experiment 626","SO NAUGHTY When you play this character, each opponent puts the top card of their deck into their inkwell facedown and exerted.
STEALTH MODE At the start of your turn, if this card is in your discard, you may choose and discard a card with {IW} to play this character for free and he enters play exerted.","","src/cards/008/characters/166-stitch-experiment-626.i18n.ts","translated"
"set8-167","Ca0","ci_Ca0","set8","167","character","Ratigan","Greedy Genius","Ward
TIME RUNS OUT At the end of your turn, if you didn't put any cards into your inkwell this turn, banish this character.","","src/cards/008/characters/167-ratigan-greedy-genius.i18n.ts","translated"
"set8-168","LcR","ci_LcR","set8","168","character","Arthur","Determined Squire","NO MORE BOOKS Skip your turn's Draw step.","Do you want to be all muscle and no brain? —Merlin","src/cards/008/characters/168-arthur-determined-squire.i18n.ts","translated"
"set8-169","xHO","ci_xHO","set8","169","character","Bernard","Over-Prepared","GO DOWN THERE AND INVESTIGATE When you play this character, if you have an Ally character in play, you may draw a card.","Miss Bianca, over here! I found something!","src/cards/008/characters/169-bernard-over-prepared.i18n.ts","translated"
"set8-170","J7u","ci_iLG","set8","170","character","Aladdin","Vigilant Guard","Bodyguard
SAFE PASSAGE Whenever one of your Ally characters quests, you may remove up to 2 damage from this character.","","src/cards/008/characters/170-aladdin-vigilant-guard.i18n.ts","translated"
"set8-171","iaq","ci_UgP","set8","171","character","Jasmine","Steady Strategist","Shift 2
ALWAYS PLANNING Whenever this character quests, look at the top 3 cards of your deck. You may reveal an Ally character card and put it into your hand. Put the rest on the bottom of your deck in any order.","","src/cards/008/characters/171-jasmine-steady-strategist.i18n.ts","translated"
"set8-172","P7n","ci_P7n","set8","172","character","Roquefort","Lock Expert","SAFEKEEPING Whenever this character quests, you may put chosen item into its player's inkwell facedown and exerted.","Jafar will never expect us to hide lore from him in his own safe! How exciting!","src/cards/008/characters/172-roquefort-lock-expert.i18n.ts","translated"
"set8-173","Jir","ci_Jir","set8","173","character","Jumba Jookiba","Critical Scientist","undefined","This little thing has a much more rudimentary design than if I had created it. But if you were rushing development, then this makes sense.","src/cards/008/characters/173-jumba-jookiba-critical-scientist.i18n.ts","translated"
"set8-174","4JO","ci_4JO","set8","174","character","Geppetto","Skilled Craftsman","SEEKING INSPIRATION Whenever this character quests, you may choose and discard any number of item cards to gain 1 lore for each item card discarded this way.","Everything he carves is a work of art.","src/cards/008/characters/174-geppetto-skilled-craftsman.i18n.ts","translated"
"set8-175","41j","ci_41j","set8","175","action","Heads Held High","","Sing Together 6 (Any number of your or your teammates' characters with total cost 6 or more may {E} to sing this song for free.)
Remove up to 3 damage from any number of chosen characters. All opposing characters get -3 {S} this turn.","","src/cards/008/actions/175-heads-held-high.i18n.ts","translated"
"set8-176","kf3","ci_kf3","set8","176","action","Pouncing Practice","","Chosen character gets -2 {S} this turn. Chosen character of yours gains Evasive this turn. (They can challenge characters with Evasive.)","Check out this cool trick my dad taught me! —Simba","src/cards/008/actions/176-pouncing-practice.i18n.ts","translated"
"set8-177","AvD","ci_AvD","set8","177","action","Down in New Orleans","","Look at the top 3 cards of your deck. You may reveal a character, item, or location card with cost 6 or less and play it for free. Put the rest on the bottom of your deck in any order.","","src/cards/008/actions/177-down-in-new-orleans.i18n.ts","translated"
"set8-178","I9h","ci_I9h","set8","178","item","Television Set","","IS IT ON YET? {E}, 1 {I} — Look at the top card of your deck. If it's a Puppy character card, you may reveal it and put it into your hand. Otherwise, put it on the bottom of your deck.","Thunderbolt's show was one thing all the puppies could agree on.","src/cards/008/items/178-television-set.i18n.ts","translated"
"set8-179","FEr","ci_FEr","set8","179","item","Belle's Favorite Book","","CHAPTER THREE {E}, Banish one of your other items — Put the top card of your deck into your inkwell facedown and exerted.","Some stories stay with you forever.","src/cards/008/items/179-belles-favorite-book.i18n.ts","translated"
"set8-180","ReY","ci_ReY","set8","180","item","Atlantean Crystal","","SHIELDING LIGHT {E}, 2 {I} — Chosen character gains Resist +2 and Support until the start of your next turn. (Damage dealt to them is reduced by 2. Whenever they quest, you may add their {S} to another chosen character's {S} this turn.)","","src/cards/008/items/180-atlantean-crystal.i18n.ts","translated"
"set8-181","jID","ci_jID","set8","181","character","Atitaya","Fang General","undefined","Spears of Fang, stand strong and tall. We are the last line of defense and we will not fall!","src/cards/008/characters/181-atitaya-fang-general.i18n.ts","translated"
"set8-182","hjd","ci_hjd","set8","182","character","Bobby","Purple Pigeon","Bodyguard","You come at me, you get the beak, capisce?","src/cards/008/characters/182-bobby-purple-pigeon.i18n.ts","translated"
"set8-183","a00","ci_a00","set8","183","character","Magic Carpet","Phantom Rug","Vanish (When an opponent chooses this character for an action, banish them.)
SPECTRAL FORCE Your other Illusion characters gain Challenger +1. (They get +1 {S} while challenging.)","","src/cards/008/characters/183-magic-carpet-phantom-rug.i18n.ts","translated"
"set8-184","cUt","ci_cUt","set8","184","character","Prince Achmed","Rival Suitor","UNWELCOME PROPOSAL When you play this character, you may exert chosen Princess character.","Talk about overdressed and self-absorbed! —Jasmine","src/cards/008/characters/184-prince-achmed-rival-suitor.i18n.ts","translated"
"set8-185","ufJ","ci_ufJ","set8","185","character","Dumptruck","Karnage's Second Mate","LET ME AT 'EM When you play this character, you may deal 1 damage to chosen character.","Say, let me do it, Mad Dog. It's my turn.","src/cards/008/characters/185-dumptruck-karnages-second-mate.i18n.ts","translated"
"set8-186","ePk","ci_ZXl","set8","186","character","Captain Hook","Forceful Duelist","Challenger +2","How dare you? Arm yourself, scoundrel!","src/cards/008/characters/186-captain-hook-forceful-duelist.i18n.ts","translated"
"set8-187","KF3","ci_KF3","set8","187","character","General Li","Head of the Imperial Army","Resist +1","A single grain of rice can tip the scale. One man may be the difference between victory and defeat. —The Emperor","src/cards/008/characters/187-general-li-head-of-the-imperial-army.i18n.ts","translated"
"set8-188","scr","ci_scr","set8","188","character","Monterey Jack","Defiant Protector","Bodyguard","","src/cards/008/characters/188-monterey-jack-defiant-protector.i18n.ts","translated"
"set8-189","0kv","ci_0kv","set8","189","character","Genie","Satisfied Dragon","BUG CATCHER During your turn, this character gains Evasive. (They can challenge characters with Evasive.)","","src/cards/008/characters/189-genie-satisfied-dragon.i18n.ts","translated"
"set8-190","Qqa","ci_hVZ","set8","190","character","Toby Turtle","Wary Friend","HARD SHELL While this character is exerted, he gains Resist +1.","This place is scarier than Prince John.","src/cards/008/characters/190-toby-turtle-wary-friend.i18n.ts","translated"
"set8-191","vpw","ci_vpw","set8","191","character","Arianna","Queen of Corona","undefined","In dark times, a crown is a weighty honor we must bear with grace and courage.","src/cards/008/characters/191-arianna-queen-of-corona.i18n.ts","translated"
"set8-192","ogS","ci_ogS","set8","192","character","Zipper","Flying Ranger","BEST MATES If you have a character named Monterey Jack in play, you pay 1 {I} less to play this character.
BURST OF SPEED During your turn, this character gains Evasive. (They can challenge characters with Evasive.)","","src/cards/008/characters/192-zipper-flying-ranger.i18n.ts","translated"
"set8-193","9Tf","ci_9Tf","set8","193","character","Khan","War Horse","undefined","When the whole world changes around you, remember that Khan will always be the same—steadfast and true. —Fa Zhou","src/cards/008/characters/193-khan-war-horse.i18n.ts","translated"
"set8-194","f0C","ci_f0C","set8","194","character","Vinnie","Green Pigeon","LEARNING EXPERIENCE During an opponent's turn, whenever one of your other characters is banished, gain 1 lore.","That’s quite a predicament you’re in. Glad it ain’t me.","src/cards/008/characters/194-vinnie-green-pigeon.i18n.ts","translated"
"set8-195","d1f","ci_d1f","set8","195","character","Iago","Out of Reach","SELF-PRESERVATION While you have another exerted character in play, this character can't be challenged.","Nice try, chumps! Too bad I’m all the way up here!","src/cards/008/characters/195-iago-out-of-reach.i18n.ts","translated"
"set8-196","mAf","ci_mAf","set8","196","character","Nathaniel Flint","Notorious Pirate","PREDATORY INSTINCT You can't play this character unless an opposing character was damaged this turn.","Flint's secret trove was never found, but stories have persisted that it remains hidden.. . —Narrator","src/cards/008/characters/196-nathaniel-flint-notorious-pirate.i18n.ts","translated"
"set8-197","QiE","ci_QiE","set8","197","character","Vincenzo Santorini","The Explosives Expert","I JUST LIKE TO BLOW THINGS UP When you play this character, you may deal 3 damage to chosen character.","Never be afraid to make a big entrance.","src/cards/008/characters/197-vincenzo-santorini-the-explosives-expert.i18n.ts","translated"
"set8-198","Gsh","ci_Gsh","set8","198","character","Namaari","Single-Minded Rival","STRATEGIC EDGE When you play this character and at the start of your turn, you may draw a card, then choose and discard a card.
EXTREME FOCUS This character gets +1 {S} for each card in your discard.","","src/cards/008/characters/198-namaari-single-minded-rival.i18n.ts","translated"
"set8-199","eAJ","ci_eAJ","set8","199","character","Mickey Mouse","Giant Mouse","Bodyguard
THE BIGGEST STAR EVER When this character is banished, deal 5 damage to each opposing character.","","src/cards/008/characters/199-mickey-mouse-giant-mouse.i18n.ts","translated"
"set8-200","gd1","ci_gd1","set8","200","character","Stitch","Alien Troublemaker","I WIN! During your turn, whenever this character banishes another character in a challenge, you may draw a card and gain 1 lore.","Ah! Finally, a good use for his destructive instincts. —Jumba Jookiba","src/cards/008/characters/200-stitch-alien-troublemaker.i18n.ts","translated"
"set8-201","uXE","ci_sk9","set8","201","action","Desperate Plan","","If you have no cards in your hand, draw until you have 3 cards in your hand. Otherwise, choose and discard any number of cards, then draw that many cards.","It's my decision. My choice. And you won't stop me. —Namaari","src/cards/008/actions/201-desperate-plan.i18n.ts","translated"
"set8-202","hIs","ci_hIs","set8","202","action","Beyond the Horizon","","Sing Together 7 (Any number of your or your teammates' characters with total cost 7 or more may {E} to sing this song for free.)
Choose any number of players. They discard their hands and draw 3 cards each.","","src/cards/008/actions/202-beyond-the-horizon.i18n.ts","translated"
"set8-203","4ke","ci_4ke","set8","203","action","Quick Shot","","Deal 1 damage to chosen character. Draw a card.","","src/cards/008/actions/203-quick-shot.i18n.ts","translated"
"set8-204","ohB","ci_ohB","set8","204","item","Hamster Ball","","ROLL WITH THE PUNCHES {E}, 1 {I} — Chosen character with no damage gains Resist +2 until the start of your next turn.","","src/cards/008/items/204-hamster-ball.i18n.ts","translated"
"set8-205-enchanted","zpG","ci_4V7","set8","205","character","Lady","Decisive Dog","PACK OF HER OWN Whenever you play a character, this character gets +1 {S} this turn.
TAKE THE LEAD While this character has 3 {S} or more, she gets +2 {L}.","","src/cards/008/characters/205-lady-decisive-dog-enchanted.i18n.ts","translated"
"set8-206-enchanted","EHr","ci_rXj","set8","206","character","Wreck-It Ralph","Big Lug","Shift 5
BACK ON TRACK When you play this character and whenever he quests, you may return a Racer character card with cost 6 or less from your discard to your hand. If you do, gain 1 lore.","","src/cards/008/characters/206-wreck-it-ralph-big-lug-enchanted.i18n.ts","translated"
"set8-207-enchanted","jWx","ci_Q1m","set8","207","character","Perdita","Determined Mother","Shift 4
QUICK, EVERYONE HIDE When you play this character, you may put all Puppy character cards from your discard into your inkwell facedown and exerted.","","src/cards/008/characters/207-perdita-determined-mother-enchanted.i18n.ts","translated"
"set8-208-enchanted","u5C","ci_Mgx","set8","208","action","It Means No Worries","","Sing Together 9 (Any number of your or your teammates' characters with total cost 9 or more may {E} to sing this song for free.)
Return up to 3 character cards from your discard to your hand. You pay 2 {I} less for the next character you play this turn.","","src/cards/008/actions/208-it-means-no-worries-enchanted.i18n.ts","translated"
"set8-209-enchanted","lGm","ci_eD3","set8","209","character","Bambi","Little Prince","SAY HELLO When you play this character, gain 1 lore.
KIND OF BASHFUL When an opponent plays a character, return this character to your hand.","","src/cards/008/characters/209-bambi-little-prince-enchanted.i18n.ts","translated"
"set8-210-enchanted","faF","ci_7bS","set8","210","character","Kuzco","Impulsive Llama","Shift 4
WHAT DOES THIS DO? When you play this character, each opponent chooses one of their characters and puts that card on the bottom of their deck. Then, each opponent may draw a card.","","src/cards/008/characters/210-kuzco-impulsive-llama-enchanted.i18n.ts","translated"
"set8-211-enchanted","zLW","ci_AXE","set8","211","character","Mother Gothel","Knows What's Best","LOOK WHAT YOU'VE DONE When you play this character, you may deal 2 damage to another chosen character of yours to give that character Challenger +1 and ""When this character is banished in a challenge, return this card to your hand"" this turn. (They get +1 {S} while challenging.)","","src/cards/008/characters/211-mother-gothel-knows-whats-best-enchanted.i18n.ts","translated"
"set8-212-enchanted","05U","ci_ABM","set8","212","action","Fantastical and Magical","","Sing Together 9 (Any number of your or your teammates' characters with total cost 9 or more may {E} to sing this song for free.)
For each character that sang this song, draw a card and gain 1 lore.","","src/cards/008/actions/212-fantastical-and-magical-enchanted.i18n.ts","translated"
"set8-213-enchanted","JLs","ci_TcE","set8","213","action","Into the Unknown","","Put chosen exerted character into their player's inkwell facedown and exerted.","","src/cards/008/actions/213-into-the-unknown-enchanted.i18n.ts","translated"
"set8-214-enchanted","xCB","ci_jRy","set8","214","character","Rapunzel","High Climber","Evasive
WRAPPED UP Whenever this character quests, chosen opposing character can't quest during their next turn.","","src/cards/008/characters/214-rapunzel-high-climber-enchanted.i18n.ts","translated"
"set8-215-enchanted","cde","ci_dkw","set8","215","character","Captain Hook","The Pirate King","Shift 3
GIVE 'EM ALL YOU GOT! Once during your turn, whenever an opposing character is damaged, your Pirate characters get +2 {S} and gain Resist +2 this turn.","","src/cards/008/characters/215-captain-hook-the-pirate-king-enchanted.i18n.ts","translated"
"set8-216-enchanted","aVm","ci_M7a","set8","216","action","Wrong Lever!","","Choose one:
- Return chosen character to their player's hand.
- Put a Pull the Lever! card from your discard pile on the bottom of your deck to put chosen character on the bottom of their owner's deck.","","src/cards/008/actions/216-wrong-lever-enchanted.i18n.ts","translated"
"set8-217-enchanted","oo9","ci_U6V","set8","217","character","Lilo","Causing an Uproar","STOMPIN' TIME! During your turn, if you've played 3 or more actions this turn, you may play this character for free.
RAAAWR! When you play this character, ready chosen character. They can't quest for the rest of this turn.","","src/cards/008/characters/217-lilo-causing-an-uproar-enchanted.i18n.ts","translated"
"set8-218-enchanted","qwS","ci_wxW","set8","218","character","Mushu","Your Worst Nightmare","Shift 4
ALL FIRED UP Whenever you play another character, they gain Rush, Reckless, and Evasive this turn. (They can challenge the turn they're played. They can't quest and must challenge if able. They can challenge characters with Evasive.)","","src/cards/008/characters/218-mushu-your-worst-nightmare-enchanted.i18n.ts","translated"
"set8-219-enchanted","qJJ","ci_r32","set8","219","item","The Sword of Shan-Yu","","WORTHY WEAPON {E}, {E} one of your characters — Ready chosen character. They can't quest for the rest of this turn.","","src/cards/008/items/219-the-sword-of-shan-yu-enchanted.i18n.ts","translated"
"set8-220-enchanted","y1r","ci_jjP","set8","220","character","Stitch","Experiment 626","SO NAUGHTY When you play this character, each opponent puts the top card of their deck into their inkwell facedown and exerted.
STEALTH MODE At the start of your turn, if this card is in your discard, you may choose and discard a card with {IW} to play this character for free and he enters play exerted.","","src/cards/008/characters/220-stitch-experiment-626-enchanted.i18n.ts","translated"
"set8-221-enchanted","8JD","ci_UgP","set8","221","character","Jasmine","Steady Strategist","Shift 2
ALWAYS PLANNING Whenever this character quests, look at the top 3 cards of your deck. You may reveal an Ally character card and put it into your hand. Put the rest on the bottom of your deck in any order.","","src/cards/008/characters/221-jasmine-steady-strategist-enchanted.i18n.ts","translated"
"set8-222-enchanted","UEO","ci_sk9","set8","222","action","Desperate Plan","","If you have no cards in your hand, draw until you have 3 cards in your hand. Otherwise, choose and discard any number of cards, then draw that many cards.","","src/cards/008/actions/222-desperate-plan-enchanted.i18n.ts","translated"
"set8-223-epic","UHm","ci_fqx","set8","223","character","Goofy","Groundbreaking Chef","PLENTY TO GO AROUND At the end of your turn, you may remove up to 1 damage from each of your other characters. Ready each character you removed damage from this way.","You're just in time for Surprise à la Goof!","src/cards/008/characters/223-goofy-groundbreaking-chef-epic.i18n.ts","translated"
"set8-224-epic","cl6","ci_828","set8","224","character","Pinocchio","Strings Attached","Evasive
GOT TO KEEP REAL QUIET Once during your turn, whenever you ready this character, you may draw a card.","","src/cards/008/characters/224-pinocchio-strings-attached-epic.i18n.ts","translated"
"set8-c2-003-challenge","yAl","ci_KZj","set8-c2","3","character","Mulan","Charging Ahead","Reckless
BURST OF SPEED During your turn, this character gains Evasive. (They can challenge characters with Evasive.)
LONG RANGE This character can challenge ready characters.","","src/cards/008/characters/c2-003-mulan-charging-ahead-challenge.i18n.ts","translated"
"set8-c2-007-challenge","LqE","ci_KZj","set8-c2","7","character","Mulan","Charging Ahead","Reckless
BURST OF SPEED During your turn, this character gains Evasive. (They can challenge characters with Evasive.)
LONG RANGE This character can challenge ready characters.","","src/cards/008/characters/c2-007-mulan-charging-ahead-challenge.i18n.ts","translated"
"set8-d23-008","l7d","ci_d1f","set8-d23","8","character","Iago","Out of Reach","\Self-Preservation\ While you have another exerted character in play, this character can't be challenged.","","src/cards/008/characters/d23-008-iago-out-of-reach.i18n.ts","translated"
"set8-p2-027-promo","ThD","ci_BzW","set8-p2","27","character","Pluto","Tried and True","HAPPY HELPER While this character has no damage, he gets +2 {S} and gains Support. (Whenever they quest, you may add their {S} to another chosen character's {S} this turn.)","","src/cards/008/characters/p2-027-pluto-tried-and-true-promo.i18n.ts","translated"
"set8-p2-028-challenge","qcZ","ci_4V7","set8-p2","28","character","Lady","Decisive Dog","PACK OF HER OWN Whenever you play a character, this character gets +1 {S} this turn.
TAKE THE LEAD While this character has 3 {S} or more, she gets +2 {L}.","","src/cards/008/characters/p2-028-lady-decisive-dog-challenge.i18n.ts","translated"
"set8-p2-029-challenge","3H5","ci_iLG","set8-p2","29","character","Aladdin","Vigilant Guard","Bodyguard
SAFE PASSAGE Whenever one of your Ally characters quests, you may remove up to 2 damage from this character.","","src/cards/008/characters/p2-029-aladdin-vigilant-guard-challenge.i18n.ts","translated"
"set8-p2-030-challenge","XnG","ci_uA1","set8-p2","30","character","Patch","Playful Pup","Ward
PUPPY BARKING While you have another Puppy character in play, this character gets +1 {L}.","","src/cards/008/characters/p2-030-patch-playful-pup-challenge.i18n.ts","translated"
"set8-p2-031-challenge","fUf","ci_UMU","set8-p2","31","action","Pull the Lever!","","Choose one:
- Draw 2 cards.
- Each opponent chooses and discards a card.","","src/cards/008/actions/p2-031-pull-the-lever-challenge.i18n.ts","translated"
"set8-p2-032-challenge","4Dg","ci_A6H","set8-p2","32","character","Jafar","High Sultan of Lorcana","DARK POWER Whenever this character quests, you may draw a card, then choose and discard a card. If an Illusion character card is discarded this way, you may play that character for free.","","src/cards/008/characters/p2-032-jafar-high-sultan-of-lorcana-challenge.i18n.ts","translated"
"set8-p2-033-challenge","LWQ","ci_A6H","set8-p2","33","character","Jafar","High Sultan of Lorcana","DARK POWER Whenever this character quests, you may draw a card, then choose and discard a card. If an Illusion character card is discarded this way, you may play that character for free.","","src/cards/008/characters/p2-033-jafar-high-sultan-of-lorcana-challenge.i18n.ts","translated"
"set8-p2-034-promo","hxc","ci_OeD","set8-p2","34","character","Archimedes","Resourceful Owl","YOU DON'T NEED THAT When you play this character, you may banish chosen item.
NOW, THAT'S NOT BAD During your turn, whenever an item is banished, you may draw a card, then choose and discard a card.","","src/cards/008/characters/p2-034-archimedes-resourceful-owl-promo.i18n.ts","translated"
"set8-p2-035-promo","92V","ci_hyd","set8-p2","35","character","Minnie Mouse","Daring Defender","Bodyguard
TRUE VALOR This character gets +1 {S} for each 1 damage on her.","","src/cards/008/characters/p2-035-minnie-mouse-daring-defender-promo.i18n.ts","translated"
"set9-000","gZa","ci_gZa","set9","0","character","Bruno Madrigal","Undetected Uncle","Evasive
YOU JUST HAVE TO SEE IT {E} — Name a card, then reveal the top card of your deck. If it's the named card, put it into your hand and gain 3 lore. Otherwise, put it on the top of your deck.","","src/cards/009/characters/000-bruno-madrigal-undetected-uncle.i18n.ts","translated"
"set9-001","5Q6","ci_nPF","set9","1","character","The Queen","Conceited Ruler","Support
ROYAL SUMMONS At the start of your turn, you may choose and discard a Princess or Queen character card to return a character card from your discard to your hand.","","src/cards/009/characters/001-the-queen-conceited-ruler.i18n.ts","translated"
"set9-002","cI1","ci_4Yx","set9","2","character","Pongo","Determined Father","TWILIGHT BARK Once during your turn, you may pay 2 {I} to reveal the top card of your deck. If it's a character card, put it into your hand. Otherwise, put it on the bottom of your deck.","We’ll find our way. I know we will!","src/cards/009/characters/002-pongo-determined-father.i18n.ts","translated"
"set9-003","x45","ci_x45","set9","3","character","Stitch","Rock Star","Shift 4 {I}
ADORING FANS Whenever you play a character with cost 2 or less, you may exert them to draw a card.","The best part about a beachside concert is that there’s always room for one more.","src/cards/009/characters/003-stitch-rock-star.i18n.ts","translated"
"set9-004","anA","ci_TjB","set9","4","character","Beast","Gracious Prince","FULL DANCE CARD Your Princess characters get +1 {S} and +1 {W}.","His heart warmed as the music began and the dancers took their places.","src/cards/009/characters/004-beast-gracious-prince.i18n.ts","translated"
"set9-005","GO3","ci_f4y","set9","5","character","Minnie Mouse","Sweetheart Princess","ROYAL FAVOR Your characters named Mickey Mouse gain Support. (Whenever they quest, you may add their {S} to another chosen character's {S} this turn.)
BYE BYE, NOW Whenever this character quests, you may banish chosen exerted character with 5 {S} or more.","","src/cards/009/characters/005-minnie-mouse-sweetheart-princess.i18n.ts","translated"
"set9-006","udr","ci_qjl","set9","6","character","Aurora","Holding Court","ROYAL WELCOME Whenever this character quests, you pay 1 {I} less for the next Princess or Queen character you play this turn.","The other princesses were especially happy to attend her long-awaited celebration.","src/cards/009/characters/006-aurora-holding-court.i18n.ts","translated"
"set9-007","5vj","ci_RBq","set9","7","character","The Queen","Regal Monarch","undefined","Don’t question her. Don’t doubt her. And above all, don’t disobey her.","src/cards/009/characters/007-the-queen-regal-monarch.i18n.ts","translated"
"set9-008","qnF","ci_Zyl","set9","8","character","Rapunzel","Sunshine","MAGIC HAIR {E} — Remove up to 2 damage from chosen character.","We can all make the world a little brighter in our own way.","src/cards/009/characters/008-rapunzel-sunshine.i18n.ts","translated"
"set9-009","1nk","ci_xxV","set9","9","character","Stitch","Alien Dancer","undefined","Moving to the music, he begins to understand the true meaning of ohana and how he fits into the family he has found.","src/cards/009/characters/009-stitch-alien-dancer.i18n.ts","translated"
"set9-010","6Jp","ci_Dqt","set9","10","character","Mulan","Free Spirit","Support","Everything looks better when you’re free to be yourself.","src/cards/009/characters/010-mulan-free-spirit.i18n.ts","translated"
"set9-011","KBF","ci_rUa","set9","11","character","Daisy Duck","Musketeer Spy","INFILTRATION When you play this character, each opponent chooses and discards a card.","She has a talent for thwarting hidden schemes.","src/cards/009/characters/011-daisy-duck-musketeer-spy.i18n.ts","translated"
"set9-012","3en","ci_CV5","set9","12","character","Tinker Bell","Generous Fairy","MAKE A NEW FRIEND When you play this character, look at the top 4 cards of your deck. You may reveal a character card and put it into your hand. Put the rest on the bottom of your deck in any order.","Plenty of berries—and friendship—to go around.","src/cards/009/characters/012-tinker-bell-generous-fairy.i18n.ts","translated"
"set9-013","mvj","ci_mvj","set9","13","character","Mickey Mouse","True Friend","undefined","As long as he’s around, newcomers to the Great Illuminary will always get a warm welcome.","src/cards/009/characters/013-mickey-mouse-true-friend.i18n.ts","translated"
"set9-014","fop","ci_Iga","set9","14","character","Pluto","Determined Defender","Shift 5 {I}
Bodyguard
GUARD DOG At the start of your turn, remove up to 3 damage from this character.","","src/cards/009/characters/014-pluto-determined-defender.i18n.ts","translated"
"set9-015","PCk","ci_k8k","set9","15","character","Ariel","Singing Mermaid","Singer 7","Watch and you’ll see—some day I’ll be part of your world!","src/cards/009/characters/015-ariel-singing-mermaid.i18n.ts","translated"
"set9-016","JY6","ci_hkQ","set9","16","character","Pluto","Rescue Dog","TO THE RESCUE When you play this character, you may remove up to 3 damage from chosen character of yours.","When you need help, his is the first face you want to see.","src/cards/009/characters/016-pluto-rescue-dog.i18n.ts","translated"
"set9-017","Utg","ci_2at","set9","17","character","Nani","Protective Sister","Bodyguard","Let me handle this, Lilo.","src/cards/009/characters/017-nani-protective-sister.i18n.ts","translated"
"set9-018","1qg","ci_YPQ","set9","18","character","Julieta Madrigal","Excellent Cook","SIGNATURE RECIPE When you play this character, you may remove up to 2 damage from chosen character. If you removed damage this way, you may draw a card.","Eat this, mi amor.","src/cards/009/characters/018-julieta-madrigal-excellent-cook.i18n.ts","translated"
"set9-019","FmK","ci_Rrb","set9","19","character","Cinderella","Gentle and Kind","Singer 5
A WONDERFUL DREAM {E} — Remove up to 3 damage from chosen Princess character.","","src/cards/009/characters/019-cinderella-gentle-and-kind.i18n.ts","translated"
"set9-020","j35","ci_Pdi","set9","20","character","Moana","Of Motunui","WE CAN FIX IT Whenever this character quests, you may ready your other exerted Princess characters. If you do, they can't quest for the rest of this turn.","I am Moana of Motunui. You will board my boat, sail across the sea, and restore the heart of Te Fiti.","src/cards/009/characters/020-moana-of-motunui.i18n.ts","translated"
"set9-021","Nhg","ci_jIB","set9","21","character","Pluto","Friendly Pooch","GOOD DOG {E} — You pay 1 {I} less for the next character you play this turn.","He just can't wait for new friends to arrive!","src/cards/009/characters/021-pluto-friendly-pooch.i18n.ts","translated"
"set9-022","JP7","ci_hSt","set9","22","character","Ursula","Vanessa","Singer 4","This magic will certainly do the trick.","src/cards/009/characters/022-ursula-vanessa.i18n.ts","translated"
"set9-023","LI3","ci_0HZ","set9","23","character","Queen of Hearts","Wonderland Empress","ALL WAYS HERE ARE MY WAYS Whenever this character quests, your other Villain characters get +1 {L} this turn.","The more of the Inklands she claims, the more she wants.","src/cards/009/characters/023-queen-of-hearts-wonderland-empress.i18n.ts","translated"
"set9-024","YZo","ci_44h","set9","24","character","Stitch","Carefree Surfer","OHANA When you play this character, if you have 2 or more other characters in play, you may draw 2 cards.","So you’re from outer space, huh? I hear the surfing’s choice. —David","src/cards/009/characters/024-stitch-carefree-surfer.i18n.ts","translated"
"set9-025","bNZ","ci_ClP","set9","25","action","Look at This Family","","Sing Together 7 (Any number of your or your teammates' characters with total cost 7 or more may {E} to sing this song for free.)
Look at the top 5 cards of your deck. You may reveal up to 2 character cards and put them into your hand. Put the rest on the bottom of your deck in any order.","","src/cards/009/actions/025-look-at-this-family.i18n.ts","translated"
"set9-026","SRg","ci_gzm","set9","26","action","Circle of Life","","Sing Together 8 (Any number of your or your teammates' characters with total cost 8 or more may {E} to sing this song for free.) Play a character from your discard for free.","","src/cards/009/actions/026-circle-of-life.i18n.ts","translated"
"set9-027","2oM","ci_ol7","set9","27","action","Heal What Has Been Hurt","","Remove up to 3 damage from chosen character. Draw a card.","Let your power shine Make the clock reverse...","src/cards/009/actions/027-heal-what-has-been-hurt.i18n.ts","translated"
"set9-028","mN2","ci_HNA","set9","28","action","Lost in the Woods","","All opposing characters get -2 {S} until the start of your next turn.","I’m left behind, wondering if I should follow","src/cards/009/actions/028-lost-in-the-woods.i18n.ts","translated"
"set9-029","n0F","ci_RJP","set9","29","action","Bruno's Return","","Return a character card from your discard to your hand. You may remove up to 2 damage from chosen character.","I feel like I missed something important.","src/cards/009/actions/029-brunos-return.i18n.ts","translated"
"set9-030","l5v","ci_NsP","set9","30","action","World's Greatest Criminal Mind","","Banish chosen character with 5 {S} or more.","","src/cards/009/actions/030-worlds-greatest-criminal-mind.i18n.ts","translated"
"set9-031","MT4","ci_XYl","set9","31","action","Be Our Guest","","Look at the top 4 cards of your deck. You may reveal a character card and put it into your hand. Put the rest on the bottom of your deck in any order.","","src/cards/009/actions/031-be-our-guest.i18n.ts","translated"
"set9-032","RJc","ci_38Q","set9","32","item","Lantern","","BIRTHDAY LIGHTS {E} — You pay 1 {I} less for the next character you play this turn.","Lanterns fill the sky on one special night, beacons of hope and love.","src/cards/009/items/032-lantern.i18n.ts","translated"
"set9-033","U6u","ci_Ewu","set9","33","item","Ursula’s Shell Necklace","","\Now, Sing!\ Whenever you play a song, you may pay 1 {I} to draw a card.","Singing is a lovely pastime... if you’ve got the voice for it. —Ursula","src/cards/009/items/033-ursulas-shell-necklace.i18n.ts","translated"
"set9-034","256","ci_b67","set9","34","location","Atlantica","Concert Hall","UNDERWATER ACOUSTICS Characters count as having +2 cost to sing songs while here.","","src/cards/009/locations/034-atlantica-concert-hall.i18n.ts","translated"
"set9-035","Kdh","ci_yYu","set9","35","character","The Queen","Wicked and Vain","I SUMMON THEE {E} — Draw a card.","Sublime beauty matched with peerless cunning. Is there any question who is fairest?","src/cards/009/characters/035-the-queen-wicked-and-vain.i18n.ts","translated"
"set9-036","KeX","ci_s33","set9","36","character","Rafiki","Mystical Fighter","Challenger +3
ANCIENT SKILLS Whenever he challenges a Hyena character, this character takes no damage from the challenge.","Mind the stick!","src/cards/009/characters/036-rafiki-mystical-fighter.i18n.ts","translated"
"set9-037","XWQ","ci_1J4","set9","37","character","Ursula","Sea Witch","YOU'RE TOO LATE Whenever this character quests, chosen opposing character can't ready at the start of their next turn.","The secret contract has already been written.","src/cards/009/characters/037-ursula-sea-witch.i18n.ts","translated"
"set9-038","khp","ci_2bv","set9","38","character","Jafar","Keeper of Secrets","HIDDEN WONDERS This character gets +1 {S} for each card in your hand.","There's more than one way to bury secrets.","src/cards/009/characters/038-jafar-keeper-of-secrets.i18n.ts","translated"
"set9-039","NPa","ci_b5v","set9","39","character","Belle","Untrained Mystic","HERE NOW, DON'T DO THAT When you play this character, move up to 1 damage counter from chosen character to chosen opposing character.","No matter what she tried, Belle couldn’t completely heal Beast’s wound.","src/cards/009/characters/039-belle-untrained-mystic.i18n.ts","translated"
"set9-040","4lK","ci_4lK","set9","40","character","Belle","Accomplished Mystic","Shift 3 {I}
ENHANCED HEALING When you play this character, move up to 3 damage counters from chosen character to chosen opposing character.","The mixed ink had changed more than just the rose.","src/cards/009/characters/040-belle-accomplished-mystic.i18n.ts","translated"
"set9-041","oju","ci_ITi","set9","41","character","Winnie the Pooh","Hunny Wizard","undefined","He’d always felt a kinship with honey. They were both golden, and sweet, and likely to end up in sticky situations.","src/cards/009/characters/041-winnie-the-pooh-hunny-wizard.i18n.ts","translated"
"set9-042","tsl","ci_5eN","set9","42","character","Peter Pan's Shadow","Not Sewn On","Rush
Evasive
TIPTOE Your other characters with Rush gain Evasive.","","src/cards/009/characters/042-peter-pans-shadow-not-sewn-on.i18n.ts","translated"
"set9-043","aJd","ci_4Pf","set9","43","character","Elsa","Spirit of Winter","Shift 6 {I}
DEEP FREEZE When you play this character, exert up to 2 chosen characters. They can't ready at the start of their next turn.","Ice is stronger than you may think.","src/cards/009/characters/043-elsa-spirit-of-winter.i18n.ts","translated"
"set9-044","JPS","ci_JPS","set9","44","character","Ursula","Voice Stealer","SING FOR ME When you play this character, exert chosen opposing ready character. Then, you may play a song with cost equal to or less than the exerted character's cost for free.","","src/cards/009/characters/044-ursula-voice-stealer.i18n.ts","translated"
"set9-045","JlP","ci_hTe","set9","45","character","Dumbo","Ninth Wonder of the Universe","Evasive
BREAKING RECORDS {E}, 1 {I} — Draw a card and gain 1 lore.
MAKING HISTORY Your other characters with Evasive gain ""{E}, 1 {I} — Draw a card and gain 1 lore.""","","src/cards/009/characters/045-dumbo-ninth-wonder-of-the-universe.i18n.ts","translated"
"set9-046","nnC","ci_Lu3","set9","46","character","Dumbo","The Flying Elephant","Evasive
AERIAL DUO When you play this character, chosen character gains Evasive until the start of your next turn.","","src/cards/009/characters/046-dumbo-the-flying-elephant.i18n.ts","translated"
"set9-047","WXB","ci_WXB","set9","47","character","Timothy Q. Mouse","Flight Instructor","LET'S SHOW 'EM, DUMBO! While you have a character with Evasive in play, this character gets +1 {L}.","Stick with me, kid, and we’ll fly all the way to the top!","src/cards/009/characters/047-timothy-q-mouse-flight-instructor.i18n.ts","translated"
"set9-048","in4","ci_in4","set9","48","character","Elsa","Gloves Off","Challenger +3 (While challenging, this character gets +3 {S})","The power of ice may not stop the flood, but it will help protect Lorcana.","src/cards/009/characters/048-elsa-gloves-off.i18n.ts","translated"
"set9-049","Ajn","ci_AlR","set9","49","character","Kuzco","Wanted Llama","OK, WHERE AM I? When this character is banished, you may draw a card.","So there I was. Perfectly in control of the situation.","src/cards/009/characters/049-kuzco-wanted-llama.i18n.ts","translated"
"set9-050","PQe","ci_UpL","set9","50","character","Tick-Tock","Ever-Present Pursuer","Evasive","That cursed beast liked the taste of me so well he’s followed me ever since.... —Captain Hook","src/cards/009/characters/050-tick-tock-ever-present-pursuer.i18n.ts","translated"
"set9-051","DXU","ci_xFh","set9","51","character","Dolores Madrigal","Easy Listener","MAGICAL INFORMANT When you play this character, if an opponent has an exerted character in play, you may draw a card.","","src/cards/009/characters/051-dolores-madrigal-easy-listener.i18n.ts","translated"
"set9-052","0Hp","ci_GAc","set9","52","character","Camilo Madrigal","Prankster","MANY FORMS At the start of your turn, you may choose one:
- This character gets +1 {L} this turn.
- This character gains Challenger +2 this turn.","","src/cards/009/characters/052-camilo-madrigal-prankster.i18n.ts","translated"
"set9-053","05X","ci_77P","set9","53","character","Elsa","Snow Queen","FREEZE {E} — Exert chosen opposing character.","Recreated by magical ink, Elsa found herself in an entirely new world. Fortunately, ice works the same way everywhere.","src/cards/009/characters/053-elsa-snow-queen.i18n.ts","translated"
"set9-054","HaG","ci_pLA","set9","54","character","Genie","Supportive Friend","THREE WISHES Whenever this character quests, you may shuffle this card into your deck to draw 3 cards.","Right here, direct from the lamp, right here for your very much wish fulfillment.","src/cards/009/characters/054-genie-supportive-friend.i18n.ts","translated"
"set9-055","5Zo","ci_fZN","set9","55","character","Olaf","Friendly Snowman","undefined","I’m Olaf and I like warm hugs!","src/cards/009/characters/055-olaf-friendly-snowman.i18n.ts","translated"
"set9-056","Psw","ci_Nok","set9","56","character","Sven","Official Ice Deliverer","undefined","Reindeer comin’ through! —Kristoff","src/cards/009/characters/056-sven-official-ice-deliverer.i18n.ts","translated"
"set9-057","Z92","ci_7n1","set9","57","character","Mama Odie","Voice of Wisdom","LISTEN TO YOUR MAMA NOW Whenever this character quests, you may move up to 2 damage counters from chosen character to chosen opposing character.","That’s the way to give it what it needs, Juju!","src/cards/009/characters/057-mama-odie-voice-of-wisdom.i18n.ts","translated"
"set9-058","XN7","ci_tVH","set9","58","character","Luisa Madrigal","Magically Strong One","Rush","This rock? No problem. Go get that prophecy, hermana!","src/cards/009/characters/058-luisa-madrigal-magically-strong-one.i18n.ts","translated"
"set9-059","ts1","ci_oLk","set9","59","character","Jafar","Lamp Thief","I AM YOUR MASTER NOW When you play this character, look at the top 2 cards of your deck. Put one on the top of your deck and the other on the bottom.","I will rule as far as the eye can see.","src/cards/009/characters/059-jafar-lamp-thief.i18n.ts","translated"
"set9-060","6o5","ci_oGQ","set9","60","action","Second Star to the Right","","Sing Together 10 (Any number of your or your teammates' characters with total cost 10 or more may {E} to sing this song for free.)
Chosen player draws 5 cards.","Lead us to the land we dream of","src/cards/009/actions/060-second-star-to-the-right.i18n.ts","translated"
"set9-061","oDB","ci_smr","set9","61","action","Poor Unfortunate Souls","","Return chosen character, item, or location with cost 2 or less to their player's hand.","In pain, in need","src/cards/009/actions/061-poor-unfortunate-souls.i18n.ts","translated"
"set9-062","SZ5","ci_04M","set9","62","action","Last-Ditch Effort","","Exert chosen opposing character. Chosen character of yours gains Challenger +2 this turn. (They get +2 {S} while challenging.)","I got your back.","src/cards/009/actions/062-last-ditch-effort.i18n.ts","translated"
"set9-063","8jB","ci_KhI","set9","63","action","I'm Stuck!","","Chosen exerted character can't ready at the start of their next turn.","Oh, bother—not again.","src/cards/009/actions/063-im-stuck.i18n.ts","translated"
"set9-064","sHD","ci_sHD","set9","64","item","The Magic Feather","","NOW YOU CAN FLY! When you play this item, choose a character of yours. While this item is in play, that character gains Evasive.
GROUNDED 3 {I} — Return this item to your hand.","","src/cards/009/items/064-the-magic-feather.i18n.ts","translated"
"set9-065","sKY","ci_dDL","set9","65","item","Magic Mirror","","SPEAK! {E}, 4 {I} — Draw a card.","What wouldst thou know, my Queen?","src/cards/009/items/065-magic-mirror.i18n.ts","translated"
"set9-066","9zJ","ci_lFD","set9","66","item","White Rabbit’s Pocket Watch","","\I'm Late!\ {E}, 1 {I} — Chosen character gains Rush this turn. (They can challenge the turn they're played.)","No wonder you’re late. Why, this watch is exactly two days slow. —The Mad Hatter","src/cards/009/items/066-white-rabbits-pocket-watch.i18n.ts","translated"
"set9-067","SA9","ci_bo3","set9","67","item","Rose Lantern","","MYSTICAL PETALS {E}, 2 {I} — Move 1 damage counter from chosen character to chosen opposing character.","The transformed rose made short work of the Beast’s wound. But even the gentlest magic comes at a cost.","src/cards/009/items/067-rose-lantern.i18n.ts","translated"
"set9-068","ep2","ci_Onk","set9","68","location","Casa Madrigal","Casita","OUR HOME At the start of your turn, if you have a character here, gain 1 lore.","","src/cards/009/locations/068-casa-madrigal-casita.i18n.ts","translated"
"set9-069","2TN","ci_2TN","set9","69","character","Kuzco","Temperamental Emperor","Ward
NO TOUCHY! When this character is challenged and banished, you may banish the challenging character.","I asked for emerald and that is clearly jade! What is wrong with you people?","src/cards/009/characters/069-kuzco-temperamental-emperor.i18n.ts","translated"
"set9-070","je3","ci_kTq","set9","70","character","Robin Hood","Daydreamer","undefined","Some days, it's nice to let the river do the running.","src/cards/009/characters/070-robin-hood-daydreamer.i18n.ts","translated"
"set9-071","bL7","ci_8Dp","set9","71","character","Cursed Merfolk","Ursula's Handiwork","POOR SOULS Whenever this character is challenged, each opponent chooses and discards a card.","Now it's happened once or twice, someone couldn't pay the price... —Ursula","src/cards/009/characters/071-cursed-merfolk-ursulas-handiwork.i18n.ts","translated"
"set9-072","OUz","ci_eM1","set9","72","character","Prince Phillip","Warden of the Woods","SHINING BEACON Your other Hero characters gain Ward.","He stands ready to protect his friends from any threat.","src/cards/009/characters/072-prince-phillip-warden-of-the-woods.i18n.ts","translated"
"set9-073","VnP","ci_UBa","set9","73","character","Prince Phillip","Vanquisher of Foes","Shift 6 {I}
Evasive
SWIFT AND SURE When you play this character, banish all opposing damaged characters.","","src/cards/009/characters/073-prince-phillip-vanquisher-of-foes.i18n.ts","translated"
"set9-074","RnM","ci_uui","set9","74","character","Goofy","Set for Adventure","FAMILY VACATION Once during your turn, whenever this character moves to a location, you may move one of your other characters to that location for free. If you do, draw a card.","","src/cards/009/characters/074-goofy-set-for-adventure.i18n.ts","translated"
"set9-075","A7j","ci_A7j","set9","75","character","Max Goof","Rebellious Teen","PERSONAL SOUNDTRACK When you play this character, you may pay 1 {I} to return a song card with cost 3 or less from your discard to your hand.","Fast board, cool tunes—what more could you want?","src/cards/009/characters/075-max-goof-rebellious-teen.i18n.ts","translated"
"set9-076","kAd","ci_jXl","set9","76","character","Genie","Of the Lamp","Evasive
LET'S MAKE SOME MAGIC While this character is exerted, your other characters get +2 {S}.","","src/cards/009/characters/076-genie-of-the-lamp.i18n.ts","translated"
"set9-077","sHr","ci_DrO","set9","77","character","Max Goof","Chart Topper","Shift 4 {I}
NUMBER ONE HIT Whenever this character quests, you may play a song card with cost 4 or less from your discard for free, then put it on the bottom of your deck instead of into your discard.","","src/cards/009/characters/077-max-goof-chart-topper.i18n.ts","translated"
"set9-078","3V0","ci_3V0","set9","78","character","Bobby Zimuruski","Spray Cheese Kid","SO CHEESY When you play this character, you may draw a card, then choose and discard a card.","It's the Leaning Tower of Cheese-a.","src/cards/009/characters/078-bobby-zimuruski-spray-cheese-kid.i18n.ts","translated"
"set9-079","kWU","ci_QjA","set9","79","character","Megara","Pulling the Strings","WONDER BOY When you play this character, chosen character gets +2 {S} this turn.","A deal’s a deal. But falling in love was never supposed to be part of it.","src/cards/009/characters/079-megara-pulling-the-strings.i18n.ts","translated"
"set9-080","ii9","ci_5sX","set9","80","character","Mickey Mouse","Steamboat Pilot","undefined","On rivers throughout the Inklands, the little steamboat's whistle answers the cheery tunes of its pilot.","src/cards/009/characters/080-mickey-mouse-steamboat-pilot.i18n.ts","translated"
"set9-081","mBV","ci_pH4","set9","81","character","Enchantress","Unexpected Judge","TRUE FORM While being challenged, this character gets +2 {S}.","Appearances can be deceiving.","src/cards/009/characters/081-enchantress-unexpected-judge.i18n.ts","translated"
"set9-082","FMD","ci_N3z","set9","82","character","Virana","Fang Chief","undefined","I must make the hard decisions to protect my daughter, especially in this unfamiliar world.","src/cards/009/characters/082-virana-fang-chief.i18n.ts","translated"
"set9-083","JNo","ci_P3k","set9","83","character","Donald Duck","Sleepwalker","STARTLED AWAKE Whenever you play an action, this character gets +2 {S} this turn.","Heading toward a rude awakening!","src/cards/009/characters/083-donald-duck-sleepwalker.i18n.ts","translated"
"set9-084","f2D","ci_Sj7","set9","84","character","Pegasus","Gift for Hercules","Evasive","His name is Pegasus. And he’s all yours.... —Zeus","src/cards/009/characters/084-pegasus-gift-for-hercules.i18n.ts","translated"
"set9-085","ASG","ci_rpq","set9","85","character","Donald Duck","Perfect Gentleman","Shift 3 {I}
ALLOW ME At the start of your turn, each player may draw a card.","","src/cards/009/characters/085-donald-duck-perfect-gentleman.i18n.ts","translated"
"set9-086","vj7","ci_Vh7","set9","86","character","Heihei","Bumbling Rooster","FATTEN YOU UP When you play this character, if an opponent has more cards in their inkwell than you, you may put the top card of your deck into your inkwell facedown and exerted.","","src/cards/009/characters/086-heihei-bumbling-rooster.i18n.ts","translated"
"set9-087","iig","ci_VGS","set9","87","character","Shenzi","Hyena Pack Leader","I'LL HANDLE THIS While this character is at a location, she gets +3 {S}.
WHAT'S THE HURRY? While this character is at a location, whenever she challenges another character, you may draw a card.","Why not stick around for dinner?","src/cards/009/characters/087-shenzi-hyena-pack-leader.i18n.ts","translated"
"set9-088","nWR","ci_yDh","set9","88","character","Tinker Bell","Most Helpful","Evasive
PIXIE DUST When you play this character, chosen character gains Evasive this turn.","","src/cards/009/characters/088-tinker-bell-most-helpful.i18n.ts","translated"
"set9-089","wHT","ci_Jdb","set9","89","character","John Silver","Alien Pirate","PICK YOUR FIGHTS When you play this character and whenever he quests, chosen opposing character gains Reckless during their next turn. (They can't quest and must challenge if able.)","Don't be too put off by this. . . hunk of hardware.","src/cards/009/characters/089-john-silver-alien-pirate.i18n.ts","translated"
"set9-090","Y9v","ci_Y9v","set9","90","character","Ursula","Deceiver","YOU'LL NEVER EVEN MISS IT When you play this character, chosen opponent reveals their hand and discards a song card of your choice.","","src/cards/009/characters/090-ursula-deceiver.i18n.ts","translated"
"set9-091","XJp","ci_8Mj","set9","91","character","Wildcat","Mechanic","Evasive
DISASSEMBLE {E} — Banish chosen item.","I can take <anything> apart in under five minutes!","src/cards/009/characters/091-wildcat-mechanic.i18n.ts","translated"
"set9-092","f7a","ci_D8z","set9","92","character","Aladdin","Prince Ali","Ward","Fabulously wealthy. Practically untouchable. Genuinely inauthentic.","src/cards/009/characters/092-aladdin-prince-ali.i18n.ts","translated"
"set9-093","XTD","ci_BEH","set9","93","character","Daisy Duck","Secret Agent","THWART Whenever this character quests, each opponent chooses and discards a card.","","src/cards/009/characters/093-daisy-duck-secret-agent.i18n.ts","translated"
"set9-094","uY9","ci_h90","set9","94","action","Stand Out","","Chosen character gets +3 {S} and gains Evasive until the start of your next turn.","","src/cards/009/actions/094-stand-out.i18n.ts","translated"
"set9-095","p2W","ci_72X","set9","95","action","Sudden Chill","","Each opponent chooses and discards a card.","Cruella De Vil, Cruella De Vil If she doesn't scare you, no evil thing will","src/cards/009/actions/095-sudden-chill.i18n.ts","translated"
"set9-096","cEJ","ci_nRj","set9","96","action","Improvise","","Chosen character gets +1 {S} this turn. Draw a card.","Shan-Yu: It looks like you’re out of ideas. Mulan: Not quite!","src/cards/009/actions/096-improvise.i18n.ts","translated"
"set9-097","NMh","ci_BAQ","set9","97","action","Under the Sea","","Sing Together 8 (Any number of your or your teammates' characters with total cost 8 or more may {E} to sing this song for free.)
Put all opposing characters with 2 {S} or less on the bottom of their players' decks in any order.","Such wonderful things surround you","src/cards/009/actions/097-under-the-sea.i18n.ts","translated"
"set9-098","qSX","ci_SBd","set9","98","action","Make the Potion","","Choose one: • Banish chosen item. • Deal 2 damage to chosen damaged character.","","src/cards/009/actions/098-make-the-potion.i18n.ts","translated"
"set9-099","HMM","ci_12N","set9","99","action","Mother Knows Best","","Return chosen character to their player's hand.","One way or another Something will go wrong, I swear","src/cards/009/actions/099-mother-knows-best.i18n.ts","translated"
"set9-100","jDl","ci_jDl","set9","100","item","Family Fishing Pole","","WATCH CLOSELY This item enters play exerted.
THE PERFECT CAST {E}, 1 {I}, Banish this item — Return chosen exerted character of yours to your hand to gain 2 lore.","","src/cards/009/items/100-family-fishing-pole.i18n.ts","translated"
"set9-101","kgf","ci_yKQ","set9","101","item","Signed Contract","","FINE PRINT Whenever an opponent plays a song, you may draw a card.","I would <love> to help you, of course, but there’s the little matter of the contract... —Ursula","src/cards/009/items/101-signed-contract.i18n.ts","translated"
"set9-102","ibf","ci_Of3","set9","102","location","Hidden Cove","Tranquil Haven","REVITALIZING WATERS Characters get +1 {S} and +1 {W} while here.","Flounder, this is perfect! I can’t wait to explore it. —Ariel","src/cards/009/locations/102-hidden-cove-tranquil-haven.i18n.ts","translated"
"set9-103","Kra","ci_KDb","set9","103","character","LeFou","Instigator","FAN THE FLAMES When you play this character, ready chosen character. They can't quest for the rest of this turn.","All a mob needs is a push in the wrong direction.","src/cards/009/characters/103-lefou-instigator.i18n.ts","translated"
"set9-104","Fkl","ci_68m","set9","104","character","Shere Khan","Menacing Predator","DON'T INSULT MY INTELLIGENCE Whenever one of your characters challenges another character, gain 1 lore.","The sixth Rule of Villainy: Keep your mind sharp and your claws sharper.","src/cards/009/characters/104-shere-khan-menacing-predator.i18n.ts","translated"
"set9-105","sli","ci_WFz","set9","105","character","Simba","Scrappy Cub","undefined","He’ll join the hunt for lore after he’s had a quick snack.","src/cards/009/characters/105-simba-scrappy-cub.i18n.ts","translated"
"set9-106","d3j","ci_8fJ","set9","106","character","Maui","Whale","THIS MISSION IS CURSED This character can't ready at the start of your turn.
I GOT YOUR BACK 2 {I} — Ready this character. He can't quest for the rest of this turn.","Always ready to make a splash.","src/cards/009/characters/106-maui-whale.i18n.ts","translated"
"set9-107","bQQ","ci_6BB","set9","107","character","Ariel","Adventurous Collector","Evasive INSPIRING VOICE Whenever you play a song, chosen character of yours gains Evasive until the start of your next turn.","Shipwrecks are great places to find lore—and hide from sharks!","src/cards/009/characters/107-ariel-adventurous-collector.i18n.ts","translated"
"set9-108","wO7","ci_C6t","set9","108","character","Maleficent","Monstrous Dragon","DRAGON FIRE When you play this character, you may banish chosen character.","The ninth Rule of Villainy: When all else fails, turn into a dragon.","src/cards/009/characters/108-maleficent-monstrous-dragon.i18n.ts","translated"
"set9-109","aRw","ci_aRw","set9","109","character","Powerline","Taking the Stage","Singer 4","Goin' to the Powerline concert. Ah! It's unbelievable, man. —P.J. Pete","src/cards/009/characters/109-powerline-taking-the-stage.i18n.ts","translated"
"set9-110","PmB","ci_O1h","set9","110","character","Powerline","World's Greatest Rock Star","Shift 4 {I}
Singer 9
MASH-UP Once during your turn, whenever this character sings a song, look at the top 4 cards of your deck. You may reveal a song card with cost 9 or less and play it for free. Put the rest on the bottom of your deck in any order.","","src/cards/009/characters/110-powerline-worlds-greatest-rock-star.i18n.ts","translated"
"set9-111","7B1","ci_Ka8","set9","111","character","Mickey Mouse","Brave Little Prince","Shift 5 {I}
Evasive
CROWNING ACHIEVEMENT While this character has a card under him, he gets +3 {S}, +3 {W}, and +3 {L}.","","src/cards/009/characters/111-mickey-mouse-brave-little-prince.i18n.ts","translated"
"set9-112","a73","ci_3CP","set9","112","character","Max Goof","Rockin' Teen","Singer 5
I JUST WANNA STAY HOME This character can't move to locations.","","src/cards/009/characters/112-max-goof-rockin-teen.i18n.ts","translated"
"set9-113","rlI","ci_rlI","set9","113","character","Roxanne","Powerline Fan","CONCERT LOVER While you have a character with Singer in play, this character gets +1 {S} and +1 {L}.","","src/cards/009/characters/113-roxanne-powerline-fan.i18n.ts","translated"
"set9-114","Z6l","ci_Z6l","set9","114","character","P.J. Pete","Caught Up in the Music","SHOUT OUT LOUD! Whenever you play a song, this character gets +2 {S} this turn.","He's a real music buff.","src/cards/009/characters/114-pj-pete-caught-up-in-the-music.i18n.ts","translated"
"set9-115","5JP","ci_5JP","set9","115","character","Gaston","Arrogant Hunter","Reckless","It’s not arrogance when you really <are> the best.","src/cards/009/characters/115-gaston-arrogant-hunter.i18n.ts","translated"
"set9-116","t7x","ci_HAc","set9","116","character","Moana","Undeterred Voyager","Evasive","No fire or storm will keep her from her goal.","src/cards/009/characters/116-moana-undeterred-voyager.i18n.ts","translated"
"set9-117","XTx","ci_JGr","set9","117","character","Powerline","Musical Superstar","ELECTRIC MOVE If you've played a song this turn, this character gains Rush this turn. (They can challenge the turn they're played.)","For the first time ever, we’re seeing it eye to eye.","src/cards/009/characters/117-powerline-musical-superstar.i18n.ts","translated"
"set9-118","jYF","ci_rQr","set9","118","character","Sisu","Emboldened Warrior","SURGE OF POWER This character gets +1 {S} for each card in opponents' hands.","Sometimes the only way to fight the unimaginable is with the incredible.","src/cards/009/characters/118-sisu-emboldened-warrior.i18n.ts","translated"
"set9-119","352","ci_zcv","set9","119","character","Sisu","Daring Visitor","Evasive
BRING ON THE HEAT! When you play this character, banish chosen opposing character with 1 {S} or less.","Come on—what's the worst that can happen?","src/cards/009/characters/119-sisu-daring-visitor.i18n.ts","translated"
"set9-120","NWQ","ci_Il0","set9","120","character","Queen of Hearts","Sensing Weakness","Shift 2 {I}
LET THE GAME BEGIN Whenever one of your characters challenges another character, you may draw a card.","","src/cards/009/characters/120-queen-of-hearts-sensing-weakness.i18n.ts","translated"
"set9-121","ZVW","ci_fE7","set9","121","character","Lumiere","Fiery Friend","FERVENT ADDRESS Your other characters get +1 {S}.","The invaders are at our gates, mes amis! It’s time to show them what we’re made of.","src/cards/009/characters/121-lumiere-fiery-friend.i18n.ts","translated"
"set9-122","a6N","ci_lN7","set9","122","character","Card Soldiers","Full Deck","undefined","You’ll have to deal with them sooner or later.","src/cards/009/characters/122-card-soldiers-full-deck.i18n.ts","translated"
"set9-123","sTx","ci_cCq","set9","123","character","Queen of Hearts","Impulsive Ruler","Rush","The glow of lore in the flood caught her eye. The spellbook! she cried. Don’t let it get away!","src/cards/009/characters/123-queen-of-hearts-impulsive-ruler.i18n.ts","translated"
"set9-124","bsy","ci_Su6","set9","124","character","Rapunzel","Letting Down Her Hair","TANGLE When you play this character, each opponent loses 1 lore.","Who are you? And how did you find me?","src/cards/009/characters/124-rapunzel-letting-down-her-hair.i18n.ts","translated"
"set9-125","8DB","ci_Z2S","set9","125","character","Mulan","Injured Soldier","BATTLE WOUND This character enters play with 2 damage.","She’ll never give up.","src/cards/009/characters/125-mulan-injured-soldier.i18n.ts","translated"
"set9-126","1WD","ci_9XN","set9","126","character","Mulan","Elite Archer","Shift 5 {I}
STRAIGHT SHOOTER When you play this character, if you used Shift to play her, she gets +3 {S} this turn.
TRIPLE SHOT During your turn, whenever this character deals damage to another character in a challenge, deal the same amount of damage to up to 2 other chosen characters.","","src/cards/009/characters/126-mulan-elite-archer.i18n.ts","translated"
"set9-127","LyU","ci_DLC","set9","127","character","Raya","Headstrong","NOTE TO SELF, DON'T DIE During your turn, whenever this character banishes another character in a challenge, you may ready this character. If you do, she can't quest for the rest of this turn.","Two parts bravery, one part cleverness, and a whole lot of determination.","src/cards/009/characters/127-raya-headstrong.i18n.ts","translated"
"set9-128","A4G","ci_VLR","set9","128","character","Sergeant Tibbs","Courageous Cat","undefined","Yes, sir. Righto, sir. Right away, sir!","src/cards/009/characters/128-sergeant-tibbs-courageous-cat.i18n.ts","translated"
"set9-129","Egu","ci_j2H","set9","129","character","Tuk Tuk","Lively Partner","Evasive ON A ROLL When you play this character, you may move him and one of your other characters to the same location for free. If you do, the other character gets +2 {S} this turn.","","src/cards/009/characters/129-tuk-tuk-lively-partner.i18n.ts","translated"
"set9-130","C4m","ci_buH","set9","130","action","I2I","","Sing Together 9 (Any number of your or your teammates' characters with total cost 9 or more may {E} to sing this song for free.)
Each player draws 2 cards and gains 2 lore. If 2 or more characters sang this song, ready them. They can't quest for the rest of this turn.","","src/cards/009/actions/130-i2i.i18n.ts","translated"
"set9-131","trN","ci_JGS","set9","131","action","You Can Fly!","","Chosen character gains Evasive until the start of your next turn.","","src/cards/009/actions/131-you-can-fly.i18n.ts","translated"
"set9-132","ek3","ci_rfx","set9","132","action","A Pirate’s Life","","Sing Together 6 (Any number of your or your teammates' characters with total cost 6 or more may {E} to sing this song for free.)
Each opponent loses 2 lore. You gain 2 lore.","Give me a career As a buccaneer","src/cards/009/actions/132-a-pirates-life.i18n.ts","translated"
"set9-133","jJa","ci_th8","set9","133","action","Be King Undisputed","","Each opponent chooses and banishes one of their characters.","Respected, saluted","src/cards/009/actions/133-be-king-undisputed.i18n.ts","translated"
"set9-134","cuz","ci_BIF","set9","134","item","Medallion Weights","","DISCIPLINE AND STRENGTH {E}, 2 {I} — Chosen character gets +2 {S} this turn. Whenever they challenge another character this turn, you may draw a card.","","src/cards/009/items/134-medallion-weights.i18n.ts","translated"
"set9-135","ot7","ci_T7g","set9","135","item","Dinner Bell","","YOU KNOW WHAT HAPPENS {E}, 2 {I} — Draw cards equal to the damage on chosen character of yours, then banish them.","The delicate sound of impending doom.","src/cards/009/items/135-dinner-bell.i18n.ts","translated"
"set9-136","vOZ","ci_Ic5","set9","136","location","Agrabah","Marketplace","undefined","Welcome to Agrabah, city of mystery, of enchantment, and the finest merchandise this side of the river. —Merchant","src/cards/009/locations/136-agrabah-marketplace.i18n.ts","translated"
"set9-137","gn7","ci_0rK","set9","137","character","Anna","True-Hearted","LET ME HELP YOU Whenever this character quests, your other Hero characters get +1 {L} this turn.","Make sure you know what’s truly important and be willing to fight for it.","src/cards/009/characters/137-anna-true-hearted.i18n.ts","translated"
"set9-138","OcX","ci_Qsl","set9","138","character","Huey","Savvy Nephew","Support
THREE NEPHEWS Whenever this character quests, if you have characters named Dewey and Louie in play, you may draw 3 cards.","This looks like part of a larger crystal!","src/cards/009/characters/138-huey-savvy-nephew.i18n.ts","translated"
"set9-139","o52","ci_V2m","set9","139","character","Dewey","Showy Nephew","Support","I got it! I knew I could do it! Dewey for the win!","src/cards/009/characters/139-dewey-showy-nephew.i18n.ts","translated"
"set9-140","DuF","ci_VS6","set9","140","character","Louie","Chill Nephew","Support","Found the last one!","src/cards/009/characters/140-louie-chill-nephew.i18n.ts","translated"
"set9-141","wSb","ci_IoY","set9","141","character","Alice","Accidentally Adrift","WASHED AWAY When you play this character, you may put chosen item into its player's inkwell facedown and exerted.
MAKING WAVES Whenever this character quests, chosen opposing character gets -2 {S} this turn.","","src/cards/009/characters/141-alice-accidentally-adrift.i18n.ts","translated"
"set9-142","EOk","ci_uTh","set9","142","character","Mulan","Considerate Diplomat","IMPERIAL INVITATION Whenever this character quests, look at the top 4 cards of your deck. You may reveal a Princess character card and put it into your hand. Put the rest on the bottom of your deck in any order.","","src/cards/009/characters/142-mulan-considerate-diplomat.i18n.ts","translated"
"set9-143","PDx","ci_J5u","set9","143","character","Cruella De Vil","Style Icon","OUT OF SEASON Once during your turn, whenever a character with cost 2 or less is banished, put the top card of your deck into your inkwell facedown and exerted.
INSULTING REMARK During your turn, each opposing character with cost 2 or less gets -1 {S}.","","src/cards/009/characters/143-cruella-de-vil-style-icon.i18n.ts","translated"
"set9-144","3gO","ci_FBP","set9","144","character","Mufasa","King of the Pride Lands","undefined","A king must care for all of the creatures in his kingdom, no matter their size.","src/cards/009/characters/144-mufasa-king-of-the-pride-lands.i18n.ts","translated"
"set9-145","j65","ci_YdA","set9","145","character","Cruella De Vil","Fashionable Cruiser","NOW GET GOING During your turn, this character gains Evasive. (They can challenge characters with Evasive.)","Isn’t it just gorgeous, darling? And just as stylish as I am.","src/cards/009/characters/145-cruella-de-vil-fashionable-cruiser.i18n.ts","translated"
"set9-146","Sfr","ci_fSd","set9","146","character","Anna","Braving the Storm","I WAS BORN READY While you have another Hero character in play, this character gets +1 {L}.","After talking to Olaf, Anna marched into the unexpected storm to save Kristoff.","src/cards/009/characters/146-anna-braving-the-storm.i18n.ts","translated"
"set9-147","rR9","ci_nWw","set9","147","character","Flounder","Voice of Reason","undefined","Excitement. . . adventure. . . danger lurking around every cor— AAAAAGGH!","src/cards/009/characters/147-flounder-voice-of-reason.i18n.ts","translated"
"set9-148","q1c","ci_nNC","set9","148","character","Hans","Noble Scoundrel","ROYAL SCHEMES When you play this character, if a Princess or Queen character is in play, gain 1 lore.","Hans was confident he could bring Anna to Ursula—all he needed was something of Kristoff's to lure her in.","src/cards/009/characters/148-hans-noble-scoundrel.i18n.ts","translated"
"set9-149","3QA","ci_h2q","set9","149","character","The Queen","Mirror Seeker","CALCULATING AND VAIN Whenever this character quests, you may look at the top 3 cards of your deck and put them back in any order.","She has only one question, and she’d better like the answer.","src/cards/009/characters/149-the-queen-mirror-seeker.i18n.ts","translated"
"set9-150","g6g","ci_KJO","set9","150","character","Grand Pabbie","Oldest and Wisest","ANCIENT INSIGHT Whenever you remove 1 or more damage from one of your characters, gain 2 lore.","When he talks, even the sky listens.","src/cards/009/characters/150-grand-pabbie-oldest-and-wisest.i18n.ts","translated"
"set9-151","69M","ci_nzC","set9","151","character","Hades","Infernal Schemer","IS THERE A DOWNSIDE TO THIS? When you play this character, you may put chosen opposing character into their player's inkwell facedown.","He's gotta have a weakness, because everybody's got a weakness.","src/cards/009/characters/151-hades-infernal-schemer.i18n.ts","translated"
"set9-152","KUK","ci_Ul4","set9","152","character","Mama Odie","Mystical Maven","THIS GOING TO BE GOOD Whenever you play a song, you may put the top card of your deck into your inkwell facedown and exerted.","You dig a little deeper, you’ll find everything you need.","src/cards/009/characters/152-mama-odie-mystical-maven.i18n.ts","translated"
"set9-153","HnN","ci_mSW","set9","153","character","Aurora","Dreaming Guardian","Shift 3 {I}
PROTECTIVE EMBRACE Your other characters gain Ward.","As the princess slumbered, her power awoke.","src/cards/009/characters/153-aurora-dreaming-guardian.i18n.ts","translated"
"set9-154","z67","ci_FEs","set9","154","character","Aurora","Tranquil Princess","Ward","Her music fills the Illuminary’s gardens with joy and light.","src/cards/009/characters/154-aurora-tranquil-princess.i18n.ts","translated"
"set9-155","2JR","ci_OtD","set9","155","character","Jasmine","Heir of Agrabah","I'M A FAST LEARNER When you play this character, remove up to 1 damage from chosen character of yours.","She may be young, but she’s got the spirit of a true leader.","src/cards/009/characters/155-jasmine-heir-of-agrabah.i18n.ts","translated"
"set9-156","LVg","ci_xtR","set9","156","character","Belle","Inventive Engineer","TINKER Whenever this character quests, you pay 1 {I} less for the next item you play this turn.","A little ingenuity and a lot of heart will take you far in this world.","src/cards/009/characters/156-belle-inventive-engineer.i18n.ts","translated"
"set9-157","5eQ","ci_pT4","set9","157","character","Judy Hopps","Optimistic Officer","DON'T CALL ME CUTE When you play this character, you may banish chosen item. If you do, its player draws a card.","I’ll get to the bottom of what happened with the locked lorebook. You can count on me!","src/cards/009/characters/157-judy-hopps-optimistic-officer.i18n.ts","translated"
"set9-158","foq","ci_31G","set9","158","character","Maid Marian","Delightful Dreamer","HIGHBORN LADY When you play this character, chosen character gets -2 {S} this turn.","She makes every space more beautiful.","src/cards/009/characters/158-maid-marian-delightful-dreamer.i18n.ts","translated"
"set9-159","TEc","ci_nqc","set9","159","character","Winnie the Pooh","Having a Think","HUNNY POT Whenever this character quests, you may put a card from your hand into your inkwell facedown.","When he thought, he thought in the most thoughtful way he could think.","src/cards/009/characters/159-winnie-the-pooh-having-a-think.i18n.ts","translated"
"set9-160","rQq","ci_Gej","set9","160","character","Alice","Growing Girl","GOOD ADVICE Your other characters gain Support. (Whenever they quest, you may add their {S} to another chosen character's {S} this turn.)
WHAT DID I DO? While this character has 10 {S} or more, she gets +4 {L}.","","src/cards/009/characters/160-alice-growing-girl.i18n.ts","translated"
"set9-161","dci","ci_LLH","set9","161","character","Aurora","Regal Princess","undefined","They say if you dream a thing more than once, it's sure to come true!","src/cards/009/characters/161-aurora-regal-princess.i18n.ts","translated"
"set9-162","8qZ","ci_h2F","set9","162","character","Robin Hood","Unrivaled Archer","FEED THE POOR When you play this character, if an opponent has more cards in their hand than you, you may draw a card.
GOOD SHOT During your turn, this character gains Evasive. (They can challenge characters with Evasive.)","We never rob. We just sort of borrow a bit from those who can afford it.","src/cards/009/characters/162-robin-hood-unrivaled-archer.i18n.ts","translated"
"set9-163","aFG","ci_w1L","set9","163","action","Develop Your Brain","","Look at the top 2 cards of your deck. Put one into your hand and the other on the bottom of your deck.","Knowledge, wisdom—there’s the <real> power! —Merlin","src/cards/009/actions/163-develop-your-brain.i18n.ts","translated"
"set9-164","jY8","ci_jY8","set9","164","action","Four Dozen Eggs","","Your characters gain Resist +2 until the start of your next turn.","","src/cards/009/actions/164-four-dozen-eggs.i18n.ts","translated"
"set9-165","YfD","ci_0Iz","set9","165","action","One Jump Ahead","","Put the top card of your deck into your inkwell facedown and exerted.","Gotta eat to live, gotta steal to eat— Tell you all about it when I got the time","src/cards/009/actions/165-one-jump-ahead.i18n.ts","translated"
"set9-166","PkI","ci_VM4","set9","166","action","Dig a Little Deeper","","Sing Together 8 (Any number of your or your teammates' characters with total cost 8 or more may {E} to sing this song for free.) Look at the top 7 cards of your deck. Put 2 into your hand and the rest on the bottom of your deck in any order.","","src/cards/009/actions/166-dig-a-little-deeper.i18n.ts","translated"
"set9-167","ZnD","ci_RAl","set9","167","item","Aurelian Gyrosensor","","SEEKING KNOWLEDGE Whenever one of your characters quests, you may look at the top card of your deck. Put it on either the top or the bottom of your deck.","It can point you toward lost lore, but if you’re not careful, it’ll lead you off a cliff. —Venturo, an Illumineer","src/cards/009/items/167-aurelian-gyrosensor.i18n.ts","translated"
"set9-168","EMW","ci_bK7","set9","168","item","Heart of Te Fiti","","CREATE LIFE {E}, 2 {I} — Put the top card of your deck into your inkwell facedown and exerted.","It takes a pure heart to calm the raging storm within.","src/cards/009/items/168-heart-of-te-fiti.i18n.ts","translated"
"set9-169","WES","ci_eG9","set9","169","item","Coconut Basket","","CONSIDER THE COCONUT Whenever you play a character, you may remove up to 2 damage from chosen character.","The coconut is a versatile gift from the gods, used to make nearly everything—including baskets to carry more coconuts.","src/cards/009/items/169-coconut-basket.i18n.ts","translated"
"set9-170","WTS","ci_foY","set9","170","location","Motunui","Island Paradise","REINCARNATION Whenever a character is banished while here, you may put that card into your inkwell facedown and exerted.","","src/cards/009/locations/170-motunui-island-paradise.i18n.ts","translated"
"set9-171","T4Y","ci_C1p","set9","171","character","Philoctetes","No-Nonsense Instructor","YOU GOTTA STAY FOCUSED Your Hero characters gain Challenger +1. (They get +1 {S} while challenging.)
SHAMELESS PROMOTER Whenever you play a Hero character, gain 1 lore.","","src/cards/009/characters/171-philoctetes-no-nonsense-instructor.i18n.ts","translated"
"set9-172","KtJ","ci_gBS","set9","172","character","Mickey Mouse","Trumpeter","SOUND THE CALL {E}, 2 {I} — Play a character for free.","","src/cards/009/characters/172-mickey-mouse-trumpeter.i18n.ts","translated"
"set9-173","XTr","ci_XTr","set9","173","character","Nala","Undaunted Lioness","DETERMINED DIVERSION While this character has no damage, she gets +1 {L} and gains Resist +1.","","src/cards/009/characters/173-nala-undaunted-lioness.i18n.ts","translated"
"set9-174","T3q","ci_sRi","set9","174","character","Lilo","Best Explorer Ever","COME ON, PEOPLE, LET'S MOVE When you play this character, your other characters gain Challenger +2 this turn (They get +2 {S} while challenging.)
GO GET 'EM Whenever this character quests, chosen Alien character gains Challenger +2 and ""This character can challenge ready characters"" this turn.","","src/cards/009/characters/174-lilo-best-explorer-ever.i18n.ts","translated"
"set9-175","zKN","ci_rq5","set9","175","character","Scar","Finally King","BE GRATEFUL Your Ally characters get +1 {S}.
STICK WITH ME At the end of your turn, if this character is exerted, you may draw cards equal to the {S} of chosen Ally character of yours. If you do, choose and discard 2 cards and banish that character.","","src/cards/009/characters/175-scar-finally-king.i18n.ts","translated"
"set9-176","2JD","ci_2JD","set9","176","character","Little John","Sir Reginald","WHAT A BEAUTIFUL BRAWL! When you play this character, choose one:
- Chosen Hero character gains Resist +2 this turn.
- Deal 2 damage to chosen Villain character.","","src/cards/009/characters/176-little-john-sir-reginald.i18n.ts","translated"
"set9-177","zw8","ci_HOf","set9","177","character","Robin Hood","Champion of Sherwood","Shift 3 {I}
SKILLED COMBATANT During your turn, whenever this character banishes another character in a challenge, gain 2 lore.
THE GOOD OF OTHERS When this character is banished in a challenge, you may draw a card.","","src/cards/009/characters/177-robin-hood-champion-of-sherwood.i18n.ts","translated"
"set9-178","3rs","ci_TLB","set9","178","character","Jasmine","Fearless Princess","TAKE THE LEAP During your turn, this character gains Evasive. (They can challenge characters with Evasive.)
NOW'S MY CHANCE Choose and discard a card — This character gains Challenger +3 this turn. (They get +3 {S} while challenging.)","","src/cards/009/characters/178-jasmine-fearless-princess.i18n.ts","translated"
"set9-179","hYV","ci_ni7","set9","179","character","Tiana","Diligent Waitress","undefined","<My> place is going to be special, with great food to fill people’s bellies and hot jazz to feed their souls!","src/cards/009/characters/179-tiana-diligent-waitress.i18n.ts","translated"
"set9-180","14a","ci_pfZ","set9","180","character","Benja","Guardian of the Dragon Gem","WE HAVE A CHOICE When you play this character, you may banish chosen item.","Don’t mistake spirit for skill.","src/cards/009/characters/180-benja-guardian-of-the-dragon-gem.i18n.ts","translated"
"set9-181","ItI","ci_9gw","set9","181","character","Jafar","Royal Vizier","I DON'T TRUST HIM, SIRE During your turn, this character gains Evasive. (They can challenge characters with Evasive.)","Soon you’ll learn who holds the <real> power!","src/cards/009/characters/181-jafar-royal-vizier.i18n.ts","translated"
"set9-182","ZD1","ci_DSe","set9","182","character","Prince Naveen","Penniless Royal","undefined","All he's got is his charm.","src/cards/009/characters/182-prince-naveen-penniless-royal.i18n.ts","translated"
"set9-183","YXu","ci_n7U","set9","183","character","Eeyore","Overstuffed Donkey","Resist +1","Not much of a roadblock, but I suppose I’ll do.","src/cards/009/characters/183-eeyore-overstuffed-donkey.i18n.ts","translated"
"set9-184","Puv","ci_Puv","set9","184","character","Robin Hood","Capable Fighter","SKIRMISH {E} — Deal 1 damage to chosen character.","Capable? You don’t know the half of it. —Little John","src/cards/009/characters/184-robin-hood-capable-fighter.i18n.ts","translated"
"set9-185","iCA","ci_7BU","set9","185","character","Mickey Mouse","Standard Bearer","STAND STRONG When you play this character, chosen character gains Challenger +2 this turn. (They get +2 {S} while challenging.)","He sets the standard for intrepid adventurers everywhere.","src/cards/009/characters/185-mickey-mouse-standard-bearer.i18n.ts","translated"
"set9-186","ZQh","ci_ZfB","set9","186","character","Hercules","Beloved Hero","Bodyguard
Resist +1","","src/cards/009/characters/186-hercules-beloved-hero.i18n.ts","translated"
"set9-187","0u8","ci_HIY","set9","187","character","Lawrence","Jealous Manservant","PAYBACK While this character has no damage, he gets +4 {S}.","In this new world, the crown could finally be his.","src/cards/009/characters/187-lawrence-jealous-manservant.i18n.ts","translated"
"set9-188","eSY","ci_6gQ","set9","188","character","Tinker Bell","Giant Fairy","Shift 4 {I}
ROCK THE BOAT When you play this character, deal 1 damage to each opposing character.
PUNY PIRATE! During your turn, whenever this character banishes another character in a challenge, you may deal 2 damage to chosen opposing character.","","src/cards/009/characters/188-tinker-bell-giant-fairy.i18n.ts","translated"
"set9-189","TT5","ci_Itn","set9","189","character","Tinker Bell","Tiny Tactician","BATTLE PLANS {E} — Draw a card, then choose and discard a card.","Sometimes all you need is a little tactical genius.","src/cards/009/characters/189-tinker-bell-tiny-tactician.i18n.ts","translated"
"set9-190","RmQ","ci_0AT","set9","190","character","Captain Hook","Captain of the Jolly Roger","DOUBLE THE POWDER! When you play this character, you may return an action card named Fire the Cannons! from your discard to your hand.","A pretty sight, Mr. Smee. We’ll pot ’em like sitting ducks.","src/cards/009/characters/190-captain-hook-captain-of-the-jolly-roger.i18n.ts","translated"
"set9-191","mEB","ci_0p0","set9","191","character","Hercules","True Hero","Bodyguard","You gotta admit, that was pretty heroic.","src/cards/009/characters/191-hercules-true-hero.i18n.ts","translated"
"set9-192","Mum","ci_Mum","set9","192","character","John Silver","Greedy Treasure Seeker","CHART YOUR OWN COURSE For each location you have in play, this character gains Resist +1 and gets +1 {L}.","The eighth Rule of Villainy: Don't underestimate the power of a bad reputation.","src/cards/009/characters/192-john-silver-greedy-treasure-seeker.i18n.ts","translated"
"set9-193","Rr1","ci_8Te","set9","193","character","Li Shang","Imperial Captain","undefined","Immovable as a mountain and fierce as a dragon—the Empire's finest warrior.","src/cards/009/characters/193-li-shang-imperial-captain.i18n.ts","translated"
"set9-194","0Em","ci_Zf7","set9","194","character","Prince Eric","Dashing and Brave","Challenger +2 (While challenging, this character gets +2 {S}).","I lost her once! I'm not gonna lose her again!","src/cards/009/characters/194-prince-eric-dashing-and-brave.i18n.ts","translated"
"set9-195","5mA","ci_8ZB","set9","195","character","Ariel","Sonic Warrior","Shift 4 {I}
AMPLIFIED VOICE Whenever you play a song, you may pay 2 {I} to deal 3 damage to chosen character.","","src/cards/009/characters/195-ariel-sonic-warrior.i18n.ts","translated"
"set9-196","xm0","ci_uu8","set9","196","character","Ariel","Determined Mermaid","I WANT MORE Whenever you play a song, you may draw a card, then choose and discard a card.","Everything she’s ever wanted is almost in reach.","src/cards/009/characters/196-ariel-determined-mermaid.i18n.ts","translated"
"set9-197","N3C","ci_qmz","set9","197","action","One Last Hope","","Chosen character gains Resist +2 until the start of your next turn. If a Hero character is chosen, they can also challenge ready characters this turn.","","src/cards/009/actions/197-one-last-hope.i18n.ts","translated"
"set9-198","H3h","ci_0iV","set9","198","action","Smash","","Deal 3 damage to chosen character.","Go away!","src/cards/009/actions/198-smash.i18n.ts","translated"
"set9-199","jXV","ci_lHK","set9","199","action","I Find ’Em, I Flatten ’Em","","Banish all items.","I don’t ask how hard the work is Got a rough, indestructible surface","src/cards/009/actions/199-i-find-em-i-flatten-em.i18n.ts","translated"
"set9-200","K1w","ci_Ots","set9","200","action","Fire the Cannons!","","Deal 2 damage to chosen character.","Captain Hook: Double the powder and shorten the fuse! Mr. Smee: Shorten the powder and double the fuse!","src/cards/009/actions/200-fire-the-cannons.i18n.ts","translated"
"set9-201","fbj","ci_s73","set9","201","action","Strength of a Raging Fire","","Deal damage to chosen character equal to the number of characters you have in play.","Tranquil as a forest But on fire within","src/cards/009/actions/201-strength-of-a-raging-fire.i18n.ts","translated"
"set9-202","oMf","ci_f4c","set9","202","action","The Mob Song","","Sing Together 10 (Any number of your or your teammates' characters with total cost 10 or more may {E} to sing this song for free.)
Deal 3 damage to up to 3 chosen characters and/or locations.","","src/cards/009/actions/202-the-mob-song.i18n.ts","translated"
"set9-203","6mG","ci_j5a","set9","203","item","Beast’s Mirror","","\Show Me\ {E}, 3 {I} — If you have no cards in your hand, draw a card.","Ashamed of his monstrous form, the Beast concealed himself inside his castle, with a magic mirror as his only window to the outside world.","src/cards/009/items/203-beasts-mirror.i18n.ts","translated"
"set9-204","X29","ci_jZZ","set9","204","location","Maui's Place of Exile","Hidden Island","ISOLATED Characters gain Resist +1 while here.","Nothing but boulders and sand—easy to miss.","src/cards/009/locations/204-mauis-place-of-exile-hidden-island.i18n.ts","translated"
"set9-205-epic","gfc","ci_nPF","set9","205","character","The Queen","Conceited Ruler","Support
ROYAL SUMMONS At the start of your turn, you may choose and discard a Princess or Queen character card to return a character card from your discard to your hand.","","src/cards/009/characters/205-the-queen-conceited-ruler-epic.i18n.ts","translated"
"set9-206-epic","FFk","ci_qjl","set9","206","character","Aurora","Holding Court","ROYAL WELCOME Whenever this character quests, you pay 1 {I} less for the next Princess or Queen character you play this turn.","The other princesses were especially happy to attend her long-awaited celebration.","src/cards/009/characters/206-aurora-holding-court-epic.i18n.ts","translated"
"set9-207-epic","EvJ","ci_xxV","set9","207","character","Stitch","Alien Dancer","undefined","Moving to the music, he begins to understand the true meaning of ohana and how he fits into the family he has found.","src/cards/009/characters/207-stitch-alien-dancer-epic.i18n.ts","translated"
"set9-208-epic","gms","ci_1J4","set9","208","character","Ursula","Sea Witch","YOU'RE TOO LATE Whenever this character quests, chosen opposing character can't ready at the start of their next turn.","The secret contract has already been written.","src/cards/009/characters/208-ursula-sea-witch-epic.i18n.ts","translated"
"set9-209-epic","dcF","ci_AlR","set9","209","character","Kuzco","Wanted Llama","OK, WHERE AM I? When this character is banished, you may draw a card.","So there I was. Perfectly in control of the situation.","src/cards/009/characters/209-kuzco-wanted-llama-epic.i18n.ts","translated"
"set9-210-epic","2yq","ci_77P","set9","210","character","Elsa","Snow Queen","FREEZE {E} — Exert chosen opposing character.","Recreated by magical ink, Elsa found herself in an entirely new world. Fortunately, ice works the same way everywhere.","src/cards/009/characters/210-elsa-snow-queen-epic.i18n.ts","translated"
"set9-211-epic","JwT","ci_uui","set9","211","character","Goofy","Set for Adventure","FAMILY VACATION Once during your turn, whenever this character moves to a location, you may move one of your other characters to that location for free. If you do, draw a card.","","src/cards/009/characters/211-goofy-set-for-adventure-epic.i18n.ts","translated"
"set9-212-epic","NhN","ci_Sj7","set9","212","character","Pegasus","Gift for Hercules","Evasive","His name is Pegasus. And he’s all yours.... —Zeus","src/cards/009/characters/212-pegasus-gift-for-hercules-epic.i18n.ts","translated"
"set9-213-epic","an9","ci_h90","set9","213","action","Stand Out","","Chosen character gets +3 {S} and gains Evasive until the start of your next turn.","","src/cards/009/actions/213-stand-out-epic.i18n.ts","translated"
"set9-214-epic","Swu","ci_3CP","set9","214","character","Max Goof","Rockin' Teen","Singer 5
I JUST WANNA STAY HOME This character can't move to locations.","","src/cards/009/characters/214-max-goof-rockin-teen-epic.i18n.ts","translated"
"set9-215-epic","TXj","ci_JGr","set9","215","character","Powerline","Musical Superstar","ELECTRIC MOVE If you've played a song this turn, this character gains Rush this turn. (They can challenge the turn they're played.)","For the first time ever, we’re seeing it eye to eye.","src/cards/009/characters/215-powerline-musical-superstar-epic.i18n.ts","translated"
"set9-216-epic","1lp","ci_th8","set9","216","action","Be King Undisputed","","Each opponent chooses and banishes one of their characters.","Respected, saluted","src/cards/009/actions/216-be-king-undisputed-epic.i18n.ts","translated"
"set9-217-epic","I1p","ci_IoY","set9","217","character","Alice","Accidentally Adrift","WASHED AWAY When you play this character, you may put chosen item into its player's inkwell facedown and exerted.
MAKING WAVES Whenever this character quests, chosen opposing character gets -2 {S} this turn.","","src/cards/009/characters/217-alice-accidentally-adrift-epic.i18n.ts","translated"
"set9-218-epic","ngx","ci_fSd","set9","218","character","Anna","Braving the Storm","I WAS BORN READY While you have another Hero character in play, this character gets +1 {L}.","After talking to Olaf, Anna marched into the unexpected storm to save Kristoff.","src/cards/009/characters/218-anna-braving-the-storm-epic.i18n.ts","translated"
"set9-219-epic","HRY","ci_h2q","set9","219","character","The Queen","Mirror Seeker","CALCULATING AND VAIN Whenever this character quests, you may look at the top 3 cards of your deck and put them back in any order.","She has only one question, and she’d better like the answer.","src/cards/009/characters/219-the-queen-mirror-seeker-epic.i18n.ts","translated"
"set9-220-epic","JQ0","ci_Puv","set9","220","character","Robin Hood","Capable Fighter","SKIRMISH {E} — Deal 1 damage to chosen character.","Capable? You don’t know the half of it. —Little John","src/cards/009/characters/220-robin-hood-capable-fighter-epic.i18n.ts","translated"
"set9-221-epic","Q7d","ci_7BU","set9","221","character","Mickey Mouse","Standard Bearer","STAND STRONG When you play this character, chosen character gains Challenger +2 this turn. (They get +2 {S} while challenging.)","He sets the standard for intrepid adventurers everywhere.","src/cards/009/characters/221-mickey-mouse-standard-bearer-epic.i18n.ts","translated"
"set9-222-epic","lFV","ci_qmz","set9","222","action","One Last Hope","","Chosen character gains Resist +2 until the start of your next turn. If a Hero character is chosen, they can also challenge ready characters this turn.","","src/cards/009/actions/222-one-last-hope-epic.i18n.ts","translated"
"set9-223-enchanted","o1w","ci_4Yx","set9","223","character","Pongo","Determined Father","TWILIGHT BARK Once during your turn, you may pay 2 {I} to reveal the top card of your deck. If it's a character card, put it into your hand. Otherwise, put it on the bottom of your deck.","","src/cards/009/characters/223-pongo-determined-father-enchanted.i18n.ts","translated"
"set9-224-enchanted","2Ve","ci_TjB","set9","224","character","Beast","Gracious Prince","FULL DANCE CARD Your Princess characters get +1 {S} and +1 {W}.","","src/cards/009/characters/224-beast-gracious-prince-enchanted.i18n.ts","translated"
"set9-225-enchanted","1LV","ci_gzm","set9","225","action","Circle of Life","","Sing Together 8 (Any number of your or your teammates' characters with total cost 8 or more may {E} to sing this song for free.) Play a character from your discard for free.","","src/cards/009/actions/225-circle-of-life-enchanted.i18n.ts","translated"
"set9-226-enchanted","5yU","ci_4lK","set9","226","character","Belle","Accomplished Mystic","Shift 3 {I}
ENHANCED HEALING When you play this character, move up to 3 damage counters from chosen character to chosen opposing character.","","src/cards/009/characters/226-belle-accomplished-mystic-enchanted.i18n.ts","translated"
"set9-227-enchanted","Lqq","ci_ITi","set9","227","character","Winnie the Pooh","Hunny Wizard","undefined","","src/cards/009/characters/227-winnie-the-pooh-hunny-wizard-enchanted.i18n.ts","translated"
"set9-228-enchanted","ZwA","ci_hTe","set9","228","character","Dumbo","Ninth Wonder of the Universe","Evasive
BREAKING RECORDS {E}, 1 {I} — Draw a card and gain 1 lore.
MAKING HISTORY Your other characters with Evasive gain ""{E}, 1 {I} — Draw a card and gain 1 lore.""","","src/cards/009/characters/228-dumbo-ninth-wonder-of-the-universe-enchanted.i18n.ts","translated"
"set9-229-enchanted","yah","ci_jXl","set9","229","character","Genie","Of the Lamp","Evasive
LET'S MAKE SOME MAGIC While this character is exerted, your other characters get +2 {S}.","","src/cards/009/characters/229-genie-of-the-lamp-enchanted.i18n.ts","translated"
"set9-230-enchanted","1mS","ci_DrO","set9","230","character","Max Goof","Chart Topper","Shift 4 {I}
NUMBER ONE HIT Whenever this character quests, you may play a song card with cost 4 or less from your discard for free, then put it on the bottom of your deck instead of into your discard.","","src/cards/009/characters/230-max-goof-chart-topper-enchanted.i18n.ts","translated"
"set9-231-enchanted","MCo","ci_5sX","set9","231","character","Mickey Mouse","Steamboat Pilot","undefined","","src/cards/009/characters/231-mickey-mouse-steamboat-pilot-enchanted.i18n.ts","translated"
"set9-232-enchanted","7hh","ci_6BB","set9","232","character","Ariel","Adventurous Collector","Evasive INSPIRING VOICE Whenever you play a song, chosen character of yours gains Evasive until the start of your next turn.","","src/cards/009/characters/232-ariel-adventurous-collector-enchanted.i18n.ts","translated"
"set9-233-enchanted","TxL","ci_O1h","set9","233","character","Powerline","World's Greatest Rock Star","Shift 4 {I}
Singer 9
MASH-UP Once during your turn, whenever this character sings a song, look at the top 4 cards of your deck. You may reveal a song card with cost 9 or less and play it for free. Put the rest on the bottom of your deck in any order.","","src/cards/009/characters/233-powerline-worlds-greatest-rock-star-enchanted.i18n.ts","translated"
"set9-234-enchanted","vZz","ci_buH","set9","234","action","I2I","","Sing Together 9 (Any number of your or your teammates' characters with total cost 9 or more may {E} to sing this song for free.)
Each player draws 2 cards and gains 2 lore. If 2 or more characters sang this song, ready them. They can't quest for the rest of this turn.","","src/cards/009/actions/234-i2i-enchanted.i18n.ts","translated"
"set9-235-enchanted","sil","ci_uTh","set9","235","character","Mulan","Considerate Diplomat","IMPERIAL INVITATION Whenever this character quests, look at the top 4 cards of your deck. You may reveal a Princess character card and put it into your hand. Put the rest on the bottom of your deck in any order.","","src/cards/009/characters/235-mulan-considerate-diplomat-enchanted.i18n.ts","translated"
"set9-236-enchanted","GWh","ci_J5u","set9","236","character","Cruella De Vil","Style Icon","OUT OF SEASON Once during your turn, whenever a character with cost 2 or less is banished, put the top card of your deck into your inkwell facedown and exerted.
INSULTING REMARK During your turn, each opposing character with cost 2 or less gets -1 {S}.","","src/cards/009/characters/236-cruella-de-vil-style-icon-enchanted.i18n.ts","translated"
"set9-237-enchanted","tFw","ci_nzC","set9","237","character","Hades","Infernal Schemer","IS THERE A DOWNSIDE TO THIS? When you play this character, you may put chosen opposing character into their player's inkwell facedown.","","src/cards/009/characters/237-hades-infernal-schemer-enchanted.i18n.ts","translated"
"set9-238-enchanted","AlB","ci_sRi","set9","238","character","Lilo","Best Explorer Ever","COME ON, PEOPLE, LET'S MOVE When you play this character, your other characters gain Challenger +2 this turn (They get +2 {S} while challenging.)
GO GET 'EM Whenever this character quests, chosen Alien character gains Challenger +2 and ""This character can challenge ready characters"" this turn.","","src/cards/009/characters/238-lilo-best-explorer-ever-enchanted.i18n.ts","translated"
"set9-239-enchanted","Am5","ci_rq5","set9","239","character","Scar","Finally King","BE GRATEFUL Your Ally characters get +1 {S}.
STICK WITH ME At the end of your turn, if this character is exerted, you may draw cards equal to the {S} of chosen Ally character of yours. If you do, choose and discard 2 cards and banish that character.","","src/cards/009/characters/239-scar-finally-king-enchanted.i18n.ts","translated"
"set9-240-enchanted","eiK","ci_TLB","set9","240","character","Jasmine","Fearless Princess","TAKE THE LEAP During your turn, this character gains Evasive. (They can challenge characters with Evasive.)
NOW'S MY CHANCE Choose and discard a card — This character gains Challenger +3 this turn. (They get +3 {S} while challenging.)","","src/cards/009/characters/240-jasmine-fearless-princess-enchanted.i18n.ts","translated"
"set9-241-iconic","pX4","ci_f4y","set9","241","character","Minnie Mouse","Sweetheart Princess","ROYAL FAVOR Your characters named Mickey Mouse gain Support. (Whenever they quest, you may add their {S} to another chosen character's {S} this turn.)
BYE BYE, NOW Whenever this character quests, you may banish chosen exerted character with 5 {S} or more.","","src/cards/009/characters/241-minnie-mouse-sweetheart-princess-iconic.i18n.ts","translated"
"set9-242-iconic","N3q","ci_Ka8","set9","242","character","Mickey Mouse","Brave Little Prince","Shift 5 {I}
Evasive
CROWNING ACHIEVEMENT While this character has a card under him, he gets +3 {S}, +3 {W}, and +3 {L}.","","src/cards/009/characters/242-mickey-mouse-brave-little-prince-iconic.i18n.ts","translated"
"set9-c2-001-challenge","P6C","ci_Sj7","set9-c2","1","character","Pegasus","Gift for Hercules","Evasive","","src/cards/009/characters/c2-001-pegasus-gift-for-hercules-challenge.i18n.ts","translated"
"set9-c2-005-challenge","uKF","ci_Sj7","set9-c2","5","character","Pegasus","Gift for Hercules","Evasive","","src/cards/009/characters/c2-005-pegasus-gift-for-hercules-challenge.i18n.ts","translated"
"set9-p3-001-promo","rie","ci_Lu3","set9-p3","1","character","Dumbo","The Flying Elephant","Evasive
AERIAL DUO When you play this character, chosen character gains Evasive until the start of your next turn.","","src/cards/009/characters/p3-001-dumbo-the-flying-elephant-promo.i18n.ts","translated"
"set9-p3-002-promo","zun","ci_IoY","set9-p3","2","character","Alice","Accidentally Adrift","WASHED AWAY When you play this character, you may put chosen item into its player's inkwell facedown and exerted.
MAKING WAVES Whenever this character quests, chosen opposing character gets -2 {S} this turn.","","src/cards/009/characters/p3-002-alice-accidentally-adrift-promo.i18n.ts","translated"
"set9-p3-003-challenge","Gp0","ci_nPF","set9-p3","3","character","The Queen","Conceited Ruler","Support
ROYAL SUMMONS At the start of your turn, you may choose and discard a Princess or Queen character card to return a character card from your discard to your hand.","","src/cards/009/characters/p3-003-the-queen-conceited-ruler-challenge.i18n.ts","translated"
"set9-p3-004-challenge","Btk","ci_C6t","set9-p3","4","character","Maleficent","Monstrous Dragon","DRAGON FIRE When you play this character, you may banish chosen character.","","src/cards/009/characters/p3-004-maleficent-monstrous-dragon-challenge.i18n.ts","translated"
"set9-p3-005-challenge","9Jj","ci_C6t","set9-p3","5","character","Maleficent","Monstrous Dragon","DRAGON FIRE When you play this character, you may banish chosen character.","","src/cards/009/characters/p3-005-maleficent-monstrous-dragon-challenge.i18n.ts","translated"
"set9-p3-007-challenge","ZoJ","ci_8Dp","set9-p3","7","character","Cursed Merfolk","Ursula's Handiwork","POOR SOULS Whenever this character is challenged, each opponent chooses and discards a card.","","src/cards/009/characters/p3-007-cursed-merfolk-ursulas-handiwork-challenge.i18n.ts","translated"
"set9-p3-008-challenge","Krz","ci_s73","set9-p3","8","action","Strength of a Raging Fire","","Deal damage to chosen character equal to the number of characters you have in play.","","src/cards/009/actions/p3-008-strength-of-a-raging-fire-challenge.i18n.ts","translated"
"set9-p3-009-challenge","Qcd","ci_zcv","set9-p3","9","character","Sisu","Daring Visitor","Evasive
BRING ON THE HEAT! When you play this character, banish chosen opposing character with 1 {S} or less.","","src/cards/009/characters/p3-009-sisu-daring-visitor-challenge.i18n.ts","translated"
"set9-p3-011-promo","Ogs","ci_6gQ","set9-p3","11","character","Tinker Bell","Giant Fairy","Shift 4 {I}
ROCK THE BOAT When you play this character, deal 1 damage to each opposing character.
PUNY PIRATE! During your turn, whenever this character banishes another character in a challenge, you may deal 2 damage to chosen opposing character.","","src/cards/009/characters/p3-011-tinker-bell-giant-fairy-promo.i18n.ts","translated"
"set9-p3-012-promo","xE1","ci_h2q","set9-p3","12","character","The Queen","Mirror Seeker","CALCULATING AND VAIN Whenever this character quests, you may look at the top 3 cards of your deck and put them back in any order.","","src/cards/009/characters/p3-012-the-queen-mirror-seeker-promo.i18n.ts","translated"
"set9-p3-039-promo","UEJ","ci_uui","set9-p3","39","character","Goofy","Set for Adventure","FAMILY VACATION Once during your turn, whenever this character moves to a location, you may move one of your other characters to that location for free. If you do, draw a card.","","src/cards/009/characters/p3-039-goofy-set-for-adventure-promo.i18n.ts","translated"
"set9-p3-040-promo","RgE","ci_TjB","set9-p3","40","character","Beast","Gracious Prince","FULL DANCE CARD Your Princess characters get +1 {S} and +1 {W}.","","src/cards/009/characters/p3-040-beast-gracious-prince-promo.i18n.ts","translated"
